description,unit
far off distance including hire charges of scaffolding cost and conveyance of all labour and materials at site of work complete. North & south side of main door of canteen,
Labour charges for dismantalling the damaged brick masonary with cement mortor and disposing the same to far off distance including hire charges of scaffolding cost and conveyance of all labour and materials at site of work complete,
"supply & fixing weld mesh partition 3""x1"" with 25x25x5mm thick angle all round and verticals and 25x5mm thick flats 4no's horizentals including welding fabrica tion and fixing with necessary primary coat and two coats of enamel paint etc cost and conveyance of all labour and materials at site ofg work complete. North & south side of main door of canteen",
"Providing and laying plain cement concrete 1:2:4 pro.(1cement 2sand:4metal)using 20 mm guage hard granite hand broken metal including machine mixing,deposing in position,ramming finishing curing including all incidental opaerational and cost and conveyanec of all labour and material at site of work complete as directed by the Engineer-in Charge Bed blocks",
"Bricks masonary with brick for any thickness of walls in C.M 1:8pro.(1cement:8sand)including soaking of brick all incidental, operational, scaffolding,curing chargecost and conveyance of all labour and material at site of work complete as directed by the Engineer-in-charge (ground floor upto a height of 12'0"" above basement level) For base of wall",
"Plastering 20 mm thick in CM1:5 pro.(1cement:5sand) finishing including cleaning the surface cost of curing , scaffoiding,lift,all incidenatal and operational charges cost and conveyance of all labour and material at site of work complete as dorected by the Engineer-in-charge. For Base All Round",
Transporation of excavated soil and filling the same in tha low mtrs.over inicial lead of 10 mtrs including cost and conveyance of all labour and material at site of work complete as directed by the Engineer-in-charge. Man Mazdoor,
"Labour charges for welding the hold fast to column rods including hire chareges of welding machine, cable and cost of welding rods scaffolding cost and convey ance of all labour and materials at site of work of complete. For sides of columns",
"Structural repairs to the RCC to surface to arrest leakages duly chipping with pneumatic poer chiselling equipment and until to achieve the hard mother concrete surface. Duly removing of debries cleaning of the surface from dirt and other foreign maters & water jet claening ,applying acrylic based bonding adhesive (Mix 1:1 ratui if cenebt)agent of FOSROC make,appling high strengh cement concrete flooring of 50mm thick average with C.C.1:1.5:3 pro using 12 mm down graded HGMC metal mixing with Concrete plsticizers and mixing, depositing, finishing in line,level and required slope including curring scaffolding arrangements, cost of construction chemicals, all incidental, operational, cost and conveyance of all labor and materials at site of work complete. Beam Column Add GST @ 18% Particulars",
"Labour charges for removing the old Enamel paint and cleaning the surface including hire charges of electrial cleaning machine,scaffolding, cost and conveyance of all labour and materials at site of work complete. Principal chamber Dining room Deduction patician wall",
"Whiting two coats to celling including cost of gum,gunjee water labour charges for thoroughlyl brushing the surface remove all dirt and remains of loose powdered materials including putty cost and conveyance of all labor and materials at site of work complete. Principal chamber Dining room Beam portion",
"Painting with interier emlusion paint two coats to walls with one coat primer, total three coats, approved make colour and quality including labour charges for thorougly brudshing the surface to remove all dirt and reamians of loose powered materials including putty cost and conveyance of all labor and materials and incidental such as scaffolding, lift charges etc., complete for finishing item of work as directed by the Engineer-in-charge. Principal chamber Dining room End walls",
Painting to walls with synthetic enamel paint in two coats of approved quality and colour in including cleaning the surface cost and conveyance of all labour and materials at site of work complete. Principal chamber Dining room middle wall End walls,
Painting to wood work with synthetic enamel paint in two coats of approved quality and colour in including cleaning the surface cost and conveyance of all labour and materials at site of work complete. For main door and dinning room door Add at 0.1% NAC Add GST at 18% Particulars,
"Removing of damaged brick masonary cement morter and stacking the useful materials for reuse and disposig the debris to a far off distance,all incidental and operational charges,cost and conveyance of all labour and materials at site of work complete as directed by the Engineer- in - charge.(above 3.66 mts) Parapet wall Above windows Kitchen side",
"Removing of damaged rein forced cement concrete and disposing the debris to a far off distance, all incidental and operational charges cost and conveyance of all labour and materials at site of work com plete as directed by the Engineer-in-charges. Slab pillars Slab Sunshed Wash bashin slab Lintels",
"Brick masonary with n2nd class bricks having a minimum crushing any thickness of wall in CM 1:8 (1cement:8sand) including soaking of bricks all incidental and operational.scaffolding,lift, curing charges cost and conveyance of all labour and materials at site of work com plete as directed by the Engineer-in-charges.(above 3.66 mts) Over slab north side of canteen Cross walls Deduct Wash hand area Deduct jally",
"Cement plastering to wall in CM 1:5prop(1cement:5sand)of 20 mm thick including cleaning the surface,cost of curing,scaffolding,lift,all incidental and operationalcharges cost and conveyance of all labour and materials at site of work complete as directed by the E-IN-Charge inside north side canteen Wash hand area Top of walls Side top South side Column top",
"Cement plastering to walls in CM 1:5 prop(1cement:5sand) of 12 mm thick including cleaning the surface,cost of curing,scaffolding,lift,all incidenta,and operational charges,cost and conveyance of all labour and materials at site of work complete as directed by the E-IN-C Out side of long walls Cross walls Wash hand area",
"Providing and laying plain cement concrete 1:2:4prop(1cement:2sand: 4metal)using 20mm gauge hard granite machine crushed metal conforming to IS 383-1970 for BED of flooring including machine mixing, disposing in position,ramming,finishing,curing including all incidental oprational and charges cost and conveyance of all labour and materials at site of work complete as directed by the E-IN-C For rafter purlin Ends Column portion Water tank base",
"Providing rein forced cement concrete using 330 kgs of cement with a minimum strenght of M20 grade using 20mm gauge hard granite machine mixing,centering,laying concrete,compacting vibrating rendering,fine finishing,curing,conforming to IS 456-1978 including all incidental,operational,scaffolding and charges cost and conveyance of all labour and materials at site of work complete as directed by the Engineer-in-charges. Lintel over urinals",
"Suply,fabrication and errection of rafters 3.65mts.lenght using structural steel box sections of YST 210 grade conforming to IS 4923 1997 of size 200x100x4.00mm@18.01kg/M as per design and drawing and painting all structural members with red oxide paint including cost of bolts,nuts,screws,washers etc..,including cost and conveyance of all materials and labour, at site of work complete the Engineer-in-charges. Over walls rafter",
"Supply, fabrication and erraction of purlins made with MS box type section of size 72x72x3.20mm at 6.71kg/1Rm including cost of end plant trasporation charges hire charges of T&P including charges cost and conveyance of all labour and materials at site of work complete as directed by the Engineer-In-Charge. purlins",
"Supply & fixing of prepainted galvalume trapezoidal profile roofing sheets with 0.50mm thickness,coating :Alu Zink coating AZ 150 GSM tensile strenght :550 MPA. Paint coating : regular midified polyster painting. Planting thickness(top):18 to 20 microns,(buttom):5 to 7 microns. Sheet width -1020mts., length: maximum 12 mts with regular range colours including scaffolding charges ,cost and conveyance of all labour and materials at site of work complete as directed by the Engineer-In-Charge For dismantled portion of roof in daining hall and hand wash room",
"Transporation of dismantled material to for away from site including loading, unloading cost and conveyance of all labour and material at site of work complete as directed by the Engineer-In-Charge. a) Up to 150 mts head load dinning hall to out side b) Up to 5 Km",
"Color washing two coats to walls of approved colour and quality including cost of gum,salt,gunji and water,labour charges for and cleaning the surface and dirt with soap and brushes including putty cost, cost and conveyance of all labour and material at site of work complete as directed by the Engineer-In-Charge. South side wall sides wall Over beam Wash room",
"Supply and placing of sand bags for preventing damages to the floor and polished Kadapa slab dining seats during the dismantling / removing the slab including cost of sand empty bags and placing the bags on the floor and kadapa slab seating etc.,including cost and conveyance of all labour and material at site of work complete as directed by the Engineer-In-Charge. Over canteen floor and dining seats",
"supply and fabrication of tor steel of Visakha/Tata steel /sail/Tirupathi TMT or any other ISI marked or ISO approved makes including cutting bending tying grills as per design,cost of binding wire,loading,unloading Transportation to the site of work including cost and conveyance of all labour and material at site of work complete as directed by the Engineer -In- Charge. Lintel qty",
"cutting the slab roads by Electrical cutting machine and removing the loose concrete including hire charges of Electrical cutting machine, Transporatation Electrical cable and cutting blade etc.., cost and conveyance of all labour and materials at site of work complete as directed by the Engineer-In-Charge. South & north side of canteen Short walls Wash hand area Lintels",
"Hire Charges for engaging excavator for earth work excavation/ removing of heaps/ debries and disposing the debries to far away from the site, including cost and conveyance of all labour and material, oil charges, transportation charges etc.., complete as directed by the Engineer-In-Charge. For movement of vehicle",
Cutting of column rods by weilding machine including hire charges of weilding machine and cables scafloding and cables cost of weilding rods cost and conveyance of all labour and material at site of work complete. Over slab,
"Structural repairs to the Ceiling of RCC Slab duly chipping with pneumatic power chiselling equipment and until to achieve the hard mother concrete, cleaning the surface, cleaning of steel reinforcement with sand paper and Iron brushes for removing of rust, applying Anti corrosive paint of FOSROC make, applying Bonding agent of FOSROC make, strengthening the ceiling with C.C.1:1.5:3 Pro using 6mm down graded HGMC metal 40mm thick average thickness using construction chemicals and redoing the ceiling with cement plastering 12mm thick in C.M 1:3 & 1:5 Pro with neat finish, including curing, scaffolding arrangements at different places, cost of construction chemicals, all incidental, operational, seigniorage charges, cost and conveyance of all labour and materials at site of work complete.(G.F) Alround beams inside Hand wash basin area Outside",
Labour charges for removing & refixing polyethiline water storage tank with necessary pipe lines and connections excluding cost of fittings etc. cost and conveyance of all labour and materials at site of work complete as directed by the Engineer-in-Charge. Over dinning hall,
Supply & fixing of following CPVC pipes / specials to meet the requirement of ASTM - D 2846 and are produced in CTS (Copper tube sizes) Ashirvad flow guard SDR 13.50 pipes are made from idential CPVC compounds having the same physical properties for hot & cold water (IS 15778 - 2007) including cost and conveyance of all labour and materials at site of work complete as directed. A) 22.20 mm OD cpvc pipe SDR 13.5 For wash basin 22.20 mm dia CPVC Elbow 22.20 mm dia CPVC 'T' 22.20 mm dia CPVC coupler 22.20 mm to 15.20 mm dia CPVC reducer 1/2'' dia ss extention nipple 22.20 mm CPVC FTA threded 3/4''x 1/2'' dia brass reducer 3/4''x 1/2'' dia brass reducer Elbow 28.60 mm OD CPVC pipe 13.5 28.60 mm OD CPVC Elbow 28.60 mm OD CPVC 'T' 28.60 mm OD CPVC coupler 28.60 mm to 22.20 mm dia CPVC reducer CPVC 1'' dia 28.60 mm dia tank nipple 28.60 mm dia Ball valve Particulars,
"Earth work excavation in all kind of soils wet or dry such as clay hard clay, black cotton soil, red earth, moorum,gravel etc., in loose and slushy condition except rock requiring blasting for fondation of walls and column footings including bailing out of water (pumping out water if necessary)with necessary site clearence, marking out temporary steping, slopping, shoring strutting ,sectioning, tamping as directed with an initial lead of 10m and lift of 2m complete as directed by the engineer-in-Charge. Both sides of pits",
Removing of damaged reinforced cement concrete and disposing the debris it a for off distance all incidental and operational charges cost and conveyance of all labour and materials at site of work complete as diercted by the Engineer-In-Charge. lintels over lights pits,
"Removing of damaged CC with power drilling machine and cleaning the dismantled materials for away from site including hire charges of drilling machine,T&P cost and conveyance of all labour and materials at site of work complete as directed by the Engineer In Charge. More than 150 mm thickness Base inside pit 150mm top sides pits Top end of the pits For sides",
Removing of damaged RR masonary in cement mortor and stacking useful material for reuse and disposing the debris to a for off distance all incidental and oprational charges cost and conveyance of all labour and materials at site of work complete as directed by the Engineer In Charge Long walls End walls,
Removing of damaged brick masonary in cement mortor and stacking useful material for reuse and disposing the debris to a for off distance all incidental and oprational charges cost and conveyance of all labour and materials at site of work complete as directed by the Engineer In Charge Sides,
"Supply & filling of sand including watering,compacting all incidental and operational charges,cost and conveyance of all labour and materials at site of work complete as directed by the Engineer-In- charge Under pcc End of pits Sides of pits",
"Providing and laying plain cement concrete 1:3:6 prop.(1cement:3 sand:6metal)using 40 mm guage hard granite machine crushed metal conforming to IS 383-1970 in foundation and for BED of flooring including machine mixing,disposing in position,ramming,finishing, curing including all incidental operational and cost and conveyance of all labour and materials at site of work complete as directed by the Engineer In Charge. For bed in pit Top sides",
"Providing reinforced cement condrete 1:1 1/2:3 pro (1cement:1 1/2 sand:3metal) using 70% of 20mm gauge hard granite machine crushed metal including labour charges for machine mixing,centering laying concrete,compacting,vibrating,rendaring,fine finishing,curing, conforming to IS 456-1978 including all incidental A) for pit base B) for walls Sides ends Light point C) Lintels D)Sides beams",
"Providing and laying pain cement concrete 1:2:4 prop. Using 20mm hard granite machine crushed metal for bed of flooring including Machine mixing depositing in position ramming, vibration curing all incidental and operational charges cost and conveyance of all labour and materials at site of work complete as directed by the Engineer-In-Charge. (a) For Steps b)End of pits screening on base",
"proving impervious plastering to inspection pit in CM1:3 prop (1cement:3sand)of 20 mm thick including cost of impervious compou- nd and labour charges for applyingcement slurry to the sureface before plastering cleaning the surface,cost and conveyance of all labour and materials at site of work complete as directed by the Engineer-in-Charge For Base For Long Walls For Short Walls For steps For Lights pits",
"proving plastering to inspection pit in CM1:4 prop (1cement:4sand)of 20 mm thick including cost and labour charges for applyingcement slurry to the sureface before plastering cleaning the surface,cost and conveyance of all labour and materials at site of work complete as directed by the Engineer-in-Charge Sides",
"Supply and fabrication errection of MS angle of size 50x50x6mm for fixing at edge of steps,including transportation charges,hire charges of T&P,cost and conveyance of all labour and materials at site of work complete as directed by the Engineer-In-Charge For steps",
"Supply and fabrication of tor steel of vishaka/Tata steel/Thirupathi TMT or any ISI marked or ISO approved makes including cutting,bending, tying grills as per design,cost of binding wires,loading and transporta- tion the site of work including cost and conveyance of all labour and materials at site of work complete as directed by the Engineer-In- Charge. For lintel and Wall and base",
Transportation of dismantled makes to dutao of 5km away from site including loading in loading cost and conveyance of all labour and materials at site of work complete. a) transportation by head load upto 150 mt b)Tranporation upto 5km,
Supply of FOSROCK chemical as bonding ajent for concrete including trasportation of materials to the site of work cost and conveyance of all labour and materials at site of work complete Complast XL,
"Providing and laying of 3mm thick APP modified bitumen membrane treatment to the duly cleaning the surface from dirt, dust and other contaminations and application of one coat of bitumen primer, providing and laying 3mm thick APP modified bitumen membrane with 100 mm over lap margin and fixing with bitumen torch etc., complete as ditected by the Engineer-In-charge. (Make Dr.Fixit Torch shield/Asian and APP). Inspection pit bottom Walls Lights points Add seignorage charges Particulars",
"Engaging of mechanical excavator including cost and conveyance of all labour and materials at site of work complete as directed by Engineer-In-Charge. For site clearence,cutting of trees and approch",
"supplying and stocking 40mm. Guage IRC hand broken hard granite metal brought from approved quarry including stacking to departmental guage for premesurements,all incidental operational charges, cost and conveyance of all labour and materials at site of work complete as dorected by the Engineer in-charge Near hostel bore East & west side of exsiting bore well near hotel blocks",
"supplying and stocking 20mm. Guage IRC hand broken hard granite metal brought from approved quarry including stacking to departmental guage for premesurements,all incidental operational charges, cost and conveyance of all labour and materials at site of work complete as dorected by the Engineer in-charge Near hostel bore East & west side of exsiting bore well near hotel blocks",
"Supply and stacking sand brought from approved quarry including stacking to departmental guage for premesurements, all inciden tal operational charges,cost and conveyance of all labour and o materials at site of work coplete as directed by the Enginee - in-charge Near hostel bore East & west side of exsiting bore well near hotel blocks",
"Providing solid block brick masonary CM1:6 pro. (1cement:6sand) superstructure including curing and all incidental operational scaffolding and lift charges, cost and conveyance of all labour and material at site of work complete as directed by the Enginee r - in- charge. For pipe suports Near hostel bore East & west side of exsiting bore well near hotel blocks",
Labour for filling sand & metal including hire charges of tools cost and conveyance of all labour and materials at site of work complete as directed by the Ingineer-In-Charge. For inkudu gunthalu,
Supply and fixing following PVC pipe & fitting approved make including cost and conveyance of all labour and materials at site of work complete. B)160mm dia 'L' Add Seigniorage charges Particulars,
Labour charges for removing the damaged pvc 4'' pipe including hire charges of tools cost stacking the useful materials cost and conveyance of all labour and materials at site of work complete Behind toilet,
Labour charges for removing the damaged GI pipe including hire charges of tools cost stacking the useful materials cost and conveyance of all labour and materials at site of work complete a)3/4'' dia GI pipe on side toilet b)1'' dia GI pipe on side tiolet,
Supply and fixing PVC pluming pipe and acessories of approved make including cost and conveyance of all labour and materials at site of work complete. a)1'' dia PVC plumbing pipe gents toilet supervisor toilet ladies toilet near water tank out side toilet west side south side b) 1'' dia PVC 'L' gents toilet supervisor toilet ladies toilet Near water tank c)1'' dia PVC 'T' gents toilet supervisor toilet ladies toilet Near water tank d) 1''x1/2'' dia PVC brass 'L' gents toilet supervisor toilet ladies toilet Ball vall e)1''x1/2'' dia PVC brass 'T' gents toilet f)1''x1/2'' dia PVC brass FTA gents toilet supervisor toilet ladies toilet g)1'' dia PVC couypling Near water tank h)1'' dia GI clamp@ with nail gents toilet supervisor toilet ladies toilet Near water tank i)Holes in brick masonary and Finishing the same gents toilet supervisor toilet ladies toilet j) Polo 1/2'' long body taps gents toilet supervisor toilet ladies toilet k) PVC 1'' dia valve ball,
Labour charges for removing and refixing of urinals bowl& including hire charges of tools cost and conveyance of all labour and materials at site of work complete. On gents toilet,
Supply and fixing 38.10 mm dia PVC solid waste pipe out at cost and conveyance of all labour and materials at site of work complete. On gents toilet,
Supply and fixing 12.70 mm dia PVC cannection with brass union nut cp coated conveyance of all labour and materials at site of work complete. On gents toilet,
Supply and fixing PVC angle value polo make cost and conveyance of all labour of all labour and materials at site of work complete. Supervisor toilet Gents toilet,
Labour charges for removing and refixing 2000 litters sintex including hire charges of tools cost and conveyance of all and labour and materials at site of work complete. East side of toilet,
Labour charges for cleaning the manhole chamber including cost including hire charges of tools cost and conveyance of all and labour and materials at site of work complete. For toilet to septic tank,
Refilling of excavated soils as for standard including hire charges tools cost and conveyance of all labour and materials at site of work complete.,
"Supply and fixing 110 mm dia 4kg/cm2 pvc pipe including,cost and conveyance of all labour and material at site of work complete.",
Supply and fixing napaw stone wash bashin 2' x 1 1/2' size including waste coupling and solid waste pipe cost and conveyance of all labour and materials at site of work complete. Particulars,
Labour charges for cleaning the NIGHT SOIL chambers including cost of phenyle and tools cost and conveyance of all labour and materials at site of work complete Ladies toilet chambers at open site,
Labour charges for dismantalling the damaged R.R masonary with cement mortor and disposing the same to far off distance including hire charges of scaffolding cost and conveyance of all labour and materials at site of work labour and materials at site of work West side of site,
Labour charges for removing the old damaged SWR pipes including hire charges of scaffolding cost and conveyance of all labour and materials at site of work complete. South side wall of abondend ladies toilet,
Labour charges for removing the damaged RCC jallies and disposing tha same to far off distance including hire charges of scaffolding cost and conveyance of all labour and materials at site of work complete. East side wall,
"supply and filling of sand in foundation,basement and sides of foundation in 150mm thick layers complying with standard specification including watering consolidation ,cost and conveyance of all labour and material at site of work complete as directed by the engineer-in charge Long walls Short wall West side wall For pipe line In basement",
"Providing and laying plain cement concrete 1:5:10 pro.(1cement 5sand:10metal)using 40mm guage hard granite hand broken metal confirming in to IS 383-1970 in foundation and for bed of flooring including machine mixing,deposing in position,rammi- ng,finishing curing including all incidental opaerational and cost and conveyanec of all labour and material at site of work complete as directed by the Engineer-in Charge Long walls Short wall West side wall Flooring concrete Deduct wall",
Labour charges for chisselling the damaged brick masonary with cement mortor and disposing the same to far off distance including hire charges of scaffolding cost and conveyance of all labour and materials at site of work complete For old walls For pipe line,
Labour charges for making the hole brick masonary with cement mortor and disposing the same to far off distance including hire charges of scaffolding cost and conveyance of all labour and materials at site of work complete For toilets and bathroom,
"Rein forced brick masonary with bricks having a minimum crushing strenght of 35kg/sq.cm.as per IS1077-1976 in CM 1:4 pro.(1cement:4sand)in superstructure for 4 1/2""thick walls with 6mm dia.M.S rounds at every third layer including soaking of bricks,curing and all incidental operational, scaffolding and lift charges, cost and conveyance of all labour and material at site of work complete as directed by the Engineer-in- charge (excluding cost if steel binding wire and its fabrication) Long walls Short wall Deduction doors",
"Providing reinforecd cement concrete 1:2:4pro.(1cement:2sand :4metal) with a minimum strenght of M15 grade and crushing strenght of 150kg/sq.cm. with 20mm guage hard granite machin crushed metal including labour charge for machine mixing, centering, laying concrete,compacting,vibrating,rendering,fine finishing,curing confirming to IS 456-1978 including all inciden- denta,operational, scaffolding and cost and conveyance of all labour and material at site of work complete(excluding cost of stell,binding wire and its fabrication) with designed Tor steel reinforcement as directed by the Engineer-in-charge. Plinth beam Long wall Short wall Lintels Over both toilet door Over main door",
"Supply and fabrication of tor steel Fe 415 of Visakha / Tata steel/ Sail / Tirupathi TMT or any other ISI marked or ISO approved makes including cutting, bending, tying grills as per design, cost of binding wire, loading, unloading and transportation to the site of work including cost and conveyance of all labour and materials at site of work complete as directed by the Engineer-in-Charge. For plinth beam For lintels",
"Providing and Laying plain cement concrete 1:2:4 Pro. (1 cement:2sand:4metal) using 20mm gauge hard granite machine crushed metal including machine mixing, depositing in position, ramming, finishing, curing including all incidental operational and cost and conveyance of all labour and materials at site of work complete as directed by the Engineer-in-Charge. For purlin pipes For doors",
Labour charges for chipping the damaged plastered surface including scaffolding disposing the debris for off distance hire charges of tools cost and conveyance of all labour and materials at site of work complete. North and south wall,
"Providing Plastering to walls in C.M1:5 pro. (1cement:5sand) 3/4"" or 20mm thick including fine finishing rendering smoothe- ning the surface with cement, curing, all incidental and opera- tional cost and conveyance of all labour and materials at site of work complete as directed by the Engineer-in-charge. East and West wall below plinth beam west side middle long walls North and south walls Shorth walls Top surface of walls",
"Providing Plastering to walls in C.M1:5 pro. (1cement:5sand) 1/2"" or 12 mm thick including fine finishing rendering smoothe- ning the surface with cement, curing, all incidental and opera- tional cost and conveyance of all labour and materials at site of work complete as directed by the Engineer-in-charge. North and south walls Middle wall Short wall Deduction doors",
"Supply and laying ceramic Tiles of best quality of approved make size 300x300 mm of 7.3 mm thick of 1st quality having uniform colour and texture for flooring se in CM (1:3) prop. 12mm thick plastering and cement sabera putty & pointed with white cement and colouring pigments,all incidental , operational charges cost and conveyance of all labour and materials at site of work complete. For Toilets and both flooring",
"Supply of Double charged/multi chargaed statin free full body porcelain vitrified tiles with double layer pigment of size 600 X 600 mm and thickness between 8-10 mm and 1st quality having uniform colour of approved make and texture conforming to IS 13711, IS 13712, IS 13630 (Part 1 to 15) any colour and finish in all shades & first quality make for FLOORING set in C.M 1 : 5 Pro. (1cement : 5 sand) 20mm thick and laid with line and level using cement slurry at 3.30 kgs per square metre of area and pointing the joints with white cement mixed with coloured pigment to match with colour of tile including cost of all materials, labour charges, lead charges, seigniorage charges, incidental and operational charges, curing and celaning etc., at site of work complete as directed by the Engineer-in-chage. East side of toilets",
"Supplying and laying ceramic tiles of best quality having uniform colour of approved make and texture first class of sizes NOT LESS THAN300x300x7.3mm thick for skirting set in CM (1:3) pro. (1cement:3sand) of 12mm thick including neet cement slurry of with white cement paste to full depth mixed with pigment of maching shaded all leeds and lifts all incidental, operational charges, curring, mixing, seigniorage cost and conveyance of all labour and materials at site of work complete as directed by the Engineer-In-Charge. East side open area walls Walls Passege walls between Toilet and bath Inside toilet and bath Deduction doors",
"SUPLY & FIXING or equivalent SINGLE SIDE PRELAM SOLID PANEL PVC DOOR FRAME (CHOUKHAT) Providing and fixing factory made Pac single side Prelam door frame of the size 50X47 mm with a wall thickness of 5mm, made out of extruded 5mm rigid Pac single side prelam sheet, meter cut at two corners and joined with 2nos. of 150mm long brackets of 1515mm MS. Square tube. The two vertical door profiles are to be reinforced with 19X19mm MS. square tube of 19 gauge. The door frame shall be fixed to the wall using 65/100mm long MS. Screws through the frame using Pac fasteners a minimum 4nos. of screws to be provided for each vertical member and minimum 2nos. for horizontal member etc., including seigniorage charges, cost and conveyance of all labour and materials at site of work complete as per manufacture specification and direction of Engineer-in-Charge. Frame toilet and bath room",
"Providing & fixing 30mm thick BRAND FACTORY MADE BOTH SIDE PRELAM SOLID PANEL PVC DOOR SHUTTER consisting of frame made out of 19gauge MS tube of 19mmX19mm for stiles, top and bottom rail, MS. Frame shall have a coat of steel primer so approved make and manufacture. MS. Frame covered with 5mm thick heat moulded Prelam Pac 'C' channel of size 30mm thickness, 70mm width out of which 50mm shall be flat and 20mm shall beta pered in 450 angle on either side for min gstiles: and 5mm thick,95mm wide PrelamP ac sheet out of which 75mm shall be flat and 20mm shall beta pered in 450 on the inner side to form top and bottom rail 115mm wide PrelamPac sheet out of which 75mm shall beflat and 20mm shall be tapered on both sides to form lock rail. Top, bottom and lock rail shall be provided either side of the panel. 10mm (5mmX2) thick, 20mm wide cross Pac sheet shall be provided as gap insert for to top to bottom rail. Panelling of 5mm thick both side Prelam Pac sheet to be fitted in the MS. Frame welded/sealed to the stiles & rails with 7mm (5mm+2mm) thick X15mm wide Pac sheet beading on inner side, and joined to gether with solvent cement adhesive etc. an additional 5mm thick Pac strip of 20mm width is to best uck on the interior side of the 'C' channel using Pacsolvent Cement adhesive etc. Complete as per direction of Engineer-in-charge, manufacture specification and drawing. Bath and toilet shutters",
"Supply and fixing of 6mm AC sheets (Charminar/Vishaka) for roofing including cost of 'J' - bolts, cost of washers, nuts, cost and conveyance of all labour, materials all incidental such as scaffolding, lift charges for finished item of work as directed by the Engineer-in-Charge.",
"Supply and fixing weld mesh of pichi 3''x1'' with welding in frame 35x35x5mm thick alround and middle vertical and MS Flat of size 25x6mm middle horizental including fabrication and fixing and welding to side columns, one coat of red oxide and two coats of enamel paint scaffolding cost and conveyance of all labour and materials at site of work complete For toilets",
"Supply and fixing of 88.90mm x 4.00 mm ODMS pipe at 8.36 kgs/1RM for purline, including cutting, welding, fabrication, fixing in position, scaffolding charges, hire charges of T&P, one coat of red oxide and two coats of enamel paint cost and conveyance of all labour and materials at site of work complete as directed by the Engineer-in-charge. For AC sheet roofs",
"Whiting two coats to ceiling including cost of gum, gunjee water labour charges for thoroughly brushing the surface to remove all dirt and remains of loose powdered materials including putty, cost and conveyance of all labour, materials and incidental such as scaffolding, lift charges, all taxes such as finished item of work as directed by the Engineer-in-Charge. For AC sheet ceilling",
"Construction of binding wall in brick masonry in CM 1:6 Prop.to a thickness of 1' 1/2"" X 0' 9"" and cement plastering to sides in CM 1:6 Prop. 1/2"" thick including scaffolding, lift charges, seigniorage charges including cost and conveyance of all labour and materials at site work complete as directed by the Engineer-in-Charge. Over Ac sheet",
"Providing plain Cement Concrete (1:2:4) using 330 kgs of cement with a minimum strength of M20 grade using 20mm gauge hard granite machine crushed metal including labour charges for machine mixing, centering, laying concrete, compacting, vibrating, rendering, fine finishing, curing, conforming to IS 456-1978 including all incidental, operational, scaffolding and seigniorage charges, cost and conveyance of all materials and labour, at site of work complete as directed by the Engineer-in-Charge. For drain",
"Painting with interior emulsion paint two coats to walls with approved colour and quality including labour charges for thoroughly brushing the surface to remove all dirt and remains of loose powdered materials including putty cost and conveyance of all labour, materials and incidental such as scaffolding, lift charges etc., complete for finished item of work as directed by the Engineer-in-Charge. For long walls Middle wall West side wall East side wall both and toilets",
"Painting with extreial emulsion paint two coats to walls with approved colour and quality including labour charges for thoroughly brushing the surface to remove all dirt and remains of loose powdered materials including putty cost and conveyance of all labour, materials and incidental such as scaffolding, lift charges etc., complete for finished item of work as directed by the Engineer-in-Charge. West side wall East side wall Binding wall",
"Supply & fixing of GI sheet rain water gutter of 'U' shape with 0.40mm thick 120GSM GI sheet including labour charges for wrought and put up fixing in position scaffolding, cost of rivetts and nuts hire charges of T&P including cost and conveyance of all labour and materials at site of work complete as directed by the Engineer-in-Charge. For AC Sheet Toilet",
"Transportation of excavated earth and debris material to a distance of 5.00 Km. away from site including loading, unloading cost and cnveyance of all labour and materials at site of work complete as directed by the Engineer-in-Charge. As per item (6)",
"Supply & fixing of 28.60 mm dia Ball valve including cost of gum etc., including cost and conveyance of all labour and materials at site of work complete as directed. For toilets",
"Supply, fixing of following PVC/SWR pipes of approved make and specials including labour charges for fixing as per standard practice including cost and conveyance of all labour and materials at site of work complete as directed by the Engineer-in-charge. For toilets and bath 110 mm dia PVC /SWR pipe 4kgf/cm2 110 mm dia PVC 'T' 110 mm dia PVC 'L' 110 mm dia PVC 'Coupler' 110 mm dia PVC vent cowl 110 mm dia GI clamps 75 mm dia PVS/SWR pipe 75 mm dia PVS 'T' 75 mm dia PVS 'L' 75 mm dia PVS coupler 75 mm dia vent cowl 75 mm dia GI clamps 4'' dia Nahani trap with CP jalli",
Supply and fixing 12.07 mm NP bib tap indian make havy duty including cost and conveyance of all labour and materials at site of work complete. For toilets and both,
"Supply and fixing european water closet of first quality hindustan/nycer or parrywere make glazed with 'P' trap with plastic cover, PVC flush tank 10 lts capacity including 12.70 mm PVC conector 12.70 mm NP angle stop card cost and conveyance of all labour at site of work complete. For toilets",
Supply and fixing of bib cock cum health faucet with one meter tub and wall hook of jaguar continental series chrome finishing with 7 years warranty including cost and conveyance of all labour and materials at site of work complete. For toilets,
"Supply and fixing indian make flat back wall hand basine first quality with waste fixing like rubber plug, chine,32 mm nominal size C.P.fitting with parallei pipe thread and fitted with 15 mm nominal bore chromium plated pillar trap of 1 qulity indian make 400 grams seiko/senior/nice/ esso or equivalent complete including 12.70 mm PVC conector,12.70 mm angle stop cock,13.70 mm PVC flexible waste water pipe and equivalent wit standard CI brackets including wooden blocks 550 x 400 mm cost and conveyance of all labour and materials at site of work complete. For toilets",
Supply and fixing 19.04 mm dia & 609.6 mm long aluminium anodized towel rod with brackets and aluminium screws including cost and cinveyance of all labour and material at site of work complete. For toilets and bath,
supply and fixing NP soap dish heavy type with NP screw including cost and conveyance of all labour and materials at site of work complete. Fro toilet and bath room,
Supply and fixing of PV shape mirror with plastic frame of size 609.60 mm into 457.20 mm including cost and conveyance of all labour and materials at site of work complete. For toilets and bath room,
Providing 4'-0'' dia leach pit for 6'-0'' ht using R.C.C pre casting of 4'-0'' dia 6 no's and providing R.C.C precast covers 110 mm dia SWR vent pipe for 10'-0'' length including earth work excavation cost of trasportation of rings and cover to the site grouing the joints with cement mortar and fixing the sides of the pit with exavated soil cost of rope and other materials and T & P required cost and conveyance of all labour and materials and all incidental operational hire charges like mixing cement mortar curing etc… complete as finished item of work. For toilets,
"Construction of 450x450 mm inspection chamber upto 904.00 mm hite with brick masonary to CM 1:6 pro. With R.C.C cover of 75 mm thick including exavation P.C.C 1:5:10, 100 mm thick using 40 mm gauge HBG metal P.C.C 1:2:4 for benching and chamber 50 mm thick ,plastering 20 mm thick in CM 1:3 pro and 12 mm thick CM 1:3 pro,curing,steel cost and conveyance of all labour and materials at site of work complete. For toilets",
Supply and fixing the fallowing fixers including cost and coveyance of all labour and materials at site of work complete. For toilets doors A) Alluminium handle 150 mm long B) Aluminium tower bolts 200 mm long C)Aluminium all drop 300 mm long D) Aluminium hinges 100 mm long Nellore Dist. Particulars,
"Providing and laying of mechanically mixed unreinforced plain cement concrete pavement 200 / 150mm thick over a prepared (IS 12269) Cement for one Cubic Meter Cement Concrete quantity. The course and fine aggregate shall confriming to IS 383.The CC shall be laid in panels upto size 3.50M x 3.50M in line and level or slope, using admixture of approved quality at 0.50% by weight of cement. The Cement concrete shall be laid along approved fixed side steel form work, laying of seperation membrane of 125 micron thick polythene film between concrete slab and sub base duly fixing the membrane using wedges & steel plates and leveling the form work, machine mixing, spreading the concrete, compacted with needle plate and screed board vibrators for fine finishing to even surface and making grooves of 6mm x 50mm by using concrete joint cutting machine for intial & final cuts for Transverse / Contraction,racking the joints, applying debonding strips and providing departmental premoulded filler mastic pads of 12.70mm thick for a depth of 137.50mm for expansion joints for every 31.50mts distance and rounding off edges for transverse / Cntraction & Expansion joints after filling the joints with bitumen sealent along with bitumen primer as approved by the site incharge and using air compressor before and laying membnrace and after laying concrete and curing for 14 days including cost of all material including jute ropes etc. cost of all incidental, hire and operational charges of al machinery, cost of fuel, heating charges and tools & plants, seigniorage charges, cost for form work, cost of water for curing and concrete laying etc., complete as directed by the Engineer-in-charge. East - Northen side of garage In frent of garage",
"Providing, laying,spreding and compacting of stone crusher dust finer than 3.00 mm (0.075 seive passing < 10%) including spreding of the dust irrespective of the thicknees,laying in uniform thickness on well prepared surface and compacting with hand roller rolling as directed by Engineer-In-Charge all incidental operational, hire charges and crew charges of hand roller cost and conveyance of all labour and materials at site of work complete for finishe item of work as directed East - Northen side of garage Near drain",
"Removing of damaged plain cement concrete up to 150 mm thick and disposing the debris to a far off distance, all incidental and operational charges, cost and conveyance of all labour and materials at site of work complete as directed by the Engineer-in-Charge. Ditches east and north side",
"Providing, laying,spreading and compacting graded HBG Crushed stone aggregate Wet Mix Macadam specification(5th Revision)as for Table 400-13 including premixing the material with water at OMC in mechanical mix palnt garrage of mixied materials by thipper to site,laying in from layers with paver in sub-base/base course on well prepared surface and compacting with vibratory roller of 8-10m capacity to achive the desired dencity as for MORTH specification 406(5th revision)for finished item of work.(As for item no RBR SBBS-11,slno.10 of B of AP.Revised standared deta for roads and bridges). In frent of garage Ditches east and north side",
Cutiing the cc pavement with power drilling machine including restacking the usefull material hire charges of tools cost and conveyance of all labour and materials at site of work complete North and south side,
Supply of mastic pad 12 mm thick approve make including cost and conveyance of all labour and materials at site of work complete as dierected by the Engineer- In - charge. East to west side,
"Providing barricading the construction area with casuarina ballies at 5' 0'' height verticlas 6' 0'' ballies 10' 0'' c/c and horizental 2 no's including hire charges of casuarina ballies, cost of coconut threds for tying the ballies, hire charges of tools, cost and conveyance of all labour and materials at site of work complete as directed by the Engineer-in-Charge. North, south side and west side",
"Dry rolling with 10 tonnes rollar including hire charges, fueal charges and crew charges cost and conveyance of all labour and materials at site of work complete. For yard",
Transportation of excavated earth to distance of 5 km away from the site including cost and conveyance of all labour and material at site of work complete as directed by the Engineer in charge. Kavali SPSR Nellore Dist. Particulars,
"Removing of damaged rein forced cement concrete slab and disposing the debris to a far off distance, all incidental and operational charges cost and conveyance of all labour and materials at site of work com plete as directed by the Engineer-in-charges.",
"Labour charges for removing and refixing the channels 150 mm IS MC including hire charges of scaffolding, tools cost and conveyance of all labour and materials at site of work complete.",
"Labour charges for cutting the slab roads including charges elecricial cutting machine cable (elect), cost of cutting blacks, hire charges of scaffolding cost and conveyance of all labour and materials at site of work complete. For slab roads",
"Labour charges for the cutting the holes in brick masonary hire charges of scaffolding, tools cost and conveyance of all labour and materials at site of work complete.",
Placing the sand bags over flooring for protecting the slab including hire charges of Tools liffting to 2nd floor cost and conveyance of all labour and materials at site of work complete.,
"Providing and laying plain cement concrete 1:2:4 pro.(1cement 2sand:4metal)using 40mm guage hard granite hand broken metal confirming in to IS 383-1970 in foundation and for bed of flooring including machine mixing,deposing in position,rammi- ng,finishing curing including all incidental opaerational and cost and conveyanec of all labour and material at site of work complete as directed by the Engineer-in Charge For bed blocks",
"Labour charges for chipping the damaged plastered surface including hire charges of scaffolding, tools cost and conveyance of all labour and materials at site of work complete East side of wall",
"Cement plastering to wall in CM 1:5prop(1cement:5sand)of 12 mm thick including cleaning the surface,cost of curing,scaffolding,lift,all incidental and operationalcharges cost and conveyance of all labour and materials at site of work complete as directed by the E-IN-Charge Out side side wall",
supply of 6 mm thick corrugated AC sheet including transporation to site etc complete. For room,
"Labour charges for providing AC sheet roofing with departmental AC sheets including cost of 'J' bolts in bitumen and GI washers etc.., complete as directed by the Engineering-In-Charge.",
"Brick masonary with bricks having a minimum crushing strenght 6sand )for binding wall 0'9""x0'9"" size plastering with C.M. 1:6 pro. (1cement:6sand) 12mm.including soaking of bricks curing all incidental,lift and operational charges cost and conveyance of all labour and material at site of work complete as directed by the Engineer-in-charge.",
"Providing Plastering to flooring in C.M1:4 pro. (1cement:4sand) 3/4"" or 20 mm thick including fine finishing rendering smoothe- ning the surface with cement, curing, all incidental and opera- tional cost and conveyance of all labour and materials at site of work complete as directed by the Engineer-in-charge. For flooring District. Particulars",
"Providing and laying plain cement concrete 1:3:6 pro.(1cement 3sand:6metal)using 40mm guage hard granite hand broken metal confirming in to IS 383-1970 in foundation and for bed of flooring including machine mixing,deposing in position,rammi- ng,finishing curing including all incidental opaerational and cost and conveyanec of all labour and material at site of work complete as directed by the Engineer-in Charge A) For base A) For walls",
"Providing Plastering to flooring in C.M1:4 pro. (1cement:4sand) 3/4"" or 20mm thick including fine finishing rendering smoothe- ning the surface with cement, curing, all incidental and opera- tional cost and conveyance of all labour and materials at site of work complete as directed by the Engineer-in-charge.",
Transportation of excavated earth to distance of 150M away from the site including cost and conveyance of all labour and material at site of work complete as directed by the Engineer in charge. District. Particulars,
"Engaging of excavator(JCB) for earth work excavation/ removing of heaps/ debries and disposing the debries to far away from the site, including cost and conveyance of all labour and material, oil charges, transportation charges etc.., complete as directed by the Engineer-In-Charge. For Site Clearence",
"Supply and fiiling gravel including labour charges for spreding and watering, ramming,consolidation as for standard hire charges of tools cost and conveyance of all labour and materials at site of work complet. Near East Side of compound wall Particulars",
"Removing of damaged loose concrete and stacking the useful materials for reuse and disposig the debris to a far off distance,all incidental and operational charges,cost and conveyance of all labour and materials at site of work complete as directed by the Engineer- in - charge. Over slab at Nellore platform",
"Providing and laying plain cement concrete 1:1.5:3 pro.(1cement 1.5sand:3metal)using 12 mm guage hard granite hand broken metal confirming in to IS 383-1970 in foundation and for bed of flooring including machine mixing,deposing in position,rammi- ng,finishing curing including all incidental opaerational and cost and conveyanec of all labour and material at site of work complete as directed by the Engineer-in Charge Over slab at Nellore platform",
"Imperious coat over slab of 20 mm thick in CM 1:3 prop.(1cement:3sand) including cost of water proofing compound as per standars per bag of cement including fine finishing rendering smoothening the surface with cement, curing all incidental,operational and lift charges, cost and conveyance of all and labour and materials at site of work complete. Over slab at Nellore platform",
Transportation of debris to the distance away from the site including cost and conveyance of all labour and material at site of work complete as directed by the Engineer in charge. A) Head load upto 150 m B) up to 5 Km,
Providing rain water pipe 110 mm dia pvc 4 kgf / sqm 0.60 Rm including making hole in brick masonary scaffolding and finishing the same cost and conveyance of aii labour and materials at site of work complet south side parapet,
Supply of FOSROCK chemicals as bonding agent for concrete including transportation of materials to the site of work cost and conveyance of all labour and materials at site of work complete. complast XL Add seignirage charges Particulars,
"Plastering 20 mm thick in CM1:3 pro.(1cement:3sand) finishing including cleaning the surface cost of curing , scaffoiding,lift,all incidenatal and operational charges cost and conveyance of all labour and material at site of work complete as dorected by the Engineer-in-charge. Particulars",
"Providing and Laying plain cement concrete 1:5:10 Pro. (1 cement:5sand:10metal) using 40mm gauge hard granite machine crushed metal conforming to IS 383-1970 in foundation and for BED of flooring including machine mixing, depositing in position, ramming, finishing, curing including all incidental operational and seigniorage charges cost and conveyance of all labour and materials at site of work complete as directed by the Engineer-in-Charge. For stanchion footings Al round building Daduction footings for ramp Inside shed",
"PROVIDING REINFORCED CEMENT CONCRETE using 330 kgs of cement with a minimum strength of M20 grade using 20 mm gauge hard granite machine crushed metal including labour charges for machine mixing, centering, laying concrete, compacting, vibrating, rendering, fine finishing, curing, conforming to IS 456-1978 including all incidental, operational, scaffolding and seigniorage charges, cost and conveyance of all materials and labour, at site of work complete (excluding cost of steel, binding wire and its fabrication) as directed by the Engineer-in-Charge. A) 2nd footing B) Plinth beam Long wall short wall C) Lintels Over rolling shutter Windows For sunshed Over rolling shutter Over Windows",
"Brick masonry with 2nd class bricks having a minimum crushing strength of 40 Kgs/Sqm as per IS 1077-1976 in super structure for any thickness of wall in CM 1:8 (1cement:8sand) including soaking of bricks, all incidental, operational, seignorage charges, scaffolding, lift, curing charges, cost and conveyance of all labour and materials, at site of work complete as directed by the Engineer-in-charge. First footing Deduct footing Alround shed For ramp Brick pillar Deduct windows Rolling shutter Above 3.66 mts Alround shed Brick pillar",
"Providing and laying plain cement concrete 1:2:4 pro.(1cement 2sand:4metal)100 mm thick using 20 mm guage hard granite hand broken metal confirming in to IS 383-1970 in foundation and for bed of flooring including machine mixing,deposing in position,rammi- ng,finishing, threding, curing including all incidental opaerational and cost and conveyanec of all labour and material at site of work complete as directed by the Engineer-in Charge For inside shed For ramp",
"Supply & Fixing Anchor bolts of size 20 mm dia 1'6"" long with proper alingment including nuts, washres cost conveyance of all labour and materials etc..complete as directed by the E-in-C For stanchion columns",
"Supply, fabrication and errection of 4.27 m MS Stanchions made with MS box type section of size 200X100X4.0mm @18.01Kg/Rm including cost of 350X250X16mm size MS base plate 2Nos. and 350X250X10mm size MS cap plate 1 No. 100X65X6mm MS cleat angles on four sides at top & bottom, including cost of one coat red oxide primer and two coats synthetic enamel paint, including transportation charges, seigniorage charges hire charges of T&P, cost and conveyance of all labour and materials at site of work complete as directed by the Engineer-in-Charge. For shed",
"Supply, fabrication and errection of truss made with MS box type section of size 49.50x49.50x2.60mm @3.69Kg/Rm as top, bottom and vertical member and remaining members made with 32X32X2mm @ 1.8Kg/1Rm with MS plates of size 350X250X10mm - 2 Nos. welded to the truss where stanchions are to be fixed and MS plates of size 160X70X6mm - 10 Nos. for fixing of Purlins, MS plates of size 150X60X6mm - 5 Nos. for fixing of tie runners, including hire charges of all T & P, cost of one coat red oxide primer and two coat of enamel paint, including transportation charges, seigniorage charges, cost and conveyance of all labour and materials at site of work complete as directed by the Engineer-in-Charge. For shed",
"Supply, fabrication and errection of purlin made with MS box type section of size 60X60X2.60mm @4.55Kg/Rm 1 Rm, cost of 2nos of end plates of size 170 X 70 X 6mm, including 10mm dia bolts, cost of one coat red oxide primer and two coats synthetic enamel paint total three coats, including transportation charges, seigniorage charges hire charges of T&P, cost and conveyance of all labour and materials at site of work complete as directed by the Engineer-in-Charge. For shed",
"Supply, fabrication and errection of bottom tie runners made with MS box type section of size 49.50X49.50X2.60mm @3.69Kg/Rm 1 Rm, cost of 2nos of end plates of size 150 X 60 X 6mm, including 12mm dia bolts, cost of one coat red oxide primer and two coats synthetic enamel paint total three coats, including transportation charges, seigniorage charges hire charges of T&P, cost and conveyance of all labour and materials at site of work complete as directed by the Engineer-in-Charge. For shed",
"Supply and fixing of pre-painted Galvalume Trapezoidal profile Roofing sheets having 0.5mm thickness with Alu-Zinc AZ150 GSM Coating and of Tensile Strength:550MPA. The roofing sheets to be painted with Regular Modified Polyster painting of Thickness Top : 18 to 20 Microns and Bottom: 5 to 7 Microns. The Sheets are of 1.020 m width & maximum of 12 Meters length with regular range colours. The rate is including fixing to the purlins with self drilling screws, nuts, washers & including cost and conveynace of all labours and materials, T&P etc. at site of work complete as directed by the Engineer-in-Charge. For roof of shed Cladding",
"Supply & fixing of roof accessories made with pre-painted galvalume profile sheets with 0.05mm thick, width 0.585, length maximum 2 1/2"" mtrs. medium size large cap for ridge, barge cap, corner trim, L - flashing, down pipes gutter etc., including cost and conveyance of all labour and materials at site of work complete as directed by the Engineer-in-Charge. Top ridge Side ridge",
"PLASTERING TO WALLS 20mm thick in CM 1:5 Prop. (1cement:5sand) finishing including cleaning the surface cost of curing, scaffolding all incidental seigniorae and operational charges cost and conveyance of all labour and materials at site of work complete as directed by the Engineer-in-Charge. Our side For ramp Side walls For brick pillars Above 3.66 mts Brick pillars Over walls",
"PLASTERING TO WALLS 12mm thick in CM 1:5 Prop. (1cement:5sand) finishing including cleaning the surface cost of curing, scaffolding all incidental seigniorae and operational charges cost and conveyance of all labour and materials at site of work complete as directed by the Engineer-in-Charge. Inside shed Brick pillar Above 3.66 mts Inside shed For brick pillar",
"Painting two coats to walls with best variety interior emulsion paint of approved colour and quality,with one coat of primer preparing and cleaning the surface and dirt, cost of brushes scaffolding charges including putty, cost and conveyance of all labour and materials at site of work complete as directed by the Engineer-in-Charge. Inside shed Brick pillar Deduct windows Rolling shutter Above 3.66 mts Inside shed Brick pillar",
"Painting two coats to walls with best variety exterior emulsion paint of approved colour and quality, preparing and cleaning the surface and dirt, cost of brushes scaffolding charges including putty, cost and conveyance of all labour and materials at site of work complete as directed by the Engineer-in-Charge. Out side shed Brick pillar Above 3.66 mts Out side shed Over walls",
"Refilling of excavated earth in foundations and basement hire charges of T&P all incidentatl operational charges, seigniorage charges including cost and conveyance of all labour and materials at site of work complete as directed by the Engineer-in-Charge. As per item (2)",
"Supply and fixing of rolling shutter made of 80x1.25 mm machine rolledn CRCA laths, interlocked together through their entire length and jointed together at the ends by end-locks, mounted on specially designed pipe shaft of 50 mm dia nominal bore MS B class pipe with brackets, plates, guide channels, stoppers, bottom locking plates and arrangements for inside & outside locking with push-pull operations including cost of hood cover and springs complete, painted with one coat of approved steel primer, locks, ball bearings, all accessories including all incidental and operational charges scaffolding lift cost and conveyance of all labour and matreials at site of work complete as directed by the Engineer-In-Charge. For shed",
"Supply fabrication and fixing of powder coated sliding aluminium windows using aluminium extrusions with 12 to 15 microns anodisation and power coating of Jindal are equivalent make of size 62 x 29.5 x 1.50 mm thick (Jindal 21138) for frame, 40 x 18 x 1.55mm (Jindal 20736) for shutter frame and glazing clip of 19.00 x 17.30 x 0.70 mm (Jindal 19352) with 5mm thick float glass of make Modiguard/saint gobain including all round EPDM rubber beading for fixing glass with necessary accessories 100mm long aluminiun handles, rollers, locking arrangements including cost of all labour charges for fabrication and fixing necessary hardware such as cleat angles, screws, bolts and brackets etc., including fixing to Brick masonry wall including cost and conveyance of all labour and materials, all wastages, lift charges, scaffolding charges etc., complete as directed the Engineer-in-charge. For Shed",
"Supply, fabrication and erection of MS grill door of size 1.22x1.22 mts made using 35x35x6mm MS angle for frame and 35x35x6mm MS angle for door shutters and 10mm Square bars at 4"" centre to centre on both sides of shutters and top of shutter, including cost of structural steel and transportation to site of work, fabrication and erection charges and providing 6 Nos of MS powder coated hinges 125mm long and 2 Nos of MS powder coated alrops of size 300mm long, painting one coat of red oxide paint and two coats of enamel paint of approved colour total three coats, all incidental and operational charges, cost and conveyance of all labour and materials at site of work complete as directed by the Engineer-in-Charge. For shed",
"Gronolithie Concrete Flooring 20 mm thick with (1:1:2), using 6 mm to 12 mm size hard granite machine crushed metal laid over CC bed already laid in alternate panels of size not exceeding 0.60 m x 0.60 m and finishing the top surface to required smoothness and slope sand threadlining including cost of all materials like cement, metal, sand and water etc., complete, including seigniorage charges, etc., complete for finished item of work, but excluding the cost of conveyance of all materials Inside shed Over ramp NLR Dist Particulars",
"Removing of damaged reinforceed cement concrete and disposing the debris to a far off distance, all incidental and operational charges, cost and conveyance of all labour and materials at site of work complete as directed by the Engineer-in-Charge. Column over slab of earning section",
"Removing of damaged cement concrete over slab with driling machine and stacking the useful materials for reuse, disposing the debris to a far off distance, all incidental and operational charges, cost and conveyance of all labour and materials at site of work complete as directed by the Engineer-in-Charge. Over south side slab of earning section",
"Cutting the column rods by electrical welding machine and removing the loose cement concrete and finishing with 20mm cement plastering in CM (1:5), including hire charges of welding machine, cable, scaffolding, cost of welding rods, all incidental and operational charges cost and conveyance of all labour and materials at site of work complete as directed by the Engineer-in-Charge. Column bars slab of earning section",
"Providing and laying plain cement concrete 1: 1 1/2 :3Pro. (1cement:1/2sand:3metal) using 12m gauge hard granite machine crushed metal conforming to IS 383-1970 including mixing, depositing in position, finishing curing etc., including all incidental, operational and seigniorage charges cost and conveyance of all labour and materials at site of work complete as directed by the Engineer-in-charge. over south side slab of earning section for column base",
"Supply & Fixing of rain water spout of size 150mm dia PVC / SWR pipe of 4kg/cm2 of approved make of 0.60mts. length including making hole in brick masonary and finishing with cement morter after fixing the pipe in the hole, labour charges for fixing cost and conveyance of all labour and materials at site of work complete as directed by the Engineer-in-Charge. For south side slab of earning section",
Transportation of dismantled materials away from site including loading in loading cost and conveyance of all labour and materials at site of work complete. a) transportation by head load upto 50 mt From over slab to grand b)Tranporation upto 1km,
"Providing and laying of 3mm thick APP modified bitumen membrane treatment to the terrace duly cleaning the surface from dirt, dust and other contaminations and application of one coat of bitumen primer, providing and laying 3mm thick APP modified bitumen membrane with 100 mm over lap margin and fixing with bitumen torch etc., complete as ditected by the Engineer-In-charge. (Make Dr.Fixit Torch shield/Asian and APP). over earning section",
"Labour Charges for cutting of tree branches leaning to roof using with necessary tools and clearing the removed tree branches and dried leaves on the slab, including cost and conveyance of all labour and materials etc complete as directed by the Engineer-In-Charge. Man Mazdoor Seignorage charges NLR Dist Particulars",
"Providing rain water gutter 'U' shape 0.30x0.30 m using 18 gauge GI sheet with 40mm x 5mm thick MS flat required shape, bolts, nuts, washers, including drilling holes in brick masonry and finishing the same with PCC 1:2:4 and painting to the MS flat with one coat of red oxide and two coats of enamel paint cost and conveyance of all labour and materials at site of work complete. Gutters for garrage AC sheets",
"Labour charges for cutting the brick masonry of size 0.30x0.15x0.45 with electrical cutting machine including hire charges of cutting machine, cable and cost of cutting blades, disposing the debries far of distance cost and conveyance of all labour and materials at site of work complete. Over South side of Annexures",
Labour charges for removing of damaged polyethiline water storage tank with necessary pipe lines and connections etc. cost and conveyance of all labour and materials at site of work complete as directed by the Engineer-in-Charge. Over roof slab,
"Labour charges for removing of 1""dia damaged GI pipe, and stacking the useful material for reuse, including cost and conveyance of all labour and materials at site of work complete as directed by the Engineer-in-charge. Over roof slab Over slab for gutter suport",
Chipping with pneumatic chiselling equipment and until to achieve the hard mother concrete surface,
Application of bonding agent on terrace old concrete to new concrete A) Cost of bonding agent(nitobond SBR) B) cost of cement C) Labour charges for aplying bonding agent,
"Concrete 1:1.5:3 with 12 mm HBG metal A) cost of admixure (complast) B) cost of concrete (first floor) Structural repairs to the RCC slab top surface to arrest leakages duly chipping with pneumatic power chiselling equipment and until to achieve the hard mother concrete surface. Duly removing of debris, celaning of the surface from dirt and other foreign matter & water jet cleaning, applying acrylic based bonding adhesive (mix 1:1 ration of cement) agent of FOSROC make, applying high strength cement concerete flooring of 50mm thick average with CC (1:1.5:3) Prop. using 12mm down graded hard granite machine crushed metal mixing with cement plasticizer and water reducing admixture 15-20ml per bag of 50kg of cement including mixing, depositing, finishing in line, level and required slope cost of curing, cost of construction chemicals, all incidental, operational, seigniorage charges, cost and conveyance of all labour and materials at site of work complete as directed by the Engineer-in-charge. ( First floor)",
"Structural repairs to the RCC slab top surface to arrest leakages duly chipping with pneumatic power chiselling equipment and until to achieve the hard mother concrete surface. Duly removing of debris, celaning of the surface from dirt and other foreign matter & water jet cleaning, applying acrylic based bonding adhesive (mix 1:1 ration of cement) agent of FOSROC make, applying high strength cement concerete flooring of 50mm thick average with CC (1:1.5:3) Prop. using 12mm down graded hard granite machine crushed metal mixing with cement plasticizer and water reducing admixture 15-20ml per bag of 50kg of cement including mixing, depositing, finishing in line, level and required slope cost of curing, cost of construction chemicals, all incidental, operational, seigniorage charges, cost and conveyance of all labour and materials at site of work complete as directed by the Engineer-in-charge. ( First floor) Over slab of south side canteen",
"Structural repairs by providing Haunching to the corner of terrace and parapet wall to arrest dampness and leakages duly chipping with pneumaic power chiselling equipment and untill to achieve the hard mother concrete surface and brick masonry plastered surface duly removing of debris, cleaning of the surface from dirt and other foregin matters and water jet claning, applying Acrylic based bonding adhesive (Mix 1:1 ratio of cement) agent of FOSROC make, appluing high strength cement concrete flooring with C.C.(1:1.5:3) prop. using 12mm down graded HGMC metal mixing with concrete plasticizers and water reducing admixture 15-20 ml per bag of 50 kgs cement, including mixing, depositing, finishing in line and required shape including curing, cost and conveyence chemicals, all incidental, operational, seigniorage charges, cost convinence of all labour and materials at site of work complete. (F.Floor Slab) South side along the wall East & west walls",
"Supply and fabrication of 4mm dia plain steel rods including labour charges for cutting, bending to required sizes and shapes placing in position with cover blocks of approved size and tying with binding wire of 20 SWG, forming grills for reinforcement work as per designs and drawings, including cost and conveyance of binding wire, and all incidental, operational, labour charges such as lifting charges, cutting, bending, placing in position, tying etc., complete for finished item of work. For concrete",
"Providing impervious plastering over roof slab in CM 1:3 Prop (1cement: 3Sand) of 20mm thick including cost of impervious compound and labour charges for applying cement slurry to the surface before plastering, cleaning the surface, cost of curing, scaffolding, lift, all incidental, seignorage and operational charges, cost and conveyance of all labour and materials at site of work complete as directed by the E-in-C. For slab",
Removing and refixing GI pipe including hire charges of tools cost and conveyance of all labour and materials at site of work complete. Over slab Seignirage charage Add N.A.C @ 0.10% Add G.S.T @ 18.00% Particulars,
"Labour charges for cleaning the drain & passengers entry including hire charges of tools, including cost and conveyance of all labour and materials at site of work complete. Man mazdoor",
"Supply & filling of sand in foundation and basement including watering, compacting all incidental and operational charges, seignorage charges etc., cost and conveyance of all labour and materials at site of work complete as directed by the Engineer-in-Charge. Passengers entry",
"Cement plastering to walls in CM 1:4 Prop (1cement: 4Sand) of 20mm thick including cleaning the surface, cost of curing, scaffolding, lift, all incidental, seignorage and operational charges, cost and conveyance of all labour and materials at site of work complete as directed by the E-in-C. Passengers entry Seignirage charage Add N.A.C @ 0.10% Add G.S.T @ 18.00% Particulars",
"PLASTERING TO WALLS 20mm thick in CM 1:4 Prop. (1cement:4sand) 16mm thick Ist coat and 2nd coat in CM 1:3 Prop. (1cement:3sand) 4mm thick with DUBARA SPONGE finishing including cleaning the surface cost of curing, scaffolding all incidental seigniorae and operational charges cost and conveyance of all labour and materials at site of work complete as directed by the Engineer-in-Charge. Over second floor Seignorage charges Particulars",
"Supply, fabrication and errection of 3.75 m MS Stanchions made with MS box type section of Size 200X100X4.0mm @18.01Kg/Rm including cost of 400X300X16mm size MS base plate Nos. and400X3000X10mm size MS cap plate , 100X75X6mm MS cleat angles on four sides at top & bottom, including cost of one coat red oxide primer and two coats synthetic enamel paint, including transportation charges, seigniorage charges hire charges of T&P, cost and conveyance of all labour and materials at site of work complete as directed by the Engineer-in-Charge. For shed",
"Supply, fabrication and errection of truss made with MS box type section of size 60x60x2.60mm @4.55kg/Rm as top, bottom and vertical member and remaining members made with 32X32X2mm @ 1.8Kg/1Rm with MS plates of size 400X300X10mm - 2 Nos. welded to the truss where stanchions are to be fixed and MS plates of size 160X70X6mm - 10 Nos. for fixing of Purlins, fixing of tie runners, MSplate 6mm thick stiffenar plate as per drawing including hire charges of all T & P, cost of one coat red oxide primer and two coat of enamel paint, including transportation charges, seigniorage charges, cost and conveyance of all labour and materials at site of work complete as directed by the Engineer-in-Charge. For shed",
"Supply, fabrication and errection of purlin made with MS box type section of size 60X60X3.60mm @5.50Kg/Rm 1 Rm, cost of 2nos of end plates of size 160 X 70 X 6mm, including 16mm dia bolts, cost of one coat red oxide primer and two coats synthetic enamel paint total three coats, including transportation charges, seigniorage charges hire charges of T&P, cost and conveyance of all labour and materials at site of work complete as directed by the Engineer-in-Charge. For shed",
"Supply, fabrication and errection of bottom tie runners made with MS box type section of size60X60X2.60mm @4.55Kg/Rm 1 Rm, cost of 2nos of end plates of size 160 X70 X 6mm, including 16mm dia bolts, cost of one coat red oxide primer and two coats synthetic enamel paint total three coats, including transportation charges, seigniorage charges hire charges of T&P, cost and conveyance of all labour and materials at site of work complete as directed by the Engineer-in-Charge. For shed",
"Engaging of excavator(JCB) for earth work removing of heaps/ debries and disposing the debries to far away from the site, including cost and conveyance of all labour and material, oil charges, transportation charges etc.., complete as directed by the Engineer-In-Charge. Near washing plant cutting of trees, roots & branches",
"Providing and Laying plain cement concrete 1:4:8 Pro. (1 cement:4sand:8metal) using 40mm gauge hard granite machine crushed metal conforming to IS 383-1970 in foundation and for BED of flooring including machine mixing, depositing in position, ramming, finishing, curing including all incidental operational and seigniorage charges cost and conveyance of all labour and materials at site of work complete as directed by the Engineer-in-Charge. For sump near washing plant",
"PLASTERING TO WALLS 20mm thick in CM 1:4 Prop. (1cement:4sand) finishing including cleaning the surface cost of curing, scaffolding all incidental seigniorae and operational charges cost and conveyance of all labour and materials at site of work complete as directed by the Engineer-in-Charge. Out side plastering",
"Proving impervious plastering to inspection pit in CM1:3 prop (1cement:3sand)of 20 mm thick including cost of impervious compou- nd and labour charges for applyingcement slurry to the sureface before plastering cleaning the surface,cost and conveyance of all labour and materials at site of work complete as directed by the In side sump Bottom",
"Providing and Laying plain cement concrete 1:2:4 Pro. (1 cement:2sand:4metal) using 40mm gauge hard granite machine crushed metal conforming to IS 383-1970 in foundation and for BED of flooring including machine mixing, depositing in position, ramming, finishing, curing including all incidental operational and seigniorage charges cost and conveyance of all labour and materials at site of work complete as directed by the Engineer-in-Charge. All round sump",
Labour charges for cutting the holes in brick masonary finishing the same cost and conveyance of all labour and materials at site of work complete.,
Transportation of debris upto 1km away from the site including loading in loading cost and conveyance of all labour and materials at site of work complete. Add seignorage charges 824+624 Add NAC 0.1% Particulars,
"Engaging of mechanical excavation (JCB) for cutting heeps and levelling including hire charges cost of fuel etc.., complete as directed by the Engineer - In- Charge",
"Supplying and filling of gravel 0'-6'' thick layer from approved quarry including watering consolidation, with hand roller cost and conveyance of all labour and materials at site of work complete as directed by the Engineer - In- Charge. Beams edge Protection",
Supply of mastic pad 12 mm thick of approved quality including cost and conveyance of all labour and materials at site of work complete as directe by the Enginner - In - Charge. For CC Seinorage charges Add 0.10% NAC Add GST 18.00% Particulars,
"Earth work Excavation in open yard all kinds of soils, wet or dry such as clay, hard clay, black cotton soils, red earth, morrum, gravel etc., in loose and slushy conditions, except rock requiring, blastering for foundation of man holes including bailing out water (pumping out water if necessary) with necessary site clearance, marking out temporary stepping, sloping, shoring, strutting, sectioning, tamping as directed with an initial lead of 10mts. and lift of 3mts., complete as directed by the Engineer-in-Charge. Garrage frent Garrege back Security frent side",
CC cutting by using machine Security gate side,
Supply and filling quarry dust 0'-6'' depth in basement inside crushed dust consilidation as per standeds including cost and conveyance of all labour and materials at site of work complete Yard Ditches Blindage Out side ramp Platform side,
Engaging of labour for removing of unwanted plants at road side of approches in and out gate sides and removing the debris far away distance from site including cost and conveyance of all labour and materials at site of work complete as directed by the Engineer-in-Charge. Enagaging of man mazdors Seigniorage charges Add NAC 0.1% Add GST 18% Particulars,
Painting to old walls with synthetic enamel paint in two coats of approved quality and colour in including cleaning the surface cost and conveyance of all labour and materials at site of work complete. 2nd Room Middle wall 1st Room wall Deduction Window Deduction Door,
Painting to old wood work with synthetic enamel paint in two coats of approved quality and colour in including cleaning the surface cost and conveyance of all labour and materials at site of work complete.,
Painting to old Iron work with synthetic enamel paint in two coats of approved quality and colour in including cleaning the surface cost and conveyance of all labour and materials at site of work complete.,
"structrual repairs to the ceiling of RCC slab duly chipping with matic power chiselling equipment and until to achieve the hard mother concrete, cleaning the surface, cleaning the surface ,cleaning the steel reinforcement with sand paper and iron brushes for removing of rust, applying anti corrossive paint of FOSROCK make ,applying bonding agent of FOSROCK make ,applying bonding agent of FOSROCK, strethening the ceilling with CC 1:1.5:3 prop. Using 6mm down graded HGMC metal 40mm thick average thickness using construction chemicals and redoing the ceilling with cement plastering 12 mm thick in CM 1:3 & 1:5 with neat sponge finish, including curing,scaffolding arrangements at different places cost of chemicals, all incidental,operational,cost and conveyance of all labour and materials at site of work complete. Electrical Dy.EE Existing Near 2nd Room",
"Cement plastering to celling in CM 1:5 & CM 1:3 prop(1cement:5sand) & (1 cement:3 sand)of 12 mm thick including cleaning the surface, cost of curing,scaffolding,lift,all incidental,and operational charges, cost and conveyance of all labour and materials at site of work complete as directed by the E-IN-C. Balance celling Seignorage charges Add NAC 0.10% Add GST 18.00% Particulars",
"Removing of damaged brick masonary walls cement mortar and stacking the useful materials for reuse and disposing the debris to a far off distance,all incidental and operational charges,cost and conveyance of all labour and materials at site of work complete as directed by the Engineer- in - charge. Long wall Center wall Tub wall Deduction door",
"Providing and laying plain cement concrete 1:4:8 pro.(1cement 4sand:8metal) using 40 mm guage hard granite hand broken metal including machine mixing,deposing in position,ramming finishing curing including all incidental opaerational and cost and conveyanec of all labour and material at site of work complete as directed by the Engineer-in Charge Gents Toilet",
Removing of damaged wooden door with frame from brick wall stacking including cost and conveyance of all labour and materials at site of work complete. Gents Toilet,
Removing of damaged WC with 'P' & 'S' trap including cost and cost and conveyance of all labour and materials at site of work complete. Gents Toilet,
"Cement plastering in CM 1:3 prop (1 cement:3 sand) of 20 mm thick including Fine rendering and smooth finishing, curing, cleaning the surface including all incidental,and operational, scaffolding, lift and seigniorage charges, cost and conveyance of all labour and materials at site of work complete as directed by the E-IN-C. On flooring Patches on walls East side West side North side South side",
"Whiting two coats to celling including cost of gum,gunjee water, labour charges for thoroughlyl brushing the surface remove all dirt and remains of loose powdered materials including putty cost and conveyance of all labor and materials at site of work complete. Toilet Ceiling",
"Whiting washing two coats to walls including cost of gum,gunjee water labour charges for thoroughlyl brushing the surface remove all dirt and remains of loose powdered materials including putty cost and conveyance of all labor and materials at site of work complete. East side West side North side South side South side door deduction",
"Structural repairs to the celling of RCC slab duly chipping with pneumatic power chiselling equipment and until to achive the hard mother concrete, cleaning the surface ,cleaning of steel reinforcement with sand paper and Iron brushes for removing of rust,applying Anti corresive paint of FOSROCK make,applying bonding agent of FOAROCK make, strengthening the celling with C.C.1:1.5:3 pro using 6 mm down graded HGMC metal 40 mm thick average thickness using construction chemicals and redoing the ceilling with cement plastering 6 mm thick in C.M 1:3 & 1:5 pro with neat finish, including curing, scaffolding arrangement at different places, cost of construction chemucal all incidental, operational,seignorage charges, cost and conveyance of all labour and materials at site of work complete.(G.F) complete. East side of B/S Cantilever ceilling - Bottom R.C.C parada wall - AT 5 Ceilling plastering 5 Ceilling Ceilling At platform no.6 Cantilever ending parada wall bottom edge line platform no.7 ceilling edge Platform No.9 cantelever portion slab ceilling Platform no.9 beside on drinking water pedastal cantilever beam Beam bottom South side stair case wall side at drinking water pedastal At clock room side Venkatagiri point Plat form no.29 ceilling patches Beam water bottle and shop beside Cantilever ceilling Around cantilever pump room ceiling",
Whittening to celling two coats R.C.C slab and R C parada wall including cost and conveyance of all labour and materials at site of work complete Upto 3.66 Qty vide item no.1 Add seinorage charges Add 0.10% NAC Add GST 18.00% Particulars,
"Construction of binding wall in brick masonry in CM 1:6 prop. to a thickness of 1'-1/2"" - 0'-9'' and cement plastering to sides in CM 1:6 prop.1/2"" thick, including scaffolding, lift charges seignorage charges including cost and conveyance of all labour and materials at site of work complete. As directed by the Engineer - In - Charges. Binding wall and roof top WM'S office -west side -of galvalume sheet top to WM's",
"Stuctural repairs by providing to the corner of terrace and parapet wall to arrest dampness and leakage duly cleaning and chipping with pneumatic power chiselling equipmpment and until to achieve the hard mother concrete surface and brick masonary plastered surface duly removing of debris cleaning of the surface from dirt and other foreign matters & water jet cleaning, applying styrene butadiene rubber based bonding agent for Mortar/Concrete(Mix 1:1 ratio of cement) agent complies ASTM D454/BS EN 12390 , appliyng hogn strenght cement concrete flooring with C.C.1:1.5:3 prop. Using 12 mm down graded HGMC metal mixing with concrete repair admixtures cement including mixing, desposting, finishing in line, level and required shape including curing, cost of construction chemicals all incidental, operational, seignorage charges, cost and conveyance of all labour and matrials at site of work complete. South side West side East side",
"Supply of FOSROCK chemical doctor fixit 20 liters can including transportation charges, loading & unloading charges all including cost and conveyance of all labour and materials at site of work complete.",
"Labour charges for applying chemicals for arresting leakage two coats to binding wall including labour charges for thoroughtly brushing the surface to remove all dirt and remains of loose powereded materials including putty cost and conveyance of all labour, materials and incidental such as scaffolding, lift charges etc.., complete for finished item of work as directed by the Engineer - In - Charges. For galatha Add seinorage charges Add 0.10% NAC Add GST 18.00% Particulars",
"Cleaning of Jungle 'Scrub Jungle/ Light Jungle including hire charges of knifes and tools and scaffolding charges etc.., including cost and conveyance of all labour and materials at site of work complete as directed by E-in-C North side compound wall bottom to top arround compound wall Along compound wall land at North at North side",
"Supply and fixing of PVC pipes along with Specials including cost and conveyance of all labour and materials at site work complete as directed by E-in-C (a)Horizontal pipe line along with 7'-0"" height wall at North side from electrical sub station edge perpendicular line vertical connection from new line to old line (b)65mm Ø PVC coupler (c)65mmØ PVC Elbow (90°) (d)65mm Ø PVC Tee (e)65mm Ø ball value (f)65mm Ø PVC Elbow (45°) (g)65mmØ to 40mmØ reducing Tee Add 0.10% NAC Add GST 18.00% Particulars",
"Bricks masonary with brick for any thickness of walls in C.M 1:5pro.(1cement:5sand)including soaking of brick all incidental, operational, scaffolding,curing chargecost and conveyance of all labour and material at site of work complete as directed by the Engineer-in-charge (ground floor upto a height of 12'0"" above basement level) Footing Above basement Super structure Deduction door Deduction windows Deduction ventilator",
"Cement plastering in CM 1:5 prop (1 cement:5 sand) of 20 mm thick including Fine rendering and smooth finishing, curing, cleaning the surface including all incidental,and operational, scaffolding, lift and seigniorage charges, cost and conveyance of all labour and materials at site of work complete as directed by the E-IN-C. Out side allround front side Basement Back side sides Deduction door",
"Cement plastering in CM 1:3 prop (1 cement:3 sand) of 12 mm thick including Fine rendering and smooth finishing, curing, cleaning the surface including all incidental,and operational, scaffolding, lift and seigniorage charges, cost and conveyance of all labour and materials at site of work complete as directed by the E-IN-C. Inside - front walls back side sides",
"Supply and fixing of 60.30mm OD MS pipe @ 5.03 Kg / Rm including cutting, welding, fixing in position scaffolding charges, hire charges of T & P including cost and conveyance of all labour and mateials at site of work complete as directed by the Engineer-in-Charge. Rafters",
"Supply & fixing of prepainted galvalume trapezoidal profile roofing sheets with 0.50mm thickness, coating : Alu Zink coating AZ 150 GSM, tensile strength : 550MPA. Paint coating : regular modified polyster painting. Painting thickness (top) : 18 to 20 microns, (bottom) : 5 to 7 microns. Sheet width - 1.020 Mts., length : maximum 12Mts. with regular range colours including scaffolding charges, cost and conveyance of all labour and materials at site of work complete as directed by the Engineer-in-Charge. Galvalume sheet for Booking room Construction of binding wall in brick masonry in CM 1:6 prop. to a thickness of 1'-1/2"" - 0'-9'' and cement plastering to sides in CM 1:6 prop.1/2"" thick, including scaffolding, lift charges seignorage charges including cost and conveyance of all labour and materials at site of work complete. As directed by the Engineer - In - Charges. Binding wall on roof top",
"Providing and fixing factory made UPVC white colour sliding glazed window upto 1.50 mts in height dimension compressing of UPVC multi chambered frame within built roller track sash extuded profiles duly reinforce with 1.60± 0.2mm thick galvanized mild steel section made from roll forming process of required lenght(shape & size according to UPVC profile),appropriate dimension UPVC extruded glazing beads and UPVC extruded interlock, EPDM gasket, wool pie, zincalloy (white powder coated)touch locks with hooks, zinc alloy body with single nylon rollers (weight bearing capacity to be 40kg) GI fasteners 100x8mm size for fixing frame to finished wall and necessary stainless screws etc,. profile of frame and sash shall be mitred cut and fusion welded at all corners, including drilling of holes for fixing hardware's and drainage ofwater etc. After fixing frame the gap between frame and adjacent finishedwall shall be filled with weather proof silicon sealent over backer rod ofrequired size and of approved quality, all complete as per approved drawing & direction of Engineer-in-Charge inclusive of cost of Single / double glass panes, wire mesh and silicon sealent etc,. (SSR. 2023-24 Item No. BMT-p-80.B) North side West side",
Door Frame section of 63.5x100 MM .The two Vertical members are to be joined together with the horizontal member using 8x75 MM long MS Star full thread screws to be used with reverse forward speed control hand drilling machine. The ready/assembled door frame is fixed to the wall using hold fast or bolt fasteners. A minimum of 4 No.s of screws to be provided for each vertical member & minimum 2no.s for horizontal member. Vertical frame Top Horizontal frame,
"Flush door shutters, solid bond wood block board type with teak veneer on one face and commercial ply on another face (lipping): 40 mmthick conforming to IS:2202 Door shutter",
"Painting with exterior emulsion paint two coats to walls with approved colour and quality including labour charges for thoroughly brushing the surface to remove all dirt and remains of loose powdered materials including putty cost and conveyance of all labour, materials and incidental such as scaffolding, lift charges etc., complete for finished item of work as directed by the Engineer-in-Charge. Quantity vide Sl.No:6 Binding wall allround Seignorage charges Particulars",
Removing of damaged brick masonary wall in cement mortor and stacking useful material for reuse and disposing the debris to a for off distance all incidental and oprational charges cost and conveyance of all labour and materials at site of work complete as directed by the Engineer In Charge Dislocated Drain Walls(damaged),
"Removing of damaged plain cement concrete and disposing the debris to a far off distance, all incidental and operational charges, cost and conveyance of all labour and materials at site of work complete as directed by the Engineer-in-Charge. Under existing Drain",
"Providing and Laying plain cement concrete 1:4:8 Pro. (1 cement:4sand:8metal) using 40mm HBG gauge hard granite machine crushed metal conforming to IS 383-1970 in foundation and for BED including machine mixing, depositing in position, ramming, finishing, curing including all incidental operational and seigniorage charges cost and conveyance of all labour and materials at site of work complete as directed by the Engineer-in-Charge. Bed concret For Drain",
"Providing and Laying plain cement concrete 1:3:6 Pro. (1 cement:3sand:6metal) using 20mm HBG gauge hard granite machine crushed metal conforming to IS 383-1970 in foundation and for BED including machine mixing, depositing in position, ramming, finishing, curing including all incidental operational and seigniorage charges cost and conveyance of all labour and materials at site of work complete as directed by the Engineer-in-Charge. Drain Wall",
"Providing reinforced cement concrete using 330 kgs of cement with a minimum strenght of M20 grade using 20mm gauge hard granite machine mixing,centering,laying concrete,compacting vibrating rendering,fine finishing,curing,conforming to IS 456-1978 including all incidental,operational,scaffolding and charges cost and conveyance of all labour and materials at site of work complete as directed by the Engineer-in-charges. Drain R.C.C slab",
"Cement plastering in CM 1:5 prop (1 cement:5sand) of 20 mm thick including Fine rendering and smooth finishing, curing, cleaning the surface including all incidental,and operational, scaffolding, lift and seigniorage charges, cost and conveyance of all labour and materials at site of work complete as directed by the E-IN-C. Inside of Sides Drain Wall Bottom of the Drain",
"Cement plastering in CM 1:5 prop (1 cement:5sand) of 12 mm thick including Fine rendering and smooth finishing, curing, cleaning the surface including all incidental,and operational, scaffolding, lift and seigniorage charges, cost and conveyance of all labour and materials at site of work complete as directed by the E-IN-C. Outside of Sides Drain Walls Slab Edges",
"Providing, laying,spreading and compacting graded HBG Crushed stone Providing, laying,spreading and compacting graded HBG Crushed stone including premixing the material with water at OMC in mechanical mix palnt garrage of mixied materials by thipper to site,laying in from layers with paver in sub-base/base course on well prepared surface and compacting with vibratory roller of 8-10m capacity to achive the desired dencity as for MORTH specification 406(5th revision)for finished item of work.(As for item no RBR SBBS-11,slno.10 of B of AP.Revised standared data for roads and bridges). C.C Rmaps up and down stream",
"Supply & fixing chain link fencing 50mm x 50 mm or 2'' x 2'' hot dipped galvaised iron chain link mesh 8 guage (4mm) as per ISI 2721-1979, 5'-0'' 8'-0'' center to center of pannel and labour charges for cutting of damaged CC pavement with power drilling machine of size 2 x 0.23 x 0.60 m 2 laying the concrete P.C.C 1:2:4 using 20 mm MC metal around the vertical GI pipe of size 2x 0.23 x 0.60 m and welding the 'L' angle bottom of the GI pipe for anchoring in foundation. To fixing the weldmesh in between two vertical GI pipes, to a size of weldmesh 8'-0'' x5'-0'' that is 40 sqft including cutting welding fabrication charges pipe and weldmesh. including painting to GI pipe one coat of red oxide paint zincromet and two coats synthetic enamel paint including cost of brushess and including cost and conveyance of all labour and materials at site if work complete. as directed by the E-In-C. chainlink fencing barcading from 2 depot to hire bus way from bus station to bus depot vacant site Seignorage charges Particulars",
"Removing of damaged AC sheets, 'J' Bolts, washers & nuts including cutting the alround brick masonary / PCC including stacking the useful material for reuse and disposing the debris to a far off distance, all incidental and operational charges, cost and conveyance of all labour and materials at site of work complete as directed by the Engineer-in-Charge. Booking room Ladies rest room",
"Labour charges for removing the old 2½""Ø G I pipe fixed in concrete in walls including removing of damaged channel angles at a height of 3.66 mts stacking the useful materials at site of work cost and conveyance of all labour and materials at site of work complete. 2½ø damaged rafter Ladies rest room",
"Removing of damaged old thermocole false ceiling including removing the alround steel angles fixed in the wall, horizontal "" T "" and "" L "" angles by cutting with power cutting machine and including removing the thermocole sheet of 1.00 m X 0.50 m, disposing debries / damaged materials far away from site of work, including cost and conveyance of all labour and mateirals at site of work complete as directed by the Engineer-in-Charge. Ladies rest room",
"Removing of damaged doors and MS windows from walls and stacking the useful material for reuse and disposing the debris to a far off distance, all incidental and operational charges, cost and conveyance of all labour and materials at site of work complete as directed by the Engineer-in-Charge. Booking room door with frame 1.00x2.00 Ladies rest room door(0.88x2.10) MS windows (1.22x1.22) For booking room & rest room PVC door toilets(0.75x2.00)",
Removing of damaged polished tiles /including using of tools (hire charges) and filling of reuse including cost and conveyance of all labour and materials at site of work complete as directed by the Engineer-in-Charge. Ladies rest room floor Toilets of ladies rest room,
"Removing of damaged rough napa stone flooring over sand bed and stacking the useful material for reuse and disposing the debris to a far off distance, all incidental and operational charges, cost and conveyance of all labour and materials at site of work complete as directed by the Engineer-in-Charge. Booking room",
"Transportation of dismantled material to a distance of 5.00 Km. away from site including loading, unloading cost and cnveyance of all labour and materials at site of work complete as directed by the Engineer-in-Charge. Qty vide item-1 Qty vide item-7 Particulars",
"Removing the damaged WC with P trap / S trap cleaning the dust particals, disposing the debries far away from the site, including cost and conveyance of all labour and materials at site of work complete as directed by the Engineer-in-Charge. Ladies toilet & gents toilet",
"Removing of damaged doors with frames and stacking the useful material for reuse and disposing the debris to a far off distance, all incidental and operational charges, cost and conveyance of all labour and materials at site of work complete as directed by the Engineer-in-Charge. Ladies toilet & gents toilet",
"Removing of damaged plain cement concrete for flooring and disposing the debris to a far off distance, all incidental and operational charges, cost and conveyance of all labour and materials at site of work complete as directed by the Engineer-in-Charge. Ladies toilet & gents toilet",
Supply & fixing of best indian make European Water Closet of Ist quality confirming to IS - 2556-Par-II-1973 of white glazed with 'S' trap including cost and conveyance of all labour and materials at site of work complete as directed. Gents and ladies toilet,
Supply & fixing low down porcelein flushing tank 10 lts capacity with internal components including cost and conveyance of all labour and materials at site of work complete as directed by the Engineer-in-Charge. Gents and ladies toilet,
Supply & fixing best indian make European Water Closet plastic seat and lid with rubber or plastic buffers as per IS-2548-1996 including cost and conveyance of all labour and materials at site of work complete as directed. Gents and ladies toilet,
Supply & fixing of steel bib cock with plastic health facet with 1.00 mts long and wall hole including cost and conveyance of all labour and materials at site of work complete as directed. Gents and ladies toilet,
Supply & Fixing CPVC pipes & accessories and PVC taps and including cost and conveyance of all labour and materials at site of work complete as directed by the Engineer-in-Charge. a) 28.60 mmø OD pipe alround toilet Out side of tank Over tank delivery pipe Air vent pipe Drinking water pedestal connection From old bore well to tank b) 22.20 mmø OD pipe c) 28.60 mmø to 22.20 mmø brass reducer Gents & ladies toilets for drinking water pedestal d) nylan taps 1/2''ø for toilet for drinking water pedestal e) 28.60 mmø CPVC tee f) 28.60 mmø CPVC Elbow c) 28.60 mmø to 22.20 mmø CPVC Reducer h) 22.20 mmø CPVC Elbow i) 28.60 mmø CPVC Ball valve,
Supply & fixing of sintex plastic water tank third layer ISI standard including loading unloading charges and including providing neccesary holes 1' dia - 4 No's and including fixing necessary including cost and conveyance of all labour and materials at site of work complete as directed by the Engineer-in-Charge. Sintex company tank - 3 layers,
"Bricks masonary pedestal in C.M 1:6 using bricks 2nd class 1:6pro.(1cement:6 sand)including cost of brick and including soaking of brick all incidental, operational, scaffolding,curing charge cost and conveyance of all labour and material at site of work complete as directed by the Engineer-in-charge (ground floor upto a height of 12'0"" above basement level) Pedestal raising allround steps at toilet front",
"Cement plastering to flooring in CM 1: 3 Prop (1cement: 3Sand) of 20mm thick including cleaning the surface, cost of curing, scaffolding, lift, all incidental, seignorage and operational charges, cost and conveyance of all labour and materials at site of work complete as directed by the Eng-in-C. Gents toilet tub bottom Ladies toilet tub bottom walls Out side of tub",
"Supply, fixing and commissioning the following PVC / SWR specials and fixing with solvent joining as per standard practice including cost and conveyance of all labour and materials at site of work complete as directed by the Engineer-in-charge. A) 110mm PVC/SWR pipe of 6Kg/Sqcm Toilet soak pit out side waste water disposal line airvent pipe B) 110mmø PVC/SWR 'L' bend C) 110mmø PVC/SWR Tee In toilet F) 75mmø Nahani trap",
"Providing 4'0"" dia Leach pit for 6'0"" depth using RCC pre cast rings of 4'0"" dia 6 Nos. and providing RCC pre cast cover, 110mm dia SWR vent pipe for 10'0"" length including earth work excavation, cost and transportation of the rings and cover to the site, grounting the joints with cement morter and filling the sides of the pit with excavated earth, cost of rope and other materials and T&P required including cost and conveyance of all materials and all incidental & operational, labour charges like mixing cement morter, curing etc., complete for finished item of work as per instructions of the Engineer-in-charge. for toilet",
"SUPPLYING AND LAYING non skid CERAMIC TILES of best quality having uniform colour of approved make and texture Ist class of size NOT LESS THAN 300X300 for FLOORING set in CM 1:8 Pro. (1cement:8sand) of 12mm thick including neat cement slurry of honey like consistancy spread at 3.3Kg/sqm and joints pointed with white cement paste to full depth mixed with pigment of matching shade all leads and lifts all incidental, operational charges, curing, mixing, seigniorage cost and conveyance of all labour and materials at site of work complete as directed by the Engineer-in-charge. Gents & ladies toilet flooring",
"Construction of man hole chamber of size 4.57 X 4.57m (inner dimensions) including earth work excavation to a depth of 0.3m, PCC 1:4:8 Prop. To a height of 0.1m, brick masonary walls in CM 1:6 Prop. Of width 0.23m alround man hole chamber, PCC 1:2:4 prop. of 0.05m height for chanelling, providing outside plastering in CM 1:6 Prop. of 20mm thick and inside & bottom plastering in CM 1:3 Prop. 12mm thick including cost and conveyance of all labour and materials at site of work complete as directed by the Engineer-in-charge. Toilet back side",
"Colour washing two coats to walls of approved colour and quality including cost of gum, salt, gunji and water, labour charges for preparing and cleaning the surface and dirt with soap and brushes including putty cost, cost and conveyance of all labour and materials at site of work complete as directed by the Engineer-in-Charge. Out side of toilet allround Tubs Pedastals",
"Earth work Excavation in all kinds of soils, wet or dry such as clay, hard clay, black cotton soils, red earth, morrum, gravel etc., in loose and slushy conditions, except rock requiring, blastering for foundation of man holes including bailing out water (pumping out water if necessary) with necessary site clearance, marking out temporary stepping, sloping, shoring, strutting, sectioning, tamping as directed with an initial lead of 10mts. and lift of 3mts., complete as directed by the Engineer-in-Charge. For toilet alround",
"Cement plastering to walls in CM 1:6 Prop (1cement: 6Sand) of 20mm thick including cleaning the surface, cost of curing, scaffolding, lift, all incidental, seignorage and operational charges, cost and conveyance of all labour and materials at site of work complete as directed by the Engineer-in-C. Out side Steps",
"Cement plastering to walls in CM 1: 6 Prop (1cement: 6Sand) of 12mm thick including cleaning the surface, cost of curing, scaffolding, lift, all incidental, seignorage and operational charges, cost and conveyance of all labour and materials at site of work complete as directed by the Engineer-in-C. Inside",
"Supply, fabrication and errection of purlins made with MS box type section of size 50 X 50 X 2.9mm at 5.5Kg/1Rm including cost of end plates of size 160 X 70X6mm 2 Nos. & cost of 10mm dia bolts and nuts 4 Nos. cost of one coat red oxide primer and two coats of alluminium paint transportation charges hire charges of T&P including seigniorage charges cost and conveyance of all labour and materials at site of work complete as directed by the Engineer-in-Charge. For toilet",
"Painting with exterior emulsion paint two coats to walls with approved colour and quality Over primary coat total three coats including labour charges for thoroughly brushing the surface to remove all dirt and remains of loose powdered materials including putty cost and conveyance of all labour, materials and incidental such as scaffolding, lift charges etc., complete for finished item of work as directed by the Engineer-in-Charge. Qty item no: 8",
"Painting with interior emulsion paint two coats to walls with approved colour and quality Over primary coat total three coats including labour charges for thoroughly brushing the surface to remove all dirt and remains of loose powdered materials including putty cost and conveyance of all labour, materials and incidental such as scaffolding, lift charges etc., complete for finished item of work as directed by the Engineer-in-Charge. Qty item no: 9",
"Supply of Double charged/multi charged stain free full body porcelain vitrified tiles with double layer pigment of size 600 X 600mm and thickness between 8-10 mmm and 1st quality conforming to IS : 13711, IS : 13712, IS : 13630 (Parts 1 to 15) any colour and finish in all shades & 1st quality make Johnson endura or equivalent make as approved by Department and of approved colour and texture for SKIRTING set in C.M 1 : 5 Pro. (1cement : 5 sand) 12mm thick and and laid with line and level using cement slurry at 3:30 kgs per square metre of area and pointing the joints with white cement mixed with coloured pigment to match with colour of tile including cost of all materials, labour charges, leads charges, seigniorage charges, incidental and operational charges, curing and cleaning etc., at site or work complete as directed by the Engineer-in-charges. For toilet",
"Removing/chiselling the brick masonary wall with 0.125 width and disposing the debris to a far off distance, all incidental and operational charges, cost and conveyance of all labour and materials at site of work complete as directed by the Engineer-in-Charge. In toilet",
"Cutting of holes in brick masonry including hire charges of drilling machine, crew charges and finishing the same including cost and conveyance of all labour and materials at site of work complete as directed by the Engineer-in-charge. In toilet",
Supply & fixing of European Water Closet of Ist quality confirming to IS - 2556-Par-II-1973 of white glazed with 'P' trap with best Indian make plastic seat and lid with rubber or plastic buffers as per IS-2548-1996 including cost and conveyance of all labour and materials at site of work complete as directed. For toilet,
Supply & fixing of 12.70 mm NP pillar cock Indian make heavy duty including cost and conveyance of all labour and materials at site of work complete as directed. In tiolet,
"Supply & fixing of bib cock cum health faucet with 1mt. Long tube & wall hook of jaguar continental series, chrome finish with 7 years warranty including cost and conveyance of all labour and materials at site of work complete as directed. In toilet",
Supply & fixing of TV shape mirror with plastic frame of size 609.6mm X 457.20mm including cost and conveyance of all labour and materials at site of work complete as directed by the Engineer-in-charge. In toilet,
Supply & fixng NP soap dish heavy duty type with NP screws including cost and conveyance of all labour and mateirals at site of work complete as directed by the Engineer-in-Charge. In toilet,
Supply & fixing of 19.04mm dia & 609.6mm long alluminium anodized towel rod with brackets and alluminium screws including cost and conveyance of all labour and materials at site of work complete as directed by the Engineer-in-charge. In toilet,
"Construction of 457.2mm X 457.2mm (1'6"" X 1'6"") brick masonary inspection chamber as per IS - 4111 part-I 1986 with cement morter 1:6 Prop. Using second class clay bricks of 225mm thick from approved source having a minimum crushing strength of 10N / Sqmm including plastering with cement mortor 1:3 Prop. 1/2"" thick both inside & outside fitted with light weight 900 mm X 900 mm and 64 mm RCC cover with required reinforcement and its fabrication including excavation pits upto a depth of 914.40mm (3'0"") in all sorts of soils (excluding rock) and laying cement concrete (1:4:8) 100mm thick using 40mm HBG metal and PCC (1:2:4) benching & channel 100mm thick as per standard specification and including cost and coveyance of all materials like cement, sand, bricks, water etc., to site cost of seigniorage charges of all materials and all incidental and operational, labour charges like mixing cement morter, constructing masonary, curing etc., complete for finished item of work as per standard specification as directed by the Engineer-in-charge. For toilet",
"Supply, fixing and commissioning the following PVC pipes including couplers / bends / tees etc., including fixing necessary fittings like bends, plugs, couplers, junctions, tees etc., with solvent joining as per standard practice including cost and conveyance of all labour and materials at site of work complete as directed by the Engineer-in-charge. 75mm PVC/SWR pipe of 4kg/Sqcm. 75mm dia CPVC 'Tee' 75 mm dia CPVC Elbow 75mm dia CPVC coupling 75mm dia PVC vent cowl 110mm PVC/SWR pipe of 4kg/Sqcm. 110mm dia CPVC 'Tee' 110 mm dia CPVC Elbow 110mm dia CPVC coupling 110mm dia PVC vent cowl 110mm dia GI clamp 75mm dia GI clamp 4"" dia nahany trap with CP jali",
"Engaging of excavator(JCB) for earth work excavation providing earthen drain, disposing the debries to far away from the site, including cost and convinance of all labour and materials, oil charges, transportation charges etc., complete as directed by the Engineer - in-charge. Leveling the surrounding at EE's & Dy.EE (Eletrical) compound wall",
"Dismantling of damaged brick masonary in cement morter and stacking the useful material for reuse and disposing the debris to a far off distance, all incidental and operational charges, cost and conveyance of all labour and materials at site of work complete as directed by the Engineer-in-Charge. Compound wall Infront of EE's office Brick pillars Infront of EE's office Compound wall Infront of Dy.EE (Eletrical) office Gate pillar at EE's office Gate pillar at Dy.EE (Eletrical) office Compound wall basement",
"Supply and fixing of 6'0'' height precast pre-stressed compound wall with precast concrete post of M Grade of size 6'' x 6'' x 6' 0'' of size above width of 60 mm and depth 40 mm using post reinforcement as 4 m dia high tensile pannels of grade M25 and of size 300 mm (12'') wide, 45 mm thick (1 1/2'') and of length of 6'-0'' using pannel reinforcement as 3mm dia high tensile carbonized steel wire 4 no's and including excavation of post foundation of size 450 x 450 x 600 mm depth and laying M 15 grade concrete for foundations 450 x 450 x 600 mm depth including cost and conveyance of all labour and materials labour and errection of precast posts and pannels carefully complete for finished item of work as directed by the Engineer - In - Charge. Infront of along EE's and Dy.EE's (Eletrical) office",
"Cement plastering to walls in CM 1:5 Prop (1cement: 5Sand) of 20mm thick including cleaning the surface, cost of curing, scaffolding, lift, all incidental, seignorage and operational charges, cost and conveyance of all labour and materials at site of work complete as directed by the E-in-C. All round brick pillars Brickpillar Basement top Brickpillars Brickpillars top Under gate basement Gate basement top",
Colour washing two coats to new walls over one coat of white wash total 3 coats cost and conveyance of all labour and materials at site of work complete as directed by the Engineer - In - Charge. Qty vide item No.7,
Scruping to wall with caustic soda with water cleaning with wire brushes including Hocking with Hocking Hammer including removing the existing delay/ destroyed painting including hire charges of tools and plants etc complete. For Screening wall,
Providing primary coat to walls in single coat with approved quality including labour charges for preparing and cleaning the surface cost and conveyance of all labour and materials at site of work complete as directed by the Engineer-in-Charge. For Screening wall,
Providing putty to Internal wall two coats to approved quality including labour charges for preparing and cleaning of all the surface including cost and conyance of all labour and materials at site of work complete. For Screening wall,
Engaging of labour to cleaning the surface and set right the tables etc. man mazdoor Seignorage charges Add @ N.A.C. 0.10% Add GST 18.00% Particulars,
"Earth work Excavation in all kinds of soils with a lead of 10mts. and lift of 2mts including operational charges cost and conveyance of all labour and materials etc., complete as directed by the Engineer-in-Charge. Main Chambers",
Supply and filling of sand including watering consolidation cost and conveyance of all labour and materials etc at site of work complete Main Chambers,
Providing and laying PCC 1:3:6 for column foundations and bed of flooring using 40mm gauge machine crushed hard granite BSS metal including all incidental operational charges cost & conveyance of all labour and materials at site of work complete as directed by the engineer in charge For main chambers For inlet chambers,
"Providing Brick masonry with solid cement bricks in CM 1:4 for wall foundations including all incidental operation charges cost & conveyance of all labour and materials etc., complete as directed by the engineer in charge For main chamber long For central wall Inlet & out let chambers Long walls Cross walls Bufferwall For vent pipe pedestal",
"Providing RCC 1:2:4 prop of M20 grade using 20mm gauge BSS hard granite machine crushed mateal including mixing centering laying compacting vibratin all incidental operational charges cost and conveyance of all labour and materials at site of work complete as directed by the E-in-C. Baffer wall 2"" to 2½"" thick Roof slab For inlet chambers",
"Supply Fabrication & placing of steel as per the structural drawings including cost of steel & binding wire including all incidental operational charges etc., complete Roof slab",
S & F of 110 mm dia PVC pipe for vent pipe / pipes are sudhakar/phnolex and any ISI mark pipe For vent pipe 4.00 kg/sqcm For disposal line,
"S & F 16 mm dia U shape steps 3'-3"" length",
S & F 110 mm dia PVC slotted vent cowl,
Providing PCC 1:2:4 using 20mm gaugue BSS hard granite metal for flooring Inside tanks For inlet &outlet chambers,
Impervious coat in CM 1:3 20mm thick duly mixing impervious compound as per the directions of company including all operational charges cost & conveyance of all labour and material at site of work complete as directed by the engineer in charge For outside walls Cross walls Surface of inlet & outlet chambers For long walls inside Cross walls Bottom of tank Baffer wall O/L & I/L chambers I side long walls c walls,
"Transportation of excavated soils and disposing with in a distance if 0-3 km including loading, unloading, idle hire charges of truck including cost and conveyance of all etc complete Qty same as item no. 1 Seignorage charges Particulars",
Removing damaged PVC sintex tank and removing the relevent UPVC water pipe all including cost and conveyance of all labour and materials at site of work complete.as directed by the Engineer In Charge. EE's office terrace Dy.EE's office(Electrical),
Supply of polyethylene water storage tank triple layer roto moulded confirming to IS 12701 approved brand & manufacture with suitable cap/cover and suitable locking arrengement and making necessary holes for inlet & outlet and over flow pipes but without fittings & base support for tanks EE's office terrace Dy.EE's office(Electrical),
Fixing of polyethylene water storage tank with revelent pipes including cost and conveyance of all labour and materials at site of work complete EE's office terrace Dy.EE's office(Electrical),
"Supply and fixing CPVC tank nipples and including cost and conveyance of all labour and materials at site of work complete Tank nipple 1""Ø CPVC",
Transportation of sintex tanks 1000 lts capacity 1 No & 500 lts capacity 1 No from godown to work spot including loading & unloading charges and lifting the tank on terrace and placing including all labour and materials at site of work complete,
"Supply &fixing of CPVC pipes and specials including cost and conveyance of all labour and materials at site of work complete 1"" dia/28.60 mm OD 13.5 SDR Pipe 1"" dia CVPC Elbow 1"" dia CPVC Tee",
Supply & fixing of 25mm Gunmetal (GM) ball valve of zolota make heavy duty including cost and conveyance of all labour and materials at site of work complete as directed. On EE's & Dy.EE's office terrace Add @ N.A.C. 0.10% Add GST 18.00% Particulars,
Cutting of slab cracks with power cutting machine including cost of blade and apply brush bond AR and cleaning with power air blower and cleaning cracks with wire brushes and applying brush bond AR including cost and conveyance of all labour and materials at site of work complete as directed by Engineer in charge 2nd floor terrace RM's office top Cantilever portion of RM's office vertical cracks Horizontal crack DM's office Nellore-II depot top vertical cracks Horizontal crack,
"Removing & refixing of CPVC 1"" & 1½""Ø pipe line including cost and conveyance of all labour and materials at site of work complete as directed by Engineer in charge Over 2nd floor terrace 28.60mm OD pipe - SDR 13.5 34.90mm OD pipe - SDR 13.5",
"Supply & fixing 1""Ø CPVC pipe line including cost and conveyance of all labour and materials at site of work complete as directed by Engineer in charge 28.60mm OD pipe - SDR 13.5 34.90mm OD pipe - SDR 13.5",
Supply & fixing 110mmØ SWR down taken pipes with Elbow including cost and conveyance of all labour and materials at site of work complete as directed by Engineer in charge Over 2nd floor terrace,
"Labour charges for removing of brick masonry pillars in cement motor and stacking useful material for reuse and disposing the debris to a far off distance, all incidental and operational charges, cost and conveyance of all labour and materials at site of work complete as directed by the Engineer-in-Charge. Over 2nd floor terrace",
"Removing of RR masonary wall in cement morter and stacking the useful material for reuse and disposing the debris to a far off distance, all incidental and operational charges, cost and conveyance of all labour and materials at site of work complete as directed by the Engineer-in-Charge. Stack of Electrical Tower side Stack No. 1 Stack No. 2",
"Providing plain Cement Concrete (1:3:6) using 70% of 40mm gauge hard granite machine crushed metal and 30% of 20mm gauge hard granite machine crushed metal including labour charges for machine mixing, centering, laying concrete, compacting, vibrating, rendering, fine finishing, curing, conforming to IS 456-1978 including all incidental, operational, scaffolding and seigniorage charges, cost and conveyance of all materials and labour, at site of work complete (excluding cost of steel, binding wire and its fabrication) as directed by the Engineer-in-Charge. At compound wall side Inside of engine room along C'wall side",
"Cement plastering to walls in CM 1:3 Prop (1cement: 3Sand) of 20mm thick including cleaning the surface, cost of curing, scaffolding, lift, all incidental, seignorage and operational charges, cost and conveyance of all labour and materials at site of work complete as directed by the E-in-C. At compound wall side Inside of engine room along C'wall side",
"Cement plastering to walls in CM 1: 5 Prop (1cement: 5Sand) of 12mm thick including cleaning the surface, cost of curing, scaffolding, lift, all incidental, seignorage and operational charges, cost and conveyance of all labour and materials at site of work complete as directed by the Engineer-in-C. For inside of side walls Bottom For outside of side walls",
"Cutting of holes in brick masonary including hire charges of driling machine, crew charges and finishing the same including cost and conveyance of all labour and mateirals at site of work complete as directed by the Engineer-in-Charge.(BMW- I - 46) To wall",
"RR Stone masonry with granite variety in super structure for any thickness of wall in CM 1:8 (1cement:8sand) including cutting of stone all incidental, operational, seignorage charges, curing charges,cost and conveyance of all labour and materials, at site of work complete as directed by the Engineer-in-charge. All round building First footing Second footing Centre long wall First footing Second footing Cross wall between supervisor & gents toilets First footing Second footing internal walls in gents bath room First footing Second footing",
"Reinforced Brick masonry with second class bricks having a minimum crushing strength of 40Kg/sqcm as per IS-1077-1976 in CM 1:4 Prop (1cement:4sand) in superstructure for 4 1/2"" thick walls including soaking of bricks, curing and all incidental, oprational, seignorage charges, scaffolding and lift charges, cost and conveyance of all labour and materials at site of work complete as directed by the Engineer-in-Charge. Centre long wall Cross wall between supervisor & gents toilets Internal walls in gents bath room Under urinals in gents toilet Deduction toilet doors",
"Supply, fabrication and errection of purlins made with MS box type section of size 72X72X3.20mm at 6.71Kg/1Rm including cost of end plates of size 160X70X6mm 2 Nos. & cost of 10mm dia bolts and nuts 4 Nos. cost of one coat red oxide primer and two coats of alluminium paint transportation charges hire charges of T&P including seigniorage charges cost and conveyance of all labour and materials at site of work complete as directed by the Engineer-in-Charge. For toilets",
"Supply, fabrication and errection of Rafters 3.05mts. Length using structural steel box sections of YST 210 grade confirming to IS - 4923 - 1997 of size 60X60X3.2mm @ 5.5Kg/M as per design and drawing and painting all structural members with red oxide paint including cost of bolts, nuts, screws, washers etc., including cost and conveyance of all materials at site of work, all labour charges, welding, fabrication, errection and scaffolding charges, lift charges, complete as directed by the Engineer-in-Charge. For toilets",
Supply & fixing of cement concrete Jallies of 40mm thick as per design approved by the Engineer-in-charge including cost and conveyance of all labour and materials at site of work complete as directed by the Engineer-in-Charge. For toilets,
"Providing and fixing factory made solid Wood Polymer Composite (WPC) single extruded Door Frame section of size with encapsulation of 8MM rigid layer on all the six surfaces. The door frame will have a rebat of 32MM. Door Frame section of 45x90 MM . The two Vertical members are to be joined together with the horizontal member using 8x60 MM long MS Star full thread screws to be used with reverse forward speed control hand drilling machine. The ready/assembled door frame is fixed to the wall using hold fast or bolt fasteners. A minimum of 4 No.s of screws to be provided for each vertical member & minimum 2no.s for horizontal member including cost of labour, hire charges of required T&P all incidential and operational charges cost and conveyance of all llabour and materials at site of work etc., complete as directed by the Engineer-in-charge. Frame for toilet and Bath rooms Main door",
"Providing and fixing 28 -30 MM thick solid Wood Polymer Composite(WPC) single extruded door shutter with 3MM top and bottom rigid layer with an overall density of 750kg/Cum.including fixing of necessary fixtures like 2nos of 125mm Alu. handles, 2no. of 200mm Alu. aldrop, 2 Nos of 150mm Alu. tower bolt, 4 Nos. of 150mm MS hinges and 6 Nos of MS hold fasts, inlcuding cost of labour, hire charges of required T&P all incidential and operational charges cost and conveyance of all labour and materials at site of work etc., complete as directed by the Engineer in charge. Toilet shutters Main door",
"SUPPLYING AND LAYING CERAMIC TILES of best quality having uniform colour of approved make and texture Ist class of size NOT LESS THAN 300x450/300X200/245X325mm for SKIRTING/Wall Cladding set in CM 1:3 Pro. (1cement:3sand) of 12mm thick including neat cement slurry of honey like consistancy spread at 3.3Kg/sqm and joints pointed with white cement paste to full depth mixed with pigment of matching shade all leads and lifts all incidental, operational charges, curing, mixing, seigniorage cost and conveyance of all labour and materials at site of work complete as directed by the Engineer-in-charge. Gents and ladies toilet all round Urinals all round urinals standing pedastal Center wall in gents toilet 4 1/2"" wall Center wall in supervisor toilet 4 1/2"" wall Inside of gents toilet passage U shape Inside of supervisor toilet passage U shape Side faces of toilet doors Side faces of main doors Deduction of toilet doors Deduction of main doors",
"Supply and Fixing of 580.00 mm (23"") long i.e. 580mm x 440mm Orissa pan of white colour and make parryware/neycer/HSW confirming to IS 2556-part-3-1981 with necessary ""p"" or ""s"" trap in brick masonary seat/bed suitable for Indian WC and cement concrete squatting plate in PCC 1:2:4 as per standard practice with brick masonary in CM 1:4 Prop. (1cement:4sand) using bricks having minimum crushing strength of 40kg/Sqcm. as per IS 1077-1976 including necessary 20mm thick plastering in CM (1:4) prop. and soaking of bricks, curing, including all incidental and operational, seigniorage charges etc., Including cost and conveyance of all labour and materials at site of work complete as directed by the E-in-C. In gents toilet",
Supply & fixing best Indian make plastic seat and lid for European Water Closet with rubber or plastic buffers as per IS-2548-1996 including cost and conveyance of all labour and materials at site of work complete as directed. Supervisor and gents toilet W.C plastic,
Supply & fixing of (flush tank)PVC low level system with internal components & short bend 10Lts. Capacity single flush including cost and conveyance of all labour and materials at site of work complete as directed. Supervior and gents toilets,
Supply & fixing of 12.70mm CP BIB Tap Indian make heavy duty including including cost and conveyance of all labour and materials at site of work complete as directed. Supervisor and gents toilets,
"Supply & fixing of bib cock cum PVC health faucet with 1mt. Long tube & wall hook of jaguar continental series, chrome finish including cost and conveyance of all labour and materials at site of work complete as directed. Supervisor and gents toilets",
Supply & fixing of angle stop cock 12.70mm dia Ist quality Indian make heavy duty including cost and conveyance of all labour and materials at site of work complete as directed. Supervisor and gents toilets,
"Supply & fixing of white glazed flat back urinal bowls of size 590mmX375mmX390mm with internal flushing Rim fixed with screws confirming to IS - 2556 - 1995 with standard CP spreader of overall size 95X95X57mm, including PVC connections, N.P push and stop cock, 38.10mm PVC waste pipe etc., including cost and conveyance of all materials, labour charges etc., complete as directed by the Engineer-in-charge. Gents toilets",
"Supply and fixing of 4"" or 110mm Nahani trap (with Jally & floor trap) PVC / SWR including boxing in brick masonary including cost and conveyance of all labour and materials at site of work complete as directed. Supervisor and gents toilets",
Supply & fixing of 20mm Gunmetal (GM) gate valve of zolota make heavy duty including cost and conveyance of all labour and materials at site of work complete as directed. Supervisor and gents toilets,
Supply & fixing of 25mm Gunmetal (GM) gate valve of zolota make heavy duty including cost and conveyance of all labour and materials at site of work complete as directed. Supervisor and gents toilets,
"Supply & fixing Indian make Flat Back Wash Hand Basin Ist quality conforming to IS : 2556-Part-4:1972 with waste fittings like rubber plug, chain 32 mm nominal size C.P. Fitting with parallel pipe thread conforming to IS : 2963-1979 and fitted with 15mm nominal bore chromium plated pillar Tap of Ist quality Indian make 400 grams Seiko / Senior / Nice / Esso or equivalent complete including 12.70mm PVC connection, 12.70mm angle stop cock, 31.70mm PVC flexigel waste water pipe or equivalent with standard CI brackets including wooden block : 550 X 400mm including cost and conveyance of all labour and materials at site of work complete as directed by the Engineer-in-charge. Supervisor and gents toilets",
"cutting of holes brick masonary including hire charges og drilling machine, crew charges and finishing the same including cost and conveyance of all labour and materials at site of work complete as directed by the Engineer - In - Charge. In toilets",
"Painting with exterior emulsion paint two coats, one coat of primary to walls with approved colour and quality including labour charges for thoroughly brushing the surface to remove all dirt and remains of loose powdered materials including putty cost and conveyance of all labour, materials and incidental such as scaffolding, lift charges etc., complete for finished item of work as directed by the Engineer-in-Charge. Quantity vide item no. 17",
"Removing of damaged brick masonry in cement motor and stacking useful material for reuse and disposing the debris to a far off distance, all incidental and operational charges, cost and conveyance of all labour and materials at site of work complete as directed by the Engineer-in-Charge. Bit 1 south west corner Super structure damaged wall",
"Removing of R.R Masonary in cement motor and stacking useful material for reuse and disposing the debris to a far off distance, all incidental and operational charges, cost and conveyance of all labour and materials at site of work complete as directed by the Engineer-in-Charge. Bit 1 south west corner",
"Labour charges for removing of 40'0"" to 60'0"" height of trees 6'0"" to 10'0"" stem and removing the tree roots by using electrical sawing maching, ropes are to be used for removing of tree branches and tree stems, cost of diesel/petrol for cutting electrical sawing mechine, hire charges of ladder and ropes cost and conveyance of all labour and materials etc., complete as directed by the Engineer-in-Charge. 1No's",
"Providing and Laying plain cement concrete 1:3:6 Pro. (1 cement:3sand:6metal) using 40mm gauge hard granite machine crushed metal conforming to IS 383-1970 in foundation and for BED of flooring including machine mixing, depositing in position, ramming, finishing, curing including all incidental operational and seigniorage charges cost and conveyance of all labour and materials at site of work complete as directed by the Engineer-in-Charge. Bit 1",
"Providing barbed wire fencing on compound wall with 40X40X6mm MS angle of 4'0"" length at 12'0"" center to center and providing SWG barbed wire 6 Nos. horizontals & 2 Nos. diagonals including cost of GI wire for tying the barbed wire and making holes in brick masonary for fixing of MS angle including cost of PCC 1:2:4 Prop. of size 0.23X0.23X0.23Mts. complete as directed by the Engineer-in-charge. Top of compound wall",
Supply & fixing 6''ø PVC/SWR Pipe 6.00 kg/Rm cost and conveyance of all labour and materials at site of work complete as directed by the Engineer-In-charge. From B/D side to out side,
Construction of brick masonary manhole - in side 1'-6'' x1'-6'' including cost and conveyance of all labour and materials at site of work complete as directed by the E-In-charge,
"Structural repairs by providing Haunching to the corner of terrace and parapet wall to arrest leakages duly chipping with pneumatic power chiselling equipment and until to achieve the hard mother concrete surface. Duly removing of debris, cleaning of the surface from dirt and other foreign matter & water jet cleaning, applying styrene butadine rubber based bonding agent for motor/concrete (mix 1:1 ration of cement) agent complies with ASTM D 4541/BSEN 12390 applying high strength cement concerete flooring of 50mm thick average with CC (1:1.5:3) Prop. using 12mm down graded hard granite machine crushed metal mixing with concrete repair Admixtures and water reducing admixture 1 to 2 liters per bag of 50kg of cement including mixing, depositing, finishing in line, level and required slope cost of curing, cost of construction chemicals, all incidental, operational, seigniorage charges, cost and conveyance of all labour and materials at site of work complete as directed by the Engineer-in-charge. North side West side East side",
"Supply of FOSROCK nito bond RFX liquid 5 lts & 15 kgs of powder bag including transportation charges, loading & unloading charges all including cost and conveyance of all labour and materials at site of work complete. For galatha",
"Digging of pipe line side 3.00 mts and trench 2'x2'x3' infront of WM's office and checking the damaged pipe line and removing a damaged GI pipe 1""Ø including cutting with axe of frame and fixing 1""Ø GI dummy and refilling the execavated soil after completion of refixing of water GI pipe line - etc., Seignorage charges Add @ N.A.C. 0.10% Add GST 18.00% Particulars",
"Supply, fabrication and errection of truss made with MS box type section of size 38X38X2.60mm @2.75Kg/Rm as top, bottom and internal vertical members made with 32X32X2mm @ 1.8Kg/1Rm with MS plates of size 160X70X6mm - 3 Nos. welded to the top truss members with making necessary 10mm holes and bolts with washers and where stanchions are to be fixed with MS plates of size 350X150X10mm top-2Nos, bottom-2 Nos with necessary 16mm dia holes and bolts with washers- 4Nos fixing of top stiffners plate size 175X100X12mm-2Nos at end of truss and bottom stiffner plate size 200x100x10mm-2Nos including cost of 12mm dia holes and bolts with washers - 4 Nos including hire charges of all T & P, cost of one coat red oxide primer and two coat of enamel paint, including transportation charges, seigniorage charges, scafolding charges cost and conveyance of all labour and materials at site of work complete as directed by the Engineer-in-Charge. For extension of shed cantilever",
"Supply, fabrication & errection of MS tubular rafter of size 60x60x3.20mm @5.50 kg/m and fixing end plate of size 160mmx70mmx6mm 3nos, 10mmø bolts 4nos of each plate including cost of nuts and washers and including zinc primer and enamel paint allround the purlins including cost and conveyance of all labour and material at site of work complete. For extension of shed cantilever",
"Labour charges for removing the old 2 1/2""ø to 3""ø GI pipes fixed in concrete on/in walls including removing of damaged channels/ angles at a height of 3.66 mts, stacking the usefull materials for reuse and dispose the removed damaged materials from the site of work, cost and conveyance of all labour and materials at site of work complete as directed by the E-in-C. 2 1/2"" MS round pipe(over long wall) 3"" MS round pipe (over short wall)",
"Labour charges for cutting of holes in brick masonry for fixing of 2 1/2""ø MS pipes and finishing the same including cost and conveyance of all labour and materials at site of work complete as directed by the E-in-C. Over Record room (long wall) Short wall",
"Labour charges for fixing of Departmental 60.30mm OD MS pipe including cutting welding and fixing in position, scoffolding charges and hire charges of T&P including cost and conveyance of all labour and materials at site of work complete. In Record room",
"Supply and fixing of 60.30mm ODMS pipe at 5.10 kgs/1RM including cutting, welding, fabrication, fixing in position, scaffolding charges, hire charges of T&P, cost and conveyance of all labour and materials at site of work complete as directed by the Engineer-in-charge. 60.30mm OD MS pipe (over long wall) 76.10mm OD MS pipe (over short wall)",
"Providing & Fixing thermocole false ceiling in true horizontal level 600mm X 600mm using 19mm thick thermocole sheet anodised alluminium 'T' sections of size 24.50mm X 24.00mm X 2.4mm in grid with cross 'T' of size 24X24.5mm at every 600mm center to center and anodised alluminium wall angle of size 24X24mm fixed to periphery of the wall and the above grid is suspended at every 1200mm center to center in both directions using 2.00mm thick GI wire for finished of size 600X600mm including cost and conveyance of all labour and materials such as cutting, fixing of stending of frame work exposing roof making complete for finished item of work. In Record room",
"White washing two coats to walls including cost of gum, gunjee water labour charges for thoroughly brushing the surface to remove all dirt and remains of loose powdered materials including putty, cost and conveyance of all labour, materials and incidental such as scaffolding, lift charges for finished item of work as directed by the Engineer-in-Charge. Inside of long wall(back) Inside of long wall(front) Inside short walls Deduction door",
"Painting two coats to old wood work with best variety synthetic enamel paint of approved colour and quality, labour charges for thoroughly brushing the surface to remove all dirt and remains of loose powdered materials, cost of brushes including cost and conveyance of all labour and materials at site of work complete with necessary scaffolding complete as directed by the Engineer-in-Charge. Main door Add seiginorage charges Add 0.10% NAC Add GST 18.00% Particulars",
"Painting with sythentic enamel paint one coats to old walls with approved colour and quality including labour charges for thoroughly brushing the surface to remove all dirt and remains of loose powdered materials including cost and conveyance of all labour, materials and incidental such as scaffolding, lift charges etc., complete for finished item of work as directed by the Engineer-in-Charge.First floor Frent side chairmen room Main door putty side Door top Chamber room Dy CAO office out side Left side staircase land rail Small wall landing away Staircase rail last side down Rectangular bit Landing wall Horizental wall Slope Horizental wall Landing Landing wall Landing wall side Right side horizental wall Dy CAO office door side right wall Dy CAO A/C office landing Right side wall Right side wall sloped security room side main sloped wall Security branch right side",
"Painting two coat to old walls with best variety synthetic enamel paint of approved colour and quality, preparing and cleaning the surface and dirt, cost of brushes scaffolding charges including putty, cost and conveyance of all labour and materials at site of work complete as directed by the Engineer-in-Charge. Top landing wall 2 coats security opp wall 2 coats",
Suply and fixing of roller blinds of required size including aluminium shaft of top and bottom with necessary rolers and cloth of approved colour and quality including fixing in position for smooth operation cost and cvonveyance of all labour and materials at site of work complete as directed by the E-In-Charge. Chairmen room windows,
Labour charges for fixing of departmental blinds of required size including aluminium shaft of top and bottom with necessary departmental rolars and cloth including fixing in position for smooth operation cost and cvonveyance of all labour and materials at site of work complete as directed by the E-In-Charge. Anty room windows,
Supply and fixing of godrej aluminium door closer with fixing of necessary screws and adjecement with trails for smooth functioning cost and cvonveyance of all labour and materials at site of work complete as directed by the E-In-Charge. Chairmen room main door,
supply and laying coconut door mats 40 mm thick havy duty/cloth mats of any size including cost and cvonveyance of all labour and materials at site of work complete as directed by the E-In-Charge. A) Chairmen office Main door mat size0.45 x 0.60 Ground floor stair case enterence mat size1.20 x 0.60 B) cloth mat anty room toilet front side of size 0.45 x 0.30,
Supply and fixing of chaimen main door cartons of size 0.90 x 2.10 including cost and cvonveyance of all labour and materials at site of work complete as directed by the E-In-Charge. Chairmen main door,
Supply and fixing of 1'' dia steel carton rods with 1'' dia steel brackets 2BNo's with necessary screws by using drilling machine including cost and cvonveyance of all labour and materials at site of work complete as directed by the E-In-Charge. Chairmen chamber front main door,
Supply and fixing of door stafers steel/powder coated iron with necessary screws including cost and cvonveyance of all labour and materials at site of work complete as directed by the E-In-Charge. Chamber Main door steel stafer 6'' long B)Anty room power coated door stafer,
Removing and refixing of departmental doors 4No's of size 0.90 x 2.10 M / 0.80 x 1.80M with using necessary screws and MS hinges 5'' long to rapirs the doors shutters troughping and refixing line and lengh. And repairs the sofa sets legs 2No's including cost and cvonveyance of all labour and materials at site of work complete as directed by the E-In-Charge. Chairmen PO Main door PO office main door Depot - 2 manager chamber main door In CI cham back side,
"Supply and laying PVC enail flooring mat of 1.30 mm thick and cutting required shape and cleaning the existing surface cleaning 3 times entaire area by using necessary wire brushes,iron blads and wooden brushes.Before laying mat applying entair floor area with fevicol SR bond 2 coats and than fixing the mat and rolling the wooden rollers and form the flooring nitly and regtly including cost and cvonveyance of all labour and materials at site of work complete as directed by the E-In-Charge. Chairmen PA room",
Supply of mason and manmazdoors to repairs wall patches and steps patches ground floor on first floor and chairmen room out side excluding cost of cement and sand including cost and cvonveyance of all labour and materials at site of work complete as directed by the E-In-Charge. A)mason first class B)helpers MM Cement Add NAC 0.10% Add GST 18% Particulars,
Supply and fixing MS OD Tubular pipes/square pipe including welding cleat top 100x50x6mm thick cleat plate including necessary bolts and nuts welding cleat to pipe top on cantilever for fixing purlins and rafters and including one coat of primer and two coat of synethetic enamel paint including cost and conveyance of all labour and materials at site of work complete as directed by the Engineer-in- Charge. 60.30mm OD MS Tubular vertical poles Front side of scooter stand Back side of scooter stand 48.30mm OD MS square pipe purlins 60 x 60mm square pipe rafters,
"Cement plastering to walls in CM 1: 5 Prop (1cement: 5Sand) of 20mm thick including cleaning the surface, cost of curing, scaffolding, lift, all incidental, seignorage and operational charges, cost and conveyance of all labour and materials at site of work complete as directed by the Engineer-in-C. Poles alround (pillars) Existing walls Out side brick wall all round",
"Supply and fixing of Galvalume sheet for roofing including cost of 'J' - bolts, cost of washers, nuts, cost and conveyance of all labour, materials all incidental such as scaffolding, lift charges for finished item of work as directed by the Engineer-in-Charge. For scooter stand Cantilevear portion",
Supply and filling of sand in basement consolidation as for standed including cost and conveyance of all labour and materials at site of work complete. For basement For ramp Under poles - 12,
"Painting two coats to old walls with best variety synthetic enamel paint of approved colour and quality, preparing and cleaning the surface and dirt, cost of brushes scaffolding charges including putty, cost and conveyance of all labour and materials at site of work complete as directed by the Engineer-in-Charge. Frent side chairmen room Main door putty side Door top Chamber room Dy CAO office out side Left side staircase land rail Small wall landing away Staircase rail last side down Rectangular bit Landing wall Horizental wall Slope Horizental wall Landing Landing wall Landing wall side Right side horizental wall Dy CAO office door side right wall Dy CAO A/C office landing Top landing wall 2 coats Right side wall Right side wall sloped security room side main sloped wall security opp wall 2 coats Security branch right side Particulars",
"Cement plastering to walls in CM 1: 6 Prop (1cement: 6Sand) of 20mm thick including cleaning the surface, cost of curing, scaffolding, lift, all incidental, seignorage and operational charges, cost and conveyance of all labour and materials at site of work complete as directed by the Engineer-in-C. Out side Steps",
"Supply, fabrication and errection of purlins made with MS box type section of size 50X50X2.9mm at 5.5Kg/1Rm including cost of end plates of size 160X70X6mm 2 Nos. & cost of 10mm dia bolts and nuts 4 Nos. cost of one coat red oxide primer and two coats of alluminium paint transportation charges hire charges of T&P including seigniorage charges cost and conveyance of all labour and materials at site of work complete as directed by the Engineer-in-Charge. For toilet",
"cutting of holes in brick masonry including hire charges of drilling machine, crew charges and finishing the same including cost and conveyance of all labour and materials at site of work complete as directed by the Engineer-in-charge. In toilet",
Supply & fixing of 12.70 mm NP bib cock Indian make heavy duty including cost and conveyance of all labour and materials at site of work complete as directed. In tiolet,
"Providing 4'0"" dia Leach pit for 6'0"" depth using RCC pre cast rings of 4'0"" dia 7Nos. and providing RCC pre cast cover, 110mm dia SWR vent pipe for 10'0"" length including earth work excavation, cost and transportation of the rings and cover to the site, grounting the joints with cement morter and filling the sides of the pit with excavated earth, cost of rope and other materials and T&P required including cost and conveyance of all materials and all incidental & operational, labour charges like mixing cement morter, curing etc., complete for finished item of work as per instructions of the Engineer-in-charge. Soak pit",
"Transportation of dismantled material to a distance of 1.00 Km. away from site including loading, unloading cost and cnveyance of all labour and materials at site of work complete as directed by the Engineer-in-Charge. Qty vide item no: 1 Seignorage charges Add @ N.A.C. 0.10% Add GST 18.00% Particulars",
"Removing of damaged doors & windows and stacking the useful material for reuse and disposing the debris to a far off distance,all incidental and operational charges cost and conveyance of all labour and materials all site oof work complete. Iron windows Door shutter",
"Removing of damaged floor tiles and disposing the debris tto a far off distance, all incidental and operational charges,cost and conveyance of all labour and materials at site of work complete. In dining hall Deduction of big pillars of dining tables Deduction of small pillars of dining tables small double pillar",
"Removing of damaged flooring concrete and disposing the debris to a far of distance, all incidental operational charges,cost and conveyance of all labour and materials at site of work complete. In dining hall Deduction of big pillars of dining tables Deduction of small pillars of dining tables small double pillar",
"Removing /chiselling the brick masonary walls cracks enthier wall and disposing the debris to a far off distance, all incidental and operational charges cost and conveyance of all labour and materials at site of work complete. North side of dining hall outside Basement of dining hall frontside Compound wall side",
"Bricks masonary with brick for any thickness of walls in C.M 1:6pro.(1cement:6sand)including soaking of brick all incidental, operational, scaffolding,curing chargecost and conveyance of all labour and material at site of work complete as directed by the Engineer-in-charge (ground floor upto a height of 12'0"" above basement level) Windows left side pillars Right side pillar Window Bottom raising Brick pillar Door 1 Step door 2 step dining hall west side walls Bottom of window dining hall middle pillar Out side kerb wall West side kerb wall",
"Providing and fixing factory made solid wood polymer coposite (WPC) single extrcted door frame section of size with encapsulation of BMM rigid layer on all the six surface the adoor frame will have a rabat of 32 mm door frame section of 45 x 90 mm the two vertical members are to be joined together with the horizental member using 8 x 60 mm long star full thread screws to be used with reverse forward speed control hand drilling machine the ready/ assembled door frame is fixed to the wall using hold fast or bolt fasteners A alluminium of 4No's of screws to be provided for each vertical member & minimum 2 no's for horizental member including cost of labour, hire charges of required T&P all incidental and operational cahrges cost and conveyance of all labour and materials at site of work complete as directed by the E-in-C. Door top & bottom numbers Verticals numbers",
"Providing and fixing 28-30 mm thick solid wood polymer composite (WPC) single extructed door shutter with 3 mm top and bottom rigid layer with on overall density of 750 kg/cum.including fixing of necessary fixtures like 2No's of 125 mm alu. Handles 2No's of 200 mm alu. aldrop 2No's of 150 mm . alu tower bolt 4No's of 150mm MS hinges and 6No's of MS hold fasts including cost of labour,hire charges of required T&P all incidental and operational charges cost and conveyance of all labour and materials at site of work complete as directed by the E-in-C. Double shutter",
"Providing primer paint to walls of any paint of approved quality colour and quality on exising surface primary coat including labour charges for thoroughly brushing the surface to remove all dirt and remains of loose powdered materials including cost and conveyance of all labour, materials and incidental such as scaffolding, lift charges etc., complete for finished item of work as directed by the Engineer-in-Charge. North side Long wall South side Long wall East & West side Deduction gap Deduction door Deduction window compond wall out side Compound wall in side Garrege side wall Front side basement Celling",
"Painting with interior emulsion two coats to walls with approved colour and quality on exising primary coat including labour charges for thoroughly brushing the surface to remove all dirt and remains of loose powdered materials including cost and conveyance of all labour, materials and incidental such as scaffolding, lift charges etc., complete for finished item of work as directed by the Engineer-in-Charge. North garage side wall deduction gap wall sill top wall sill bottom Ro plant wall deduction windows Add sills Window top East side wall North side wall Deduction door Add sides Deduction window aluminium Window sills add Window top Add garrage side vertical drops",
"Painting two coat walls with best variety synthetic enamel paint of approved colour and quality, preparing and cleaning the surface and dirt, cost of brushes scaffolding charges including putty, cost and conveyance of all labour and materials at site of work complete as directed by the Engineer-in-Charge. North garrage side wall Add glass painting Brick masonary partitian wall South side wall East and west side Deduction door Deduction windows Add aluminium window bottom Window sides Garrage side small pillars Dining pillars",
Supply & fixing polished Napa stone 40 mm thick for dining tables and seating benches including cost and conveyance of all labour and materials at site of work complete. Seating tables and dining tables Seating tables and dining tables Seating tables and dining tables Seating tables and dining tables Seating tables and dining tables,
"Supplying & Fixing indian makeflat back wash hand basin 1st quality conforming to IS:2556-part-4: 1972 with waste fittings like rubber plug, chain, 32 mm nominal size C.P. Fitting with parallel pipe thread conforming to IS:2963-1979 and fitted with 15mm nominal bore chromium Plated Pillar tap of 1st quality indian make 400grams seiko/senior/nice/Esso or equivalent complete with standard CI brackets including wooden block: 660 x 460 mm- Single C.P Pillar cock North side wall SSR No. 2023-24 item code BMW-D.21",
"Supply and fixing fo alluminum sliding window powder coated channel frame of size 45.20 X 35 mm @ 0.414 kg/mt and shutter section 37.50 X 20.50 mm @ 0.369 kg/mt 5mm thick colour glass including cost of locking allowyent, rubber beading, weather stopper, roller silicon scalut, including cost and conyenance of all labour and material at site of work complete. North side East side",
"Supply & Fixing CPVC/PVC pipes & accessories including cost and conveyance of all labour and materials at site of work complete as directed by the Engineer-in-Charge. North side (a) 22.20 mm CPVC OD pipe SDR 13.50 (b) Brass reduser 3/4 to 1/2 (c) 1"" L bend (d) 1"" CPVC Tee (e)1"" dia FTA (f) 5"" dia Nahani trap (g) Removing of 1"" dia old GI pipe (h)1"" CPVC clamps",
"Cutting of CC 20 mm thick metal, including hire charges for heavy drilling machine cable and disposing the debris to a far off distance,all incidental and operational charges, cost and conveyance of all labour and materials at site of work complete as directed by the Engineer in charge. Long walls Short walls",
"PROVIDING REINFORCED CEMENT CONCRETE (1:2:4) using 330 kgs of cement with a minimum strength of M20 grade using 20mm gauge hard granite machine crushed metal including labour charges for machine mixing, centering, laying concrete, compacting, vibrating, rendering, fine finishing, curing, conforming to IS 456-1978 including all incidental, operational, scaffolding and seigniorage charges, cost and conveyance of all materials and labour, at site of work complete (excluding cost of steel, binding wire and its fabrication) as directed by the Engineer-in-Charge. Lintels on Main door ventiletors Sunshed on Main door Door 1 Ventilator 1 (front side wall)",
"Cement plastering to walls in CM 1:6 Prop (1cement: 6Sand) of 12mm thick including cleaning the surface, cost of curing, scaffolding, lift, all incidental, seigniorage and operational charges, cost and conveyance of all labour and materials at site of work complete as directed by the E-in-C. Inside wall Overhall pedastal Sides Front side Deduction Main Door",
Supply and fixing RCM 40 mm thick jally including cost and conveyance of all labour and materials at site of work complete. As directed by Engineer - In - Charge. RCM jally,
Supply and fixing of 76.10 mm MS OD pipe including cost and conveyance of all labour and materials at site of work complete 76.10 mm MS OD pipe,
"Supply & fixing of prepainted galvalume sheet on roof top or R.O plant room profile roofing sheets with 0.50mm thickness, coating : Alu Zink coating AZ 150 GSM, tensile strength : 550MPA. Paint coating : regular modified polyster painting. Painting thickness (top) : 18 to 20 microns, (bottom) : 5 to 7 microns. Sheet width - 1.020 Mts., length : maximum 12Mts. with regular range colours including scaffolding charges, cost and conveyance of all labour and materials at site of work complete as directed by the Engineer-in-Charge. R.O plant room",
Supply and Fixing of polyethylene water storage tank with revelent pipes including cost and conveyance of all labour and materials at site of work complete Sintex PVC water tank,
"PROVIDING REINFORCED CEMENT CONCRETE using 330 kgs/cum of cement with a minimum strength of M20 grade using 20mm gauge hard granite machine crushed metal including labour charges for machine mixing, centering, laying concrete, compacting, vibrating, rendering, fine finishing, curing, conforming to IS 456-1978 including all incidental, operational, scaffolding and seigniorage charges, cost and conveyance of all materials and labour, at site of work complete (excluding cost of steel, binding wire and its fabrication) as directed by the Engineer-in-Charge. Footings Tripizoidal portion footings Columns Pedastal Columns Plinth beam All round building Midle wall Toilet and pooja Londg wall Short wall Kitchen flat form Slab Front slab projection Loft Beam Toilet and pooja Long wall Short wall Lintels Bed room kitchen Hall Toilet Pooja Sunshade Bed room kitchen Hall Toilet Pooja",
"PLASTERING TO WALLS 20mm thick in CM 1:5 Prop. (1cement:5sand) 16mm thick Ist coat and 2nd coat in CM 1:3 Prop. (1cement:3sand) 4mm thick with DUBARA SPONGE finishing including cleaning the surface cost of curing, scaffolding all incidental seigniorae and operational charges cost and conveyance of all labour and materials at site of work complete as directed by the Engineer-in-Charge. All round building",
"PLASTERING TO WALLS 12mm thick in CM 1:5 Prop. (1cement:5sand) 16mm thick Ist coat and 2nd coat in CM 1:3 Prop. (1cement:3sand) 4mm thick with DUBARA SPONGE finishing including cleaning the surface cost of curing, scaffolding all incidental seigniorae and operational charges cost and conveyance of all labour and materials at site of work complete as directed by the Engineer-in-Charge. Kitchen/Hall Bed room Toilet room Pooja room Up lofts Deduction main doors Deduction bed room doors Deduction toilet and pooja room Deduction windows Deduction toilet and pooja room",
"PLASTERING TO CEILING 12mm thick in CM 1:5Prop. (1cement:5sand) 9mm thick Ist coat and 2nd coat in CM 1:3 Prop. (1cement:3sand) 3mm thic with DUBARA SPONGE finishing including cleaning the surface cost of curing, scaffolding all incidental seigniorae and operational charges cost and conveyance of all labour and materials at site of work complete as directed by the Engineer-in-Charge. Celling plastering Down lofts Canteeliver portion",
"SUPPLYING AND LAYING CERAMIC TILES of best quality having uniform colour of approved make and texture Ist class of size NOT LESS THAN 300X300 for FLOORING set in CM 1:8 Pro. (1cement:8sand) of 12mm thick including neat cement slurry of honey like consistancy spread at 3.3Kg/sqm and joints pointed with white cement paste to full depth mixed with pigment of matching shade all leads and lifts all incidental, operational charges, curing, mixing, seigniorage cost and conveyance of all labour and materials at site of work complete as directed by the Engineer-in-charge. Toilet Long wall Short wall Pooja room Long wall Short wall Bed room Long wall Short wall Hall room Long wall Short wall Kitchen flat form above",
"Providing & fixing 30mm thick SOLID PANEL PVC DOOR SHUTTER consisting of frame made out of 19gauge MS tube of 19mmX19mm for stiles, top and bottom rail, with a coat of primer of approved make. The MS. Frame shall be covered with 5mm thick heat moulded PVC 'C"" channel of size 30mmX50mm to forming stiles and 5mm thick, 75mm wide PVC sheets for the top, bottom and lock rails on either side and 20mm wide cross PVC sheet as gap insert for top rail and bottom rail, panelling of 10mm (+/-) (5mm+5mm) thick PVC sheet to be fitted in the MS. Frame welded / sealed to the stiles, on either side and joined together with solvent cement adhesive etc. An additional 5mm thick PVC strip of 20mm width is to be stuck on the interior side of the ""C"" channel using solvent cement, complete as per manufactuer's specification including seigniorage charges, cost and conveyance of all labour and materials at site of work complete as per direction of Engineer - in - Charge. Toilet door shutter Main door Bed room door Pooja room",
"Providing and fixing factory made solid Wood Polymer Composite (WPC) single extruded DOOR SHUTTER, the doore frame of size with encapsulation of 8MM rigid layer on all the six surfaces. The door frame will have a rebate of 32mm. Door Frame section of 45x75 mm The two Vertical members are to be joined together with the horizontal member using 8x50 mm long MS Star full thread screws to be used with reverse forward speed control hand drilling machine. The ready assembled door frame is fixed to the wall using hold fast or bolt fasteners. A minimum of 4 No.s of screws to be provided for each vertical member & minimum 2no.s for horizontal member including. Fixing 28 -30mm thick solid Wood Polymer Composite(WPC) single extruded door shutter with 3mm top and bottom rigid layer with an overall density of 750kg/Cum.including fixing of necessary fixtures of 2nos of 125mm Alu. long handles, 1no. of of 200mm long Alu. aldrop, 2 Nos of 150mm long Alu. towerbolts, 4 Nos. of 150mm long MS hinges inlcuding cost of labour, hire charges of required T&P all incidential and operational charges cost and conveyance of all labour and materials at site of work etc., complete as directed by the Engineer in charge. Main door Bed room door Pooja room",
"Providing and fixing factory made solid Wood Polymer Composite (WPC) single extruded window Frame section of size with encapsulation of 8MM rigid layer on all the six surfaces. The door frame will have a rebat of 32MM. Door Frame section of 45x90 MM . The two Vertical members are to be joined together with the horizontal member using 8x60 MM long MS Star full thread screws to be used with reverse forward speed control hand drilling machine. The ready/assembled door frame is fixed to the wall using hold fast or bolt fasteners. A minimum of 4 No.s of screws to be provided for each vertical member & minimum 2no.s for horizontal member including cost of labour, hire charges of required T&P all incidential and operational charges cost and conveyance of all llabour and materials at site of work etc., complete as directed by the Engineer-in-charge. Hall/Kitchen Bed room toilet Pooja room",
"Providing and fixing factory made solid Wood Polymer Composite (WPC) single extruded window shutter section of size with encapsulation of 8MM rigid layer on all the six surfaces. The door frame will have a rebat of 32MM. Door Frame section of 45x90 MM . The two Vertical members are to be joined together with the horizontal member using 8x60 MM long MS Star full thread screws to be used with reverse forward speed control hand drilling machine. The ready/assembled door frame is fixed to the wall using hold fast or bolt fasteners. A minimum of 4 No.s of screws to be provided for each vertical member & minimum 2no.s for horizontal member including cost of labour, hire charges of required T&P all incidential and operational charges cost and conveyance of all llabour and materials at site of work etc., complete as directed by the Engineer-in-charge. Main door Bed room door toilet Pooja",
"Painting two coats to doors with best variety synthetic enamel paint of approved colour and quality, preparing and cleaning the surface and dirt, cost of brushes scaffolding charges including putty, cost and conveyance of all labour and materials at site of work complete as directed by the Engineer-in-Charge. Main door Bed room door Toilet door Pooja door Water supply line & sanitary items 12.5% Electrical 7.5%",
"Constn.of Granular sub base by providing HBG materials,well graded/close graded confirming to grading - III of morth table 400-1 (255.00 cum of 9.5mm and 129.00 cum of 2.36 mm below for an out put of 300 cum) including cost and conveyance of all materials to work site and spreding in uniform layers with motor grader or by approved means. on prepared surface mixing by mix in place method with rotavator / approved means at OMC and compacting with vibratory Roller of 8 - 10 tonne capacity to achieve the desired density etc.., complete for finished item of work as per Morth specification 401 (5th revision ) and as directed by the Engineering - In - Charge.(As per item No. RBR - SBBS- 1, sl.no 1 -A-iii of A.P.Revised Standard Data for roads & Bridges For approch",
"Providing, laying, spreading and compacting graded HBG Crushed Stone aggregate to Wet Mix Macadam specification (5th Revision) as per Table 400-13 (89.10 Cum of 45 - 22.4mm, 118.80 Cum of 22.4 - 2.36mm & 89.10 Cum of 2.36mm and below for a total out put of 225 Cum), including cost of all materials and including premixing the material with water at OMC in Mechanical mix plant carriage of mixed material by tipper to site, laying in uniform layers with paver in sub-base/base course on well prepared surface and compacting with Vibratory roller of 8 - 10 t capacity to achive the desired density as per MoRTH specification 406 (5th revision) for finished item of work. (As per item No.RBR-SBBS-11, sl.no.10 of B of A.P.Revised Standard Data for Roads & Bridges) For approch",
"Construction of dry lean cement concrete sub base over a prepared sub-grade with coarse and fine aggregate conforming to IS:383, the size of coarse aggregate not ceeding 25 mm, aggregate cement ratio not to exceed 15:1, aggregate gradation after blending to be as per specifications, cement content not to be less than 150 Kg/cum, optimum moisture content to be determined during trial length construction,concrete strength not to be less than 10 Mpa at 7 days, mixed in a batching plant,transported to site, for all leads & lifts, laid with a mechanical paver, compacting with 8-10 tonne vibratory roller, finishing and curing etc. complete as per direction of Engineer-in- charge. For approch",
"Construction of un-reinforced, dowel jointed at expansion and construction joint only, plain cement concrete pavement, thickness as per design, over a prepared sub base, with 43 grade cement or any other type as per Clause 1501.2.2 M 40 (Grade), coarse and fine aggregates conforming to IS : 383, maximum in a concrete mixer of not less than 0.2 cum capacity and appropeiate weigh batcher using approved mix design, laid in approved fixed side formwork (steel channel, laying and fixing of 125 mictron thick polythene film, wedges, steel plates including levelling the formwork as per drawing), spreading the concrete with sholvels, rakes, compacted using needle, scareed and plate vibrators and finished in continuous operation including provision of contraction and expansion, construction joints, applying debonding strips, primer, sealant, dowel bars, near approaches to bridge / culvert and construction joints, admixtures as approved, curing of concrete slabs for 14- days, curing compound (where specified) and water finishing to lines and grade as per drawing and Technical Specification Clause 1501 MORD including cost and conveyance of all materials , labour charges , overheads and contractors profit etc., complete for finished item of work. For approch",
"SUPPLYING and STACKING of 40mm hard granite machine crushed metal brought from approved quarry including stacking to departmental gauge for premeasurements, seigniorage charges all incidental, operational charges, cost and conveyance of all labour and materials at site of work complete as directed by the Engineer-in-Charge. For approach",
SUPPLY and STACKING of GRAVEL brought from approved quarry for pre-measurements to departmental gauge including seigniorage charges and all labour & materials at site of work complete as directed by the Engineer-in-Charge. For blindage,
"SPREADING 40mm GAUGE hard GRANITE metal 100mm thick loose consolidated to 75mm thick including SPREADING GRAVE for BLINDAGE, watering with an initial lead of 2HM and rolling with Contractor's 8 to 10 tonnes power roller inlcuding sectioning the layer to proper profile, all incidental, labour, hire and operational charges of power roller (8 to 10) barricading driversion of traffic and wetting the new consolidation for a fornight, including complete as directed by the Engineer-in-charge. For approach",
"Earth work excavation in all kinds of soils, wet or dry such as clay, hard clay, black cotton soils, red earth, morrum, gravel etc., in loose and slushy conditions, except rock requiring, blastering for foundation of man holes including bailing out water (pumping out water if necessary) with necessary site clearance, marking out temporary stepping, sloping, shoring, strutting, sectioning, tamping as directed with an initial lead of 10mts. and lift of 3mts., complete as directed by the Engineer-in-Charge.",
"PROVIDING REINFORCED CEMENT CONCRETE Prop 1:1 1/2 :3 using with of grade using 20mm gauge hard granite machine crushed metal including labour charges for machine mixing, centering, laying concrete, compacting, vibrating, rendering, fine finishing, curing, conforming to IS 456-1978 including all incidental, operational, scaffolding charges, cost and conveyance of all materials and labour, at site of work complete (excluding cost of steel, binding wire and its fabrication) as directed by the Engineer-in-Charge. For base For walls For slab",
"Supply and fabrication of tor steel Fe 500 of Visakha / Tata steel/ Sail / Tirupathi TMT or any other ISI marked or ISO approved makes including cutting, bending, tying grills as per design, cost of binding wire, loading, unloading and transportation to the site of work including cost and conveyance of all labour and materials at site of work complete as directed by the Engineer-in-Charge. For box type culvert",
"Providing dry stone masonry with granite stone including bond stone, scaffolding,hire charges of tools cost and conveyance of all labour and materials at site of work complete Deduction R.C.C box",
Transportation of excavated earth to distance of 5Km away from the size including cost and conveyance of all labopur and materials at site of work complete as directed by the Engineer In Charge.,
Cuting of CC pavement 150 mm thick by using poer drilling machine and removing the debris away form the site including hire charges of power drilling machine and crew charges including cost and conveyance od all labour and materials at site of work complete As directed by the Engineer In charge. Security room front side CC patch,
"Transportation of excavated soils and disposing with in a distance if 1 km including loading, unloading, idle hire charges of truck including cost and conveyance of all etc complete Qty same as item no. 1",
"Making of holes above 18mm dia in RCC/any stones above 50mm thick including hire charges of drilling machine,crew charges ,all incidental and operational c/c of all albour and materials at site of work etc., complete as directed.(SSR P.No.166,Sl.No.1059) East side platforms west side platforms",
"providing RCC 1:2:4 of M20 grade using a minimum quantity of 330kgs of cement and 20mm gauge hard granite machine crushed metal conforming the concrete to IS 456-2000 including labour charges for machine mixing, centering, laying concrete, compacting, vibrating, rendering fine finishing, curing, including all incidental, operational, scaffolding, lift and seigniorage charges, cost and conveyance of all materials and labour etc. at site of work complete (excluding cost of steel, binding wire and its fabracation) as directed by the Engineer-in-charge East side platforms beams west side platforms beams",
"Providing and laying CC(1:2:4)prop.using 20mm gauge hard granite machine crushed metal in foundation including machine mixing , depositing in position,ramming,finishing all incidental and operational, seig.charges, curing charges, centering charges ,c/c of all labour and materials at site of work etc., complete. East side platforms kerb beam West side platforms kerb beam",
"Supply and Labour charges for fabrication and placing of reinforcement tor steel bars including bending tying grills with binding wire, transportation steel from place of supply to work spot all incidental and operational charges, c/c of all labourand materials at site of work etc., complete as directed.(Approved data Sl.No.92) For Qty Item No.2",
"Cement Plastering in C.M 1:5 Pro. (1cement: 5sand) 1/2"" or 12mm thick including fine rendering and smooth finishing, curing, cleaning the surface including all incidental operational, scaffolding, lift and seigniorage charges, cost and conveyance of all labour and materials etc.at site of work complete as directed by the Engineer-in-charge. For East side platforms Kerb Beam Sides For West side platforms Kerb Beam Sides",
"Painting with synthetic Enamel paint two coats to new walls over exisiting priming coat of approved colour and quality including labour charges for preparing and cleaning the surface and dirt with soap and brushes including cost and conveyance of all labour and materials at site of work complete with necessary scaffolding, lift etc. complete as directed by the Engineer-in-charge For East side platfoms Kerb Beam Sides For West side platfoms Kerb Beam Sides",
Add Provision for NAC charges @ 0.10%,
Providing RCC M20 for Kerb Beams,
Providing C C 1:2:4 Prop.with 20mm,
Engaging of labour to removing the cuddy stones and iron boards and debris in Bus Station Premises including cost and conveyance of all labour and materials at site of work complete. engaging Man Mazdoor,
Cutting holes in Brick masonry & Repairs labour charges including cost and conveyance of all labour and materials at site of work complete. Toilet & pipe line,
Packing of cement mortar in between wall and WPC Door freme and plastering 20 mm thick 1:3 pro.(1cement:3Sand) including cost and conveyance of all labour and materials at site of work complete.,
"Engaging of Mechanical excavator (JCB) for cutting the heaps / bushes and removing the garbage/debries, including transportation of JCB to the site of work, cost and conveyance of all labour and materials at site of work complete as directed by the E-in-C.",
"Supply & fixing of single bowl stainless steel sink size 24""X18""X12"" (609.6X457.2X203.2mm) 1mm thick with accessories with MS brackets for fixing in walls including cost and conveyance of all labour and materials at site of work complete as directed by the Engineer-in-Charge.",
Fixing of waste water pipe line for drinking water including cost and conveyance of all labour and materials at site of work complete. SSR BMW - G .33 Seigniorage charges Add NAC0.1% Add GST 18%,
Labour charges for removing of damaged polyethiline Sintex water storage tank (2000lts) with necessary pipe lines and connections etc. cost and conveyance of all labour and materials at site of work complete as directed by the Engineer-in-Charge.,
Supply and fixing of following nominal bore GI pipe medium grade properties & weight as per IS - 1239 including cost and conveyance of all labour and materials at site of work complete as directed by the Engineer-in-charge. a)1'' GI Elbow b) 1'' GI Nipple 9'' long,
Supply & fixing of following CPVC pipes / specials to meet the requirement of ASTM - D 2846 and are produced in CTS (Copper tube sizes) 41.30mm OD Ashirvad flow guard SDR 13.50 pipes are made from idential CPVC compounds having the same physical properties for hot & cold water (IS 15778 - 2007) including cost and conveyance of all labour and materials at site of work complete as directed. a) 1'' CPVC pipe13.50 OD b) 1'' CPVC MTA c)1'' CPVC union d)1'' CPVC Elbow e)1'' CPVC tank nippals f)1'' CPVC 'T' g) 1 1/2 x 1 CPVC bush h) 1'' CPVC MTA i) 1'' CPVC shoes j) 1'' CPVC coupling k) Cleaning of terrace Man mazdoor,
Supply of 2HP Aqua texmo model no TDT 215 cost and conveyance of all labour and materials at site of work complete as directed by the Engineer-in-Charge.,
Supply of 3HP L & T panel board including cost and conveynce of all labour and materials at site of work complete.,
Supply of 2.50 Square cable to finolex or any ISR make including cost and conveyance of all labour and materials at site of work complete.,
Supply of 2.50 hoose pipe including cost and conveyance of all labour and materials at site of work complete.,
Supply of hoose colours including cost and conveyance of all labour and material at site of work complete.,
"Transportation of materials nellore town to work shop by vehicle including loading and unloading, including cost and conveyance of all labour and materials at site of work complete.",
Labour charges for fixing all above including cost and conveyance of all labour and materials at site of work complete. 1 to 5 items Add NAC 0.1% Add GST 18%,
"Supply and fixing in position(while the work is in progress) of 12.70mm thick premoulded Departmental Mastic pads to a depth of 137.50mm from the base with a groove of 12.70mm x 12.50mm at top at every 31.50M apart for expansion joints and wherever necessary including all taxes, cost and conveyance of all materials at site of work and all labour and tools and plants all incidental, operational charges complete as directed by Engineer in Charge East and west side North and south Standard data-Summary-S.No.115",
"Providing plain Cement Concrete (1:4:8) using 40mm gauge hard granite machine crushed metal including labour charges for machine mixing, centering, laying concrete, compacting, vibrating, rendering, fine finishing, curing, conforming to IS 456-1978 including all incidental, operational, scaffolding , cost and conveyance of all materials and labour, at site of work complete as directed by the Engineer-in-Charge. Inside trench Standard data-Summary-S.No.14",
"Supply and palcing of the design mix concrete M25 grade correspanding to IS 456 with cement content of 380 kgs per 1 cum of concrete using weight batcher / mixer with 20mm size graded machine crushed hard granite metal (coarse aggregate - as per IS 383 - 1970 and IS 2386 part 1 to part 8 from approved quarry including cost and conveyance of all materials like cement, fine aggregate (sand) coarse aggregate water etc.., to site centering using steel scaffolding pipes jack props wallers foot plates , brackets , steel centering plates etc.., including all operational, incidental and labour charges such as weight batching, machine mixing, lifting of concrete manually , laying concrete , vibrating , curing etc.., and over heads & contractors prifit complete but excluding cost of steel and its fabrication charges for finished item of work For retaining wall Tappered portion Standard data-Summary-S.No.25",
"Providing coping with brick masonry on top of pillers and compound wall 1'3"" X 1'3"" in CM 1:6 Pro. (1Cement:6Sand) and plastering with CM 1:6 Prop. 12mm thick alround coping including mixing cement mortar finishing and soaking of bricks, curing,all incidental and operational charges, including cost and conveyance of all labour and materials at site of work complete as directed by the Engineer-in-Charge. Over brick masonry Standard data-Summary-S.No.93",
"PLASTERING TO WALLS 12mm thick in CM 1:5 Prop. (1cement:5sand) finishing including cleaning the surface cost of curing, scaffolding all incidental and operational charges cost and conveyance of all labour and materials at site of work complete as directed by the Engineer-in-Charge. For brick masonry wall Standard data-Summary-S.No.63",
Transportation of dismantled materials of 5km away from site including loading in loading cost and conveyance of all labour and materials at site of work complete. Up to 5 Km Standard data-Summary-S.No.22,
"Dismantling of damaged cement concrete flooring bed including removing of debries,clearing of site etc complete as directed Bed of flooring for rooms For corridor Standard data-Summary-S.No.112",
"Plain Cement Concrete (1:5:10) proportion nominal mix (cement: fine aggregate: Coarse aggregate) for foundations using 40mm size (SS5) hard,machine crushed granite metal from approved quarry including cost and conveyance of all materials like cement, sand, coarse aggregate, water etc. to site, including seigniorage charges, sales & other taxes on all materials and including all charges for machine mixing, laying concrete in foundations ramming in 15 cm layers finishing top surface to the required level curing etc., complete for finished item of work. Bed of flooring for rooms For corridor Standard data-Summary-S.No.15",
"Plain Cement Concrete (1:2:4) proportion nominal mix (cement: fine aggregate: Coarse aggregate) for foundations using 40mm size (SS5) hard,machine crushed granite metal from approved quarry including cost and conveyance of all materials like cement, sand, coarse aggregate, water etc. to site, including seigniorage charges, sales & other taxes on all materials and including all charges for machine mixing, laying concrete in foundations ramming in 15 cm layers finishing top surface to the required level curing etc., complete for finished item of work. Bed of flooring for rooms For corridor Standard data-Summary-S.No.18",
"Flooring with soluble salt porcelain vitrified tiles screen printed and polished of size 600 x 600 mm and thickness between 8 to 10mm 1st quality NITCO or H& R Johnson Marbonite or equvalent as approved by engineer in charge conforming to IS: 13711, IS: 13712, IS: 13630(Parts 1 to 15) of any colour and finish in all shades and designs with borders and design as per the approved flooring pattern as directed by the Engineer-In -Charge, laying tiles set over a base coat of CM (1:5) prop. 20mm thick using screened sand over CC bed already laid or RCC roof slab , including neat cement slurry of honey like consistancy spread @ 3.3 kgs per Sqm. and jointed neately with white cement paste to full depth mixed with pigment of matching shade including cost and conveyance of all materials like cement, sand, water, tiles, white cement etc., to site (excluding cost of C.C. bed) including cost of base coat and all labour charges for mixing of cement mortar, laying tiles to required slope as directed by the Engineer- in-charge etc.,and complete for finished item of work. (APSS No.701 & 707) Staff dining& MF room Standard data-Summary-S.No.86",
"Painting to old walls two coats (Acrylic Emulsion paint Exterior grade) emulsion paint for External walls including cost of all labour charges for mixing mortar, finishing, scaffolding, lift charges, etc complete for finished item of work. Out side alround Extra Deduction for RS Deduction for D Deduction for w sunshades Standard data-Separate sheet-Painting data",
"Painting to old walls two coats (Acrylic Emulsion paint Exterior grade) emulsion paint for internal walls including cost of all labour charges for mixing mortar, finishing, scaffolding, lift charges, etc complete for finished item of work. Radiator and spring assemblyand Trimming & painting Deduction for Door Deduction for Door Deduction for window Deduction for RS Jams TyreStores Deduction for RS Stores Deduction for RS Stair case Units Deduction for RS Deduction for window T&P and DC Deduction for Door Deduction for window Jams staff, Ele &Supervisor Deduction for Door Deduction for window Deduction for RS Jams Standard data-Separate sheet-Painting data",
"Painting to old wood work and flush shutters with two coats of synthetic enamel paint Grade-I VOC (Volatile Organic Compound) content less than 50 grams/litre of approved shade including cost and conveyance of all materials to site cost of primer coat and all labour charges etc. complete including applying sand paper on lappam coats for neat finish including sales & other taxes on cost of all materials etc., and complete in all floors (APSS No.1200, 1207 & 1211). internal doors Standard data-Separate sheet-Painting data",
"Painting two coats to old walls with synthetic enamel paint Grade-II VOC (Volatile Organic Compound) content less than 50 grams/litre including cost and conveyance of all materials to site, sales & other taxes, incidental, operational and all labour charges etc., and complete for finished item of work in all floors. (SS No. 1201, 1212 & 1207). For walls Standard data-Separate sheet-Painting data",
"Painting two coats to old iron work with synthetic enamel paint Grade-II VOC (Volatile Organic Compound) content less than 50 grams/litre including cost and conveyance of all materials to site, sales & other taxes, incidental, operational and all labour charges etc., and complete for finished item of work in all floors. (SS No. 1201, 1212 & 1207). Grill s of windows Standard data-Separate sheet-Painting data",
"Structural repairs to the ceiling of RCC Slab duly chipping with pneumatic power chiselling equipment and until to achieve the hard mother concrete , cleaning the surface, cleaning of steel reinforcement with sand paper and Iron brushes for removing of rust, applying Anti corrosive paint of FOSROC make, applying Bonding agent of FOSROC make, strengthening the ceiling with C.C.1:1.5:3 Pro using 6mm down graded HGMC metal 40mm thick average thickness using construction chemicals and redoing the ceiling with cement plastering 12mm thick in C.M 1: 3&1:5 Pro with neat finish, including curing , scaffolding arrangements at different places, cost of construction chemicals, all incidental, operational, seigniorage charges, cost and conveyance of all labour and materials at site of work complete.(G.F) For ceiling patches Data sheet enclosed",
"Hire Charges for engaging of excavator for removing the debries and tree branches and disposing far away from the site, including cost and convenience of all labour and materials, oil charges, transportation charges etc., complete as directed by the Engineer - in-charge. Removing the trees Local Rate",
Construction of 0.90 m X 0.90 m inspection chamber Upto 904.00 mm height with brick masonry in CM 1:6 pro . with RCC cover 75mm thick including Including excavated PCC 1:5:10 100 mm thick using 40 mm gauge HBG metal PCC 1:2:4 for benching and channel 50 mm thick plastering 20 mm thick in CM 1:3 pro & 12 mm thick CM 1:3 curing steel cost and conveyance of all labour and materials at site of work complete. For Sanitary line Standard data-Separate data sheet- W/S & Sanitary data,
Supply of the following materials including cost and conveyance of all labour and materials at site of work complete. As directed by the Engineer - In - Charge. a) Supply of steel sink AP SoR 2024-25 CFMS Code MAT-02215 S.No. 717 P.No.230,
Fixing of departmental steel sinks 2No's of size 18' - 0'' x 16' - 0'' including all accenies 1 1/4 steel bowle with couppling 1 No and steel 'L' bend including scnees cost and conveyance of all labour and materials at site of work complete. As directed by the Engineer - In - charge. Local rate,
"Supplying and fixing 12.7 mm CP long body bib cock fancy type deluxe heavy duty Indian make with CP flangeheavy SEIKO/SENIOR/NICE or equivalent make including cost and conveyance of all materials and labour, etc. complete for finished item of work as directed by Engineer-in-Charge. MAT-01820 For toilets Standard data-Separate data sheet- W/S & Sanitary data",
Supply and fixing white glazed flat back bowl urinals of size 440 mm x 265 mm x 315 mm with internal flushing rim fixed with screws complete indian make conforming to IS 2556 - 1995 Standard data-Separate data sheet- W/S & Sanitary data,
"Supply & fixing of roof accessorie made with pre-painted galvalume profile sheets with 0.5mm thick, width 0.585, length maximum 2 1/2"" mtrs. medium size large cap for ridge, barge cap, corner trim, L - flashing, down pipes gutter etc., including cost and conveyance of all labour and materials at site of work complete as directed by the Engineer-in-Charge. For roof sor rate",
"Painting two coats to old Iron work with best variety synthetic enamel paint of approved colour and quality, preparing and cleaning the surface and dirt, cost of brushes scaffolding charges including putty, cost and conveyance of all labour and materials at site of work complete as directed by the Engineer-in-Charge. truss Stantion Purlin Bottom tie runners Standard data-Separate sheet-Painting data",
"Supply and fabrication of tor steel fe 500 grade of vishaka/Tata steel/ Thirupathi TMT or any ISI marked or ISO approved makes including cutting, bending, tying grills as per design,cost of binding wires, loading and transporta-materials at site of work complete as directed by the Engineer-In-Charge. For lintel and Wall and base Standard data-Summary-S.No.92",
Transportation of dismantled materials and debris up to 5km away from site including loading in loading cost and conveyance of all labour and materials at site of work complete. Tranporation upto 5km Standard data-Summary-S.No.22,
"Providing plain Cement Concrete (1:4:8) with a minimum of using 40 mm gauge hard granite machine crushed metal including labour charges for machine mixing, centering, laying concrete, compacting, vibrating, rendering, fine finishing, curing, conforming to IS 456-1978 including all incidental, operational, scaffolding and , cost and conveyance of all materials and labour, at site of work complete (excluding cost of steel, binding wire and its fabrication) as directed by the Engineer-in-Charge. Standard data-Summary-S.No.14",
"Supply and placing of the Design Mix Concrete M 25 grade corresponding to IS 456 with cement content of 380 kgs per 1 cum of concrete using weigh batcher / mixer with 20mm size graded machine crushed hard granite metal (coarse aggregate - as per IS 383 - 1970 and IS 2386 Part 1 to Part 8) from approved quarry including cost and conveyance of all materials like cement, fine aggregate (sand) coarse aggregate, water etc., to site, centering using steel scaffolding pipes , jack props , wallers , foot plates , brackets , steel centering plates etc., including all operational, incidental and labour charges such as weigh batching, machine mixing, lifting of concrete manually, laying concrete, vibrating, curing etc., and overheads & contractors profit complete but excluding cost of steel and its fabrication charges for finished item of work (APSS No. 402) East side of garrege Standard data-Separate sheet- M25- S.No.8 b) drain slab",
"Providing and Laying plain cement concrete 1:2:4 pro. (1cement: 2sand: 4metal) using 20mm gauge hard granite machine crushed metal conforming to IS 383-1970 in including machine mixing, depositing in position, ramming, finishing, curing including all incidental operational and cost and conveyance of all labour and materials at site of work complete as directed by the Engineer-in-Charge. For benching of drain Standard data-Summary-S.No.18",
"Refilling with useful available excavated earth (excluding rock) with a lead of 50 m in trenches, sides of foundations and basement with initial lead in layers not exceeding 15cm thick, watering and ramming including cost and conveyance of water to work site and all operaitonal, incidental, labour charges, hire charges of T&P etc., and complete for fnished item of work (APSS NO.309&310) Earth work Quantity Standard data-Summary-S.No.8",
"Providing Plastering to wall surface with CM(1:5) 12mm thick including cost of all materials, including conveyannce of materials and including all operational, incidental and labour charges for mixing mortar, laying, rendering smooth and thread lining, curing, rounding off junctions of wall and slab etc., complete for finished item of work. (APSS No. 901 & 903).(BLD-CSTN-10-25) For drain side walls Standard data-Summary-S.No.63",
"Providing Impervious Plastering to wall surface with CM(1:3) 20mm thick including cost of all materials, including conveyannce of materials and including all operational, incidental and labour charges for mixing mortar, laying, rendering smooth and thread lining, curing, rounding off junctions of wall and slab etc., complete for finished item of work. (APSS No. 901 & 903).(BLD-CSTN-10-25) For drain side walls Standard data-Summary-S.No.65",
"Supply & fabrication of reinforcement steel FE 500 grade for RCC works including cutting,bending, tying, fixing, cost of binding wire as directed by the Engineer-in-Charge. For side walls Cover slab Standard data-Summary-S.No.92 Total",
"RR Stone masonry with other than granite variety in super structure for any thickness of wall in CM 1:8 (1cement:8sand) including cutting of stone all incidental, operational, seignorage charges, curing charges,cost and conveyance of all labour and materials, at site of work complete as directed by the Engineer-in-charge. Up to GL Alround for stair case In side middle wall Lounge Chart room Wall, toilet lounge Stair case",
"PLASTERING TO CEILING 12mm thick in CM 1:5 Prop. (1cement:5sand) 9mm thick Ist coat and 2nd coat in CM 1:3 Prop. (1cement:3sand) 3mm thic with DUBARA SPONGE finishing including cleaning the surface cost of curing, scaffolding all incidental seigniorae and operational charges cost and conveyance of all labour and materials at site of work complete as directed by the Engineer-in-Charge. Slab Chajjas For slab Chajjas",
"Painting with exterior emulsion paint two coats to walls with one coat of primer total three coats approved colour and quality including labour charges for thoroughly brushing the surface to remove all dirt and remains of loose powdered materials including putty cost and conveyance of all labour, materials and incidental such as scaffolding, lift charges etc., complete for finished item of work as directed by the Engineer-in-Charge. Stair case Parapet Front Stair case",
"supply and fixing anodised openable windows as for approved drawing with alluminium anodised section of series C jindal hollow sections and outer frame of 8804 of size 46 x 44 mm , shutter frame 8802 of size 44 mm x 46 mm and mullion frame of 8803 of size 59 x 38 and glazing section of 4433 with plain clear float glass 6 mm thick fixied including supply and fixing aluminium power coated friction stay hinges for each shutter, 1no of aluminium handle of 150 mm for each shutter and all labour charges for fixing the fixures with required no . of screws , bolts , nuts including labour charges for fixing the frame in position fixing shutter to frame etc, complete for finished item of work For ground floor",
"Supply and fixing aluminium anodised sliding windows as per drawing using frame section 62.10 mm x 29.50 mm at 0.881 kg/m and shutter section 40 x 18 x 150 mm including glazing clips , 5mm thick float glass rubber beading aluminium lock cum handle rollers etc.., cost and conveyance of all labour and materials at site of work complete. Ventilators for toilets GF",
Supplying and fixing of MS Grill using 25mm x 6mm MS flat alround and 10mm MS square bars horizontally and 3nos and vertically 11nos at 100cm centre to centre including fixing to wall with screws and painting grill with one coat of primer and two coats of enamel paint cost and conveyance of all materias at site of work complete.,
"Supply of medium teak wood door with frame of any size double shutter, frame made at of 75 mm x 100 mm styles and rails 100 mm x 38 mm and flank, thickness 25 mm and fixing accessories 5’’ MS powder coated hinges 3 no’s for each shutter Al.tower bolts 200 mm long 2 no’s 4no’s of hold fasts embeded in PCC 1:2:4 Providing one coat of tar to the door frame on wall side, primer and two coats of enamel paint including cost and conveyance of all labour and materials at site of work complete. Main door",
"Providing and fixing 28 – 30 MM thick solid wood polymer composite (WPC) Double extracted door shutter with 3 mm top and bottom rigid layer with overall density of 750kg/cum including Al hinges 125 mm long 3no’s ,Al. Tower bolts 250 mm long, Al.aldrops 300mm long, ,Al door stopper 1no including cost and conveyance of all labour and materials at site of work complete For rooms Main door & strong room",
"Providing and fixing 28 – 30 MM thick solid wood polymer composite (WPC) single extracted door shutter with 3 mm top and bottom rigid layer with overall density of 750kg/cum including Al 125 mm long 3no’s ,Al. Tower bolts 250 mm long, Al.aldrops 300mm long, ,Al door stopper 1no including cost and conveyance of all labour and materials at site of work complete. For rooms",
Transportation of excavated earth to distance of 1Km away from the size including cost and conveyance of all labopur and materials at site of work complete as directed by the Engineer In Charge. Debris W/S arrangements Septic tank,
"Providing plain Cement Concrete (1:4:8) using of with a minimum strength of grade using 40mm gauge hard granite machine crushed metal including labour charges for machine mixing, centering, laying concrete, compacting, vibrating, rendering, fine finishing, curing, conforming to IS 456-1978 including all incidental, operational, scaffolding and seigniorage charges, cost and conveyance of all materials and labour, at site of work complete as directed by the Engineer-in-Charge. All round Middle wall For steps",
"Providing Granolithic flooring 20mm thick in CC 1:1:2 Prop. Using 6mm to 8mm HBG metal with glass panels of size 2'0"" X 2'0"" including laying, finishing, curing, compacting cost and conveyance of all labour and materials at site of work complete as directed by the Engineer-in-charge. Inside rooms",
"Labour charges for fabrication and errection of departmental released purlins made with MS angle of size 50 X 50 X 2.6mm at 3.74Kg/1Rm, welded two angles make box section cost of bolts and nuts, cost of one coat red oxide primer and two coats of enamel paint transportation charges hire charges of T&P including cost and conveyance of all labour and materials at site of work complete as directed by the Engineer-in-Charge. For bins",
"PLASTERING TO WALLS 12mm thick in CM 1:5 Prop. (1cement:5sand) 9mm thick Ist coat and 2nd coat in CM 1:3 Prop. (1cement:3sand) 3mm thic with DUBARA SPONGE finishing including cleaning the surface cost of curing, scaffolding all incidental seigniorae and operational charges cost and conveyance of all labour and materials at site of work complete as directed by the Engineer-in-Charge. Inside beams Deduct rolling shutter",
Binding wall in BM in CM (1:6)prop. To a thicknesss of 1' -1 1/2'' x 0.9'' and cement plastering to sides in CM (1:6)prop 1/2'' including cost and conveyance of all labour and materials at site of work Over galvalume sheet,
"Painting with exterior emulsion paint two coats to walls over primary coat total three coats with approved colour and quality including labour charges for thoroughly brushing the surface to remove all dirt and remains of loose powdered materials including putty cost and conveyance of all labour, materials and incidental such as scaffolding, lift charges etc., complete for finished item of work as directed by the Engineer-in-Charge. As per plastering",
"Painting with Interior emulsion paint two coats to walls over primary coat total three coats with approved colour and quality including labour charges for thoroughly brushing the surface to remove all dirt and remains of loose powdered materials including putty cost and conveyance of all labour, materials and incidental such as scaffolding, lift charges etc., complete for finished item of work as directed by the Engineer-in-Charge. As per plastering",
"Refilling of excavated earth in foundations and basement hire charges of T& P all incidentatl operational charges, including cost and conveyance of all labour and materials at site of work complete as directed by the Engineer-in-Charge. Quantity",
"Pointing to RR masonry in CM 1:4 Prop. (1cement:4sand) in basement, racking out the joints including cleaning the surface, curing all incidental, operational and seigniorage charges cost and conveyance of all labour and materials at site of work complete as directed by the Engineer-in-Charge. Out side",
"PLASTERING TO WALLS 20mm thick in CM 1:5 Prop. (1cement:5sand) 9mm thick Ist coat and 2nd coat in CM 1:3 Prop. (1cement:3sand) 3mm thic with DUBARA SPONGE finishing including cleaning the surface cost of curing, scaffolding all incidental seigniorae and operational charges cost and conveyance of all labour and materials at site of work complete as directed by the Engineer-in-Charge. Out side Ramp",
"Supplying & Fixing white glazed flat back half stall urinals 1st quality conforming to IS:2556-1995 with standard C.P. Spreader of overall size 95 x 95 x 57 mm conforming to IS:2556-Part6, Sec-6-1974 fixed with screws complete Indian make : 410 x 265 x 305 mm For Gents and Ladies(GF) For Gents and Ladies(FF) Standard data-Separate data sheet- W/S & Sanitary data",
S & F of 110 mm dia PVC pipe for vent pipe / pipes are sudhakar/pholex and any ISI mark pipe For vent pipe 4.00 kg/sqcm For disposal line Standard data-Separate data sheet- W/S & Sanitary data,
"S & F 16 mm dia U shape steps 3'-3"" length Standard data-Separate data sheet- W/S & Sanitary data",
S & F 110 mm dia PVC slotted vent cowl Standard data-Separate data sheet- W/S & Sanitary data,
"Proving plastering to inspection pit in CM1:4 prop (1cement:4sand)of 20 mm thick including cost and labour charges for applyingcement slurry to the sureface before plastering cleaning the surface,cost and conveyance of all labour and materials at site of work complete as directed by the Engineer-in-Charge Sides Standard data-Summary-S.No.58",
"Supply of 8Omm dia MWB Class npe north necessary fittings and pointing, incfucting cost and conuegonce of all materials at site o/ work corripfete as directed. (Make:TATA/ JINDAL) Rate as per Quotation",
"Supply of I 5Mtrs £en9th RRL Hose Pipe Cth SS Male rindFemole Couplings conjfirnñng to !S: 636 t, p#e A ufilh ISO J\fork tending cost and convepnnce of all mnteriols at site of work complete as directed Rate as per Quotation",
Supply of 68mm Dia Single headed Ftre Hydrnnt Value with US Couplings and IRSI Mark inctudinp cost ond conveyance of all rnotefiois ot site oy u›ork complete as directed (Make:ISAFEPRO/NEWFLGE) Rate as per Quotation,
Supply of 63mm Dia Isis (Heavy Duty) Branch Pipe/ Nozzle as per IS:903 Cth III Mark including cost rind conveyance of all materials at sile oy work complete as directed [MaRe:S!AFEPRO/NEWAGE) Rate as per Quotation,
Supply of isingle Door Hose Pipe Box with Lock and necessary fittings including cost and conuegance of all mnterints nt site of work complete as directed Rate as per Quotation,
Supply of 80mm Oa Hand operated Butterfly Valve mtth necessac¡j jfittings(Maye: KARTAR/M/I'J7AS) Rate as per Quotation,
Supply of 30Mtrs Hose Reel unth Sum rind Shut of Noble complete set (MAKE: Monsher/i+B3Sri/SaJepro) Rate as per Quotation,
Supply of 25nim Ball Value for Hose Reel Oruins fMAKE: ZDLOTO) with necessnq fninps. Rate as per Quotation,
!SuppIy of 8Omm Dta Air Release Value with necessary fittings Rate as per Quotation,
Supply of 9O0LPM Booster Pump uiRh 5.OHP comlete with necessary Jttinps {MAKE: DRLOSKAR) Rate as per Quotation,
Supply of Pressure Guage wits nning• {MAKE H GURU) Rate as per Quotation,
Supply of Main Control Panel unth Auto/Mnnunf Mode complete m*ttft all necess‹:my fittings Rate as per Quotation,
Supply of Pressure Switches for Auto Mode (MAKE: Donfosys) Rate as per Quotation,
Supply of 8Omm Da Non Return Value it ith necessny Jttinps Rate as per Quotation,
Supply of 2 Way Pire Bngade inlet with all fittings {MAKE: KARTAR/NEWAGE) Rate as per Quotation,
Supply of 4Core I 0Sgmm aluminum Cable for Booster Pump IMAKE: POYCAB) Rate as per Quotation,
Supply of 2X1.5Sq.mm Flexible Cable from Booster Pump to Control panel for Pressure setting Switches Rate as per Quotation,
Plumbing Charges (water Connection from Water Tanks to Booster Pump) Rate as per Quotation,
"Supply of LITHIUM Ion Battery Stored Pressure type Fire Extinguisher 4Ltr Capacity with Fire Fighting Gel, filled with Dry Nitrozen Gas, Valve, Pressure Guage, Squeeze Grip Operation Mechanism, Plastic Nozzle with metallic insert fitted with Hose, Length of Hose 400mm (Min), confirming to IS:15683/2018 with ISI Mark. MAKE: VINTEX/SAFEPRO) for 50 Buses and 15 Charging Points Rate as per Quotation",
"Supply of B11ABC Powder (Stored Pressure) type 06Kg capacity Fire Extinguisher, MAP 50% ABC Powder Confirmng to IS:14609 wih ISI Mark, complete with initial charge, confiring to IS:15683 with ISI Mark Rate as per Quotation",
Supply of 09Ltrs Fire Buckets with MS Stand for 04Buckets complete Set and Hooks Rate as per Quotation,
"Errection, testing and commisioning charges for entire fire fighting system Rate as per Quotation",
Supply and fixing of 5000 litres syntax tanks Rate as per Quotation,
Provision for construction of 12' height RCC Pedastal Rate as per Quotation,
"Providing plain Cement Concrete (1:4:8) using 330 kgs of cement with a minimum strength of M20 grade using 20mm gauge hard granite machine crushed metal including labour charges for machine mixing, centering, laying concrete, compacting, vibrating, rendering, fine finishing, curing, conforming to IS 456-1978 including all incidental, operational, scaffolding and , cost and conveyance of all materials and labour, at site of work complete (excluding cost of steel, binding wire and its fabrication) as directed by the Engineer-in-Charge. Standard data-Summary-S.No.14",
"Providing and Laying plain cement concrete 1:2:4 Pro. (1cement:2sand:4metal) using 20mm gauge hard granite machine crushed metal conforming to IS 383-1970 in including machine mixing, depositing in position, ramming, finishing, curing including all incidental operational and cost and conveyance of all labour and materials at site of work complete as directed by the Engineer-in-Charge. For benching of drain Standard data-Summary-S.No.18",
"Providing Plastering to wall surface with CM(1:5)12mm thick including cost of all materials, including conveyannce of materials and including all operational, incidental and labour charges for mixing mortar, laying, rendering smooth and thread lining, curing, rounding off junctions of wall and slab etc., complete for finished item of work. (APSS No. 901 & 903).(BLD-CSTN-10-25) For drain side walls Standard data-Summary-S.No.63",
"Supply & fabrication of reinforcement steel FE500 grade for RCC works including cutting,bending, tying, fixing, cost of binding wire as directed by the Engineer-in-Charge. For side walls Cover slab Standard data-Summary-S.No.92",
"Structural repairs to the Ceiling of RCC slab duly chipping with pneumatic power chiselling equipment and until to achieve the hard mother concrete surface duly cleaning of the surface, cleaning of steel reinforcement with sand paper and iron brushes for removing of reust, applying Anti corrosive paint of FOSROC make, applying bonding agent of FOSROC make, strengthening the ceiling with C.C.( 1:1.5:3) prop.using 6mm down graded HGMC metal 40mm thick average thickness using construction chemicals and redoing the ceiling with cement plastering 12mm thick in C.M.1:3 &1:5 prop.with neat finishing , including curing, scaffolding arrangements at different places , cost of construction chemicals, all incidental, operational, seigniorage charges, cost and conveyance of all labour and materials at site of work complete(G.Floor slab). In Canteen Ceiling In Bus Station wating hall patches",
"Removing damaged wall plastering and racking our the joints and clearing the waste from site of work etc., complete as directed. Canteen inside wall",
"Providing Plastering in CM(1:5)prop. With 20mm thick to walls with neat finishing, smooth the surface,seig.charges, curing cost , all incidental and operational , c/c of all labour and materilas at site of work etc., complete . (Approved data Sl.No.59) For Qty Item No.2 Above",
"Whiting to ceiling two coats with freshly burnt and slacked shell lime/ suryacem or equivalent of approved quality including cost of gunjee, water labour charges for preparing and cleaning the surface and dirt with soap and brushes including putty, cost and conveyance of all labour and materials at site of work complete with necessary scaffolding etc., as directed. In Canteen In Canteen for room In Canteen storem room",
Painting with Interior emulsion paint two coats to walls over existing priming coat of approved colour and quality including labour charges for preparing and cleanig the surface and dirt with soap and brushes including c/c of all labour and materials at site of work complete with necessary scaffolding as directed . Canteen inside alround walls Deduct: for Door Add for racks in side store store room N-wall store room S-wall store room E+W -wall Deduct: for Doors In Kitchen N-wall In Kitchen S-wall In Kitchen E+W-wall Deduct: for Doors,
Add for Seig.chrges as per sheet enclosed,
Prov.Cement Plastering In CM(1:5)prop. With 20mm th.,
Add Provision for cess charges @ 1%,
Providing and fixing 28-30mm thick solid wood polymer composit (WPC) single extruded door shutter with 3mm top and bottom and materials at site of work complete as directed by the Engineer in charge. For over bus station stair case room door,
Supply and fixing of 110mm dia PVC pipe for AC sheet to prevent the rain water on door cost and conveyance of all labour and materials at site of work complete as directed by the Engineer in- charge. Over door of stair case,
Enagaged Labour for cleaning the stair case area for shifting old Materials…..Etc. Man mazdoor,
Add Provision for cess charges @ 1% Particulars,
Baricading the construction area 100'x15' wide to control the vehicles and pedestriean safty using casurina ballies and rope hire charges of tools cost and conveyance of all labour and materials at site of work complete.,
Supply and filling quarry dust 0'-6'' depth in basement inside crushed stone including cost and conveyance of all labour and materials at site of work complete,
Supply and filling 40 mm HBG machine crushed metal including cost and conveyance of all labour and materials at site of work complete,
Supply and filling 12 mm HBG machine crushed metal including cost and conveyance of all labour and materials at site of work complete,
"Supply & fabrication errection 8no's 72' x 72' x 20 mm MS tublur pipe to gates of size 6' x 6' all round MS 3'' dia and horizental 2'' dia MS pipe 3 no's verticals 2'' dia 3no's including welding, cutting and completely welding weld mesh 2'' x 2'' including cutting and welding charges steel hold 2no's 1' - 0'' dia long 5'' wedth including 1 no alldrop, 2 no;s tower bolts 4'' dia MS aldrop including cost and conveyance of all labour and materials at site of work complete as directed by the E - In - Charge. Ms gates Seignorage charges Add NAC 0.10% Add GST 18%",
"Dry rolling charges with 10 tonnes rollar including hire charges, fueal charges and crew charges cost and conveyance of all labour and materials at site of work complete. For yard",
"Earth work excavation in all kinds of soils like B.C.Soils, hard clay, hard gravel, moorum etc., as directed by the Engineer-in-charge. Colum footings F1 Colum footings F2 For walls - For ramp walls",
Supply and filling of Crusher Dust Colum footings F1 Colum footings F2 For walls - For ramp walls,
Supply & filling of Gravel in 150mm thick layers as directed by Engineer-in-charge. Basement filling in ADC oil Rooms For ramp walls,
"Providing and laying PCC(1:4:8) using 40mm gauge hard granite hand broken metal including all operational charges, curing etc., as directed by Engineer-in-Charge. Colum footings F1 Colum footings F2",
"Providing and laying PCC(1:5:10) using 40mm gauge hard granite hand broken metal including all operational charges, curing etc., as directed by Engineer-in-Charge. For walls - For ramp walls Under flooring Ramp For Steps",
Random Rubble masonry using other than granite variety in CM(1:8) prop in foundation footings and basement complete as directed by Engineer-in-Charge. For walls - For ramp walls,
Coursed Rubble Stone Masonry of other than granite variety in CM(1:8) prop in foundation footings and basement construction & curing as directed by Engineer-in-Charge. For walls - For ramp walls,
Cement plastering to RRS/CRS Masonry in CM(1:6) prop 20MM in basement as directed by Engineer-in-Charge. Allround one side Ramp walls,
"Providing Reinforced Cement Concrete with a minimum strength of M25grade with 20 mm gauge hard granite machine crushed metal(excluding cost of steel, binding wire and its fabrication) as directed by Engineer-in-Charge. A) FOOTINGS Colum footings F1 Slopped portion Colum footings F2 SLOPPED PORTION B) COLUMNS Pedastal Columns upto G.L Columns upto B.L Columns up Roof c) Roof beams C) ROOF SLAB D) LINTLES Door Door & window Windows Over rolling shutter E) PLINTH BEAMS Cross walls F) CHAJJAS Door & window Windows Over rolling shutter RACKS",
Bed blocks CEMENT CONCRETE 1:2:4 Pro.(1cement:2sand:4metal) with 20mm gauge hard granite machine crushed metal for BED BLOCKS of work complete as directed by the Engineer-in-charge. Windows door under lintels,
Brick Masonry with fly ash bricks having a minimum crushing strength of 50 kg/sqcm for any thickness of wall in CM(1:8) as directed by Engineer-in-Charge. For walls - for steps 1 Brick pillars for barrels Parapet Deductions rolling shutters doors windows lintel qty bed blocks qty,
Reinforced Brick masonry in C.M 1:4 Prop. PARAPET,
"Plastering with 3/4"" (20mm) thick to walls in CM(1:5) prop, 5/8"" thich for 1st coat and in CM(1:3) prop, 1/8"" thick in 2nd coat with dubara sponge finishing as direvted by Engineer-in-Charge. ADC Room Oil Room PARAPET",
"Plastering with 1/2"" (12mm) thick to Walls in CM(1:5) prop, 3/8"" thich for 1st coat and in CM(1:3) prop, 1/8"" thick in 2nd coatwith dubara sponge finishing as direvted by Engineer-in-Charge. Out side walls Internal wall steps chajjas under item 9(F) parapet Deductions rolling shutters doors windows PARAPET",
"Plastering with 1/2"" (12mm) thick to Ceiling in CM(1:5) prop, 3/8"" thich for 1st coat and in CM(1:3) prop, 1/8"" thick in 2nd coatwith dubara sponge finishing as direvted by Engineer-in-Charge. ADC oil room Out side slab projection",
Impervious coat over Building Roof with 20 mm thick in CM(1:3) including 1 kg of Water proofing compound per Bag of cement when slab is green as directed by Engineer-in-Chasrge. ADC OIL ROOM SLAB,
"Supply and laying of 1"" thick Tandoor blue double polished stones of best quality having uniform coloured texture (1st class) of size 1'0""x1'0"" for flooring in CM(1:*) as directed by Engineer-in-Charge. ADC OIL ROOM",
Supply and fixing of 110mm dia PVC rain water down take pipe conforming to IS Specification including fixingwith suitable fixtures complete as directed by the Engineer-in-charge..,
"Supply, fabrication and placing of reinforcement for steel bars including cutting and bending tying grills with binding wire complete as directed by the Engineer-in-Charge. Roof slab roof beam Lintles Chajjas RC paradah Footings Columns Plinth beams Pedastals",
Interior Emulsion painting two coats to walls including priming coat (total 3 coats) Inside oil room inside ADC room inside ADC room Iinside oil room Racks,
Exterior Emulsion painting two coats to walls including priming coat (total 3 coats) Ext walls allround Basement Sunshades slab projection Deductions Windows Door ADD PARAPET,
"SUPPLY, FABRICATION and FIXING of Alluminium windows with side opening shutters as per approved drawing, providing 10mm MS square safety bars at 5"" C/C wavy type and supplying and fixing of 1.5mm thick translucent fibre glass of approved colour with shalimar putty all necessary fittings complete as directed by Engineer-in-charge. Windows",
"Supplying and fixing of doors of any size with MT wood frame of size 3""X4"" and shutter made out of single piece sandwiched panelled door shutter with 0.8mm thick fibre glass skin on either sides with insitu filled polyurethane foam of 35Kg/Cum. density provided with wooden inserts for fixing of hinges, tower bolts, door stopper, Aldrops etc., with wood like appearance and permanent colouring with integrated pigments and SHUTTER having 100mm. wide style portion in 40mm. thick and central panel portion in 15mm. thick available in all standard sizes with three pairs of MS holdfasts for fixing the wooden frame into the wall, three pairs of Aluminium hinges for coat of tar to the door frame on the wall side including cost and conveyance of all labour and materials at site of work complete",
"PROVIDING 6""x6"" wide 1/2"" thick SKIRTING to CEILING with base coat in C.M 1:5 Pro.(1cement: 5sand)3/8"" thick and second coat in C.M 1:3 Pro. (1cement:3sand)1/8"" thick with dubara sponge finishing including cleaning the surface, all incidental operational seigniorage charges curing scaffolding cost and conveyance of all labour and materials at site of work complete as directed by the Engineer-in-charge. ADC room oil room",
"Providing Skirting to flooring with 25mm THICK CUDDAPAH BLACK DOUBLE POLISHED STONE(BETHAMCHARLA VARIETY) of best quality having uniform colour and texture 22""x5"" of size in CM 1:3 prop. 12 mm thick as directed by the Engineer-in-charge ADC room",
"PROVIDING AND LAYING 25mm THICK CUDDAPAH BLACK DOUBLE POLISHED STONE(BETHAMCHARLA VARIETY) of best quality having uniform colour and texture FOR TREADS 10.5"" to 12"" wide for steps set IN CM 1:8prop (1cement:8sand) and pointed with cement slurry including chiselling, dressing etc. curing all incidental, operational and seigniorage charges cost and conveyance of all labour and materials at site of work complete as directed by the Engineer-in-charge Steps at door",
"CEMENT Cocrete flooring 50mm thick in CC using 12mm hard granite machine crushed metal in panels of size by department including curing machine mixing finishing, cost and conveyance of all materials labour, all incidental,operational seigniorage charges etc. complete as directed by the Engineer-in-charge Oil room Ramp",
"SUPPLY , FABRICATION and FIXING in position MS ROLLING SHUTTERS made out of 18 gauge as directed by the Engineer-in-charge. ADC oil room",
PAINTING TWO coats to NEW IRON WORK with READY MIXED PAINT of approved colour and quality including brushes cost and conveyance of all labour and materials at site of work complete as directed by the Engineer-in-charge. Rolling shutters Grills,
Painting two coats to new wood work in addition to priming coat total 3 coats with ready mixed paint of approved colour and quality including labour charges for preparing and cleaning the surface and dirt cost of brushes including putty cost and conveyance of all labour and materials at site of work complete as directed by the Engineer-in-charge. Doors,
S & F of ceramic tiles over oil barrel platforms,
Refilling the foundations of excavated earth,
Supply fabrication and fixing of MS grill,
Provision of dining furniture Add towards seigniorage charges,
Supply .fabrication and fixing of steel approved make including cost & conveyance of all labour and materials at site of work complete for drain walls Seignorage charges,
Providing 1/2'' thick in plastering two coats in CM (1:5) prop .first coat 3/8'' thick and CM (1:#) 1/8'' thick second coat including sponge finishing to celling with smooth finishing curing icluding cost and conveyance of all labour and materials at site of work complete. Dm's office celling Main beams Short walls celling beams Slab projection celling Slab projection back side of Dm's office Stair case cellings bottom Landings celling Main door top All round sunshed Door top All round sunshed D1 top All round sunshed D2 top All round sunshed Window top All round sunshed w1 top All round sunshed Ventilator All round sunshed,
"Impervious coat over roof 20mm thick in CM 1:3 Prop. (1cement:3sand)with water proofing including cleaning the surface cost of curing, scaffolding all incidental seigniorae and operational charges cost and conveyance of all labour and materials at site of work complete as directed by the Engineer-in-Charge. Over roof top",
"SUPPLYING AND LAYING vitrified tiles of best quality having uniform colour of approved make and texture Ist class of size NOT LESS THAN 600X600 for FLOORING set in CM 1:8 Pro. (1cement:8sand) of 12mm thick including neat cement slurry of honey like consistancy spread at 3.3Kg/sqm and joints pointed with white cement paste to full depth mixed with pigment of matching shade all leads and lifts all incidental, operational charges, curing, mixing, seigniorage cost and conveyance of all labour and materials at site of work complete as directed by the Engineer-in-charge. Dm's office inside Flooring Front side flooring",
"SUPPLYING AND LAYING Vitrified tiles of best quality having uniform colour of approved make and texture Ist class of size NOT LESS THAN 300x450/300X200/245X325mm for SKIRTING/Wall Cladding set in CM 1:3 Pro. (1cement:3sand) of 12mm thick including neat cement slurry of honey like consistancy spread at 3.3Kg/sqm and joints pointed with white cement paste to full depth mixed with pigment of matching shade all leads and lifts all incidental, operational charges, curing, mixing, seigniorage cost and conveyance of all labour and materials at site of work complete as directed by the Engineer-in-charge. All round the inside Dm room Dm office Records Dm toilet Ladies toilet PA room Toilets Lobby Toilets",
"Painting with exterior emulsion primer two coats to walls with approved colour and quality including labour charges for thoroughly brushing the surface to remove all dirt and remains of loose powdered materials including cost and conveyance of all labour, materials and incidental such as scaffolding, lift charges etc., complete for finished item of work as directed by the Engineer-in-Charge. All round building Stair case partada wall all round",
"SUPPLYING AND LAYING non skid ceramic tiles of best quality having uniform colour of approved make and texture Ist class of size NOT LESS THAN 600X600 for FLOORING set in CM 1:8 Pro. (1cement:8sand) of including neat cement slurry of honey like consistancy spread at 3.3Kg/sqm and joints pointed with white cement paste to full depth mixed with pigment of matching shade all leads and lifts all incidental, operational charges, curing, mixing, seigniorage cost and conveyance of all labour and materials at site of work complete as directed by the Engineer-in-charge. toilets",
Supplying and fixing MS grill including cost and conveynace of all labour and materials at site of work complete as directed by the Engineer - In - Charge. Windows Add towards septic tank Add towards seigniorage charges,
"Supply & fixing of roof accessories made with pre-painted galvalume profile sheets with 0.5mm thick, width 0.585, length maximum 2 1/2"" mtrs. medium size large cap for ridge, barge cap, corner trim, L - flashing, down pipes gutter etc., including cost and conveyance of all labour and materials at site of work complete as directed by the Engineer-in-Charge. For roof",
Removing of old AC sheet roofing including stacking the useful sheets for reuse all incidental and operational charges etc complete roofing,
"Supply and fixing of ‘approved make, GALVALUME trapezoidal roofing sheets, in 0.50mm thickness, 1060mm width & AZ 150, 550mpa steel, coated with 20 micron roofing cladding",
"Labour charges for removing of 40'0'' to 42'0'' height of tree 6'0'' to 8'0'' stem including of 2'0'' to 2'6'' stem and removing the tree roots by using electrical sawing maching, ropes are to br used for removing of tree branches and tree stems,cost of diese/petrol for cutting electrical sawing mechine, hire charges of ladder and ropes cost and conveyance of all labour and materials at site of work complete as directe by the Engineer - In - Charge. 60' x 40' shed area and sourrending area",
"Labour charges for removing of 30'0'' to 35'0'' height of tree 3'0'' to 4'0'' stem including of 1'5'' to 2'0'' stem and removing the tree roots by using electrical sawing maching, ropes are to br used for removing of tree branches and tree stems,cost of diese/petrol for cutting electrical sawing mechine, hire charges of ladder and ropes cost and conveyance of all labour and materials at site of work complete as directe by the Engineer - In - Charge. 60' x 40' shed area and sourrending area",
"Labour charges for removing of 22'0'' to 26'0'' height of tree 2'0'' to 2'8'' stem including of 1'0'' to 1'6'' stem and removing the tree roots by using electrical sawing maching, ropes are to br used for removing of tree branches and tree stems,cost of diese/petrol for cutting electrical sawing mechine, hire charges of ladder and ropes cost and conveyance of all labour and materials at site of work complete as directe by the Engineer - In - Charge. 60' x 40' shed area and sourrending area",
Transportation waste materials small trees pieces and mud materials from work spot to out side B/Depot lead 5.00 km including cost and conveyance of all labour and materials at site of work complete Stock No (1) Stock No (2) Stock No (3) Stock No (4) Add NAC 0.1% Add GST 18%,
"Removing of Damaged Brick Masonary in cement morter and stacking the metal materials for re use and dosposing the de bris to a for off distance ,all incidantal and operational charg es ,cost and conveyance of all labour and material at site of work complete as directed by the engineer-incharge Parapet wall Above hard clay Over lintely Kitchen S ide",
Removing of damaged rein forcement concrete and dispasin the debris to for off distance all incidental and opernational charges cost and conveyance of all labour andmaterials site of work complete as directed by the engineer-in-charge slab pillary slab sunshed wash basen slab,
brick masonry with 2nd class brick having a minimum crushin strenth of 40kg/sq/m for super srtucture for incidental of wa lly in cm 1:6 pro (1cement 6sand )including soacking of bricks all incidental quality cost and conveyance of all labour and materials at site work complet south to cross wall over urinal,
Cement plastering to wall in cm 1:5pro (1 cement 5 sand) of 20mm thick including cleaning the surface cost of cost and co conveyance of all labour and matreial at site of work copmpl et by the engineer-in- charge over beam east to west,
"Removing of damaged compound wall (RCC) pannels cleaning away the debris from the workspot including of T &P ,hire charges of all the T & P, cost and conveyance of all labour and materials at site of work complete as directed by the Engineer in charge. RCC compound wall RCC pillars",
"Bricks masonary with brick having a minimum crushing strength of 35kg/sq.cm. as per IS1077-1976 in superstructure for any thick ness of walls in C.M1:8pro.(1cement:8sand)including soaking of brick all incidental,operational, scaffolding,curing charge cost and conveyance of all labour and material at site of work complete as directed by the Engineer-in-charge (ground floor upto a height of 12'0""above basement level) For 1st footings 2nd footing Above basement End pillar Genator room side Plastering 20mm in CM 1:5(1cement:5sand)including surface cost of curing ,,scaffolding,lift,all incidental and operational charges cost and conveyance of all labour and materials at site of work complete as directed by the Engineer in charge. wall Brick pillar side Pillar top Plastering 12mm in CM 1:5(1cement:5sand)including surface cost of curing ,,scaffolding,lift,all incidental and operational charges cost and conveyance of all labour and materials at site of work complete as directed by the Engineer in charge. Providing barbed wire fencing compound wall with 40x40x6mm MS angles of 4'0"" length 12'0""center to center and diagonals including cost of GI wire for tying the barbed wire and making holes in bricks masonary nfor fixing MS angle including cost of PCC 1:2:4 prop.of size 0.23x0.23x0.23 mts complete as directed by the Engineer in charge . Over compound wall Transporation of excavated earth to distance of 5 km away from the site including cost and conveyance of all labour and materials at site of work complete as directed by the Engineer in charge. Near compound wall Add seinrage charges Add 0.1% NAC charges Add 1% cess charges Add 18% GST NAME OF WORK :: REPAIRS TO THE YARD IN BUS STATION AT PODALAKURU, SPSR NELLORE DISTRICT. PARTICULARS",
"Supplying and stacking of 40mm hard granite machine crushed metal brought from approved quarry including stacking to departmental gauge for premeasurements, seigniorage charges all incidental, operational charges, cost and conveyance of all labour and materials at site of work complete as directed by the Engineer-in-charge.",
"supplying and stacking of gravel brough from approved quarry for per-measuremeant to departmental gauge including all incidental and operational charges, cost and conveyance of all labour and materials at site of work complete as directed by the Engineer-in-charge.",
"Spreading of departmental gravel in 6"" thick layers including watering and consolidating with 8:10 T power roller including all water leads and lift charges cost and conveyance of all labour and materials at site of work complete for finished item of work as directed by the Engineer-in-charge.",
"Spreading 40mm gauge hard granite metal 100mm thick loose consolidated to 75mm thick including spreading grave for blindage, watering with an initial lead of 2HM and rolling with contractor's 8 to 10 tonnes power roller including sectioning the layer to proper profile, all incidental, labour, hire and operational charges of power roller (8 to 10) barricading driversion of traffic and wetting the new consolidation for a fornight, including complete as directed by the Engineer-in- charge.",
"Engaging of Machanical execavator (JCB) for cutting the heaps and removing the garbage, including transportation of JCB to the site of work, cost and conveyance of all labour and material at site of work complete as directed by the Engineer-in-charge.",
to construct/repair compound wall at Garage of Nellore-1 depot.,
to construct/repair compound wall at Garage of Atmakur (N) depot,
to construct/repair compound wall at Garage of Kavali depot.,
to construct/repair compound wall at Garage of Kandukur depot.,
White wash at traffic section in Nellore-2 depot.,
Roof repairs at DM's office in Rapur depot.,
To provide bore water in Podalakur bus station.,
To provide water for western toilets at garage in Nellore-1 depot.,
"To provide a door/plain GI sheet to toilets located near cargo, in bus station Nellore.",
To provide doors for toilets in Kandukur depot.,
"Providing R.C.C slab culvert open drain over drain for movement of hire buses at Nellore, SPSR Nellore Dist",
Dismanteling of old booking room & ladies rest room at Nellore,
"Construction of booking room in bus depot-1, Nellore, SPSR Nellore Dist",
"Providing Chainlink fencing in depot-2 for barrcading bus depot-2 yard and way of hire buses at nellore, SPSR Nellore Dist",
"Providing MS pipe gate with RCC gate pillars for hire buses away at Nellore, SPSR Nellore Dist",
2 far off distance including hire charges of scaffolding cost and conveyance of all labour and materials at site of work complete.,1cum
far off distance including hire charges of scaffolding cost and conveyance of all labour and materials at site of work complete.,1cum
Labour charges for dismantalling the damaged brick masonary with cement mortor and disposing the same to far off distance including hire charges of scaffolding cost and conveyance of all labour and materials at site of work,1cum
"supply & fixing weld mesh partition 3""x1"" with 25x25x5mm thick angle all round and verticals and 25x5mm thick flats 4no's horizentals including welding fabrica tion and fixing with necessary primary coat and two coats of enamel paint etc cost and conveyance of all labour and materials at site ofg work complete.",1cum
"Providing and laying plain cement concrete 1:2:4 pro.(1cement 2sand:4metal)using 20 mm guage hard granite hand broken metal including machine mixing,deposing in position,ramming finishing curing including all incidental opaerational and cost and conveyanec of all labour and material at site of work complete as directed by the Engineer-in Charge",1m2
"Bricks masonary with brick for any thickness of walls in C.M 1:8pro.(1cement:8sand)including soaking of brick all incidental, operational, scaffolding,curing chargecost and conveyance of all labour and material at site of work complete as directed by the Engineer-in-charge (ground floor upto a height of 12'0""",10m2
"Plastering 20 mm thick in CM1:5 pro.(1cement:5sand) finishing including cleaning the surface cost of curing , scaffoiding,lift,all incidenatal and operational charges cost and conveyance of all labour and material at site of work complete as dorected by the Engineer-in-charge.",10m2
Transporation of excavated soil and filling the same in tha low laying areas of the bus station yard with 10 leads of the each 10 mtrs.over inicial lead of 10 mtrs including cost and conveyance of all labour and material at site of work complete as directed,
"Labour charges for welding the hold fast to column rods including hire chareges of welding machine, cable and cost of welding rods scaffolding cost and convey ance of all labour and materials at site of work of complete.",
"Structural repairs to the RCC to surface to arrest leakages duly chipping with pneumatic poer chiselling equipment and until to achieve the hard mother concrete surface. Duly removing of debries cleaning of the surface from dirt and other foreign maters & water jet claening ,applying acrylic based bonding adhesive (Mix 1:1 ratui if cenebt)agent of FOSROC make,appling high strengh cement concrete flooring of 50mm thick average with C.C.1:1.5:3 pro using 12 mm down graded HGMC metal mixing with Concrete plsticizers and water reducing admixture 15-20 ml per bag of 50 kgs of cement including mixing, depositing, finishing in line,level and required slope including curring scaffolding arrangements, cost of construction chemicals, all incidental, operational, cost and conveyance of all labor and materials at site of work",
"2 Labour charges for removing the old Enamel paint and cleaning the surface including hire charges of electrial cleaning machine,scaffolding, cost and conveyance of all labour and materials at site of work complete.",1sqm
"Labour charges for removing the old Enamel paint and cleaning the surface including hire charges of electrial cleaning machine,scaffolding, cost and conveyance of all labour and materials at site of work complete.",1sqm
"Whiting two coats to celling including cost of gum,gunjee water labour charges for thoroughlyl brushing the surface remove all dirt and remains of loose powdered materials including putty cost and conveyance of all labor and materials at site of work complete.",10sqm
"Painting with interier emlusion paint two coats to walls with one coat primer, total three coats, approved make colour and quality including labour charges for thorougly brudshing the surface to remove all dirt and reamians of loose powered materials including putty cost and conveyance of all labor and materials and incidental such as scaffolding, lift charges etc., complete for finishing item of work as directed by the Engineer-in-charge.",10sqm
Painting to walls with synthetic enamel paint in two coats of approved quality and colour in including cleaning the surface cost and conveyance of all labour and materials at site of work complete.,10sqm
Painting to wood work with synthetic enamel paint in two coats of approved quality and colour in including cleaning the surface cost and conveyance of all labour and materials at site of work complete.,10sqm
"2 Removing of damaged brick masonary cement morter and stacking the useful materials for reuse and disposig the debris to a far off distance,all incidental and operational charges,cost and conveyance of all labour and materials at site of work complete as directed by the Engineer- in -",1 Cum
"Removing of damaged brick masonary cement morter and stacking the useful materials for reuse and disposig the debris to a far off distance,all incidental and operational charges,cost and conveyance of all labour and materials at site of work complete as directed by the Engineer- in -",1 Cum
"Removing of damaged rein forced cement concrete and disposing the debris to a far off distance, all incidental and operational charges cost and conveyance of all labour and materials at site of work com plete as directed by the Engineer-in-charges.",1 Cum
"Brick masonary with n2nd class bricks having a minimum crushing srrenght of 40 kgs/sqm as per IS 1077-1976 in super structure for any thickness of wall in CM 1:8 (1cement:8sand) including soaking of bricks all incidental and operational.scaffolding,lift, curing charges cost and conveyance of all labour and materials at site of work com plete as directed by the Engineer-in-charges.(above 3.66 mts) Over slab north side of canteen",1 Cum
"Cement plastering to wall in CM 1:5prop(1cement:5sand)of 20 mm thick including cleaning the surface,cost of curing,scaffolding,lift,all incidental and operationalcharges cost and conveyance of all labour and materials at site of work complete as directed by the E-IN-Charge",10 Sqm
"Cement plastering to walls in CM 1:5 prop(1cement:5sand) of 12 mm thick including cleaning the surface,cost of curing,scaffolding,lift,all incidenta,and operational charges,cost and conveyance of all labour and materials at site of work complete as directed by the E-IN-C",10 Sqm
"Providing and laying plain cement concrete 1:2:4prop(1cement:2sand: 4metal)using 20mm gauge hard granite machine crushed metal conforming to IS 383-1970 for BED of flooring including machine mixing, disposing in position,ramming,finishing,curing including all incidental oprational and charges cost and conveyance of all labour and materials at site of work complete as directed by the E-IN-C",1 Cum
"Providing rein forced cement concrete using 330 kgs of cement with a minimum strenght of M20 grade using 20mm gauge hard granite machine mixing,centering,laying concrete,compacting vibrating rendering,fine finishing,curing,conforming to IS 456-1978 including all incidental,operational,scaffolding and charges cost and conveyance of all labour and materials at site of work complete as directed by the",1 kg
"Suply,fabrication and errection of rafters 3.65mts.lenght using structural steel box sections of YST 210 grade conforming to IS 4923 1997 of size 200x100x4.00mm@18.01kg/M as per design and drawing and painting all structural members with red oxide paint including cost of bolts,nuts,screws,washers etc..,including cost and conveyance of all materials and labour, at site of work complete",1 kg
"Supply, fabrication and erraction of purlins made with MS box type section of size 72x72x3.20mm at 6.71kg/1Rm including cost of end plates of size 160x70x6mm 2nos & cost of 10mm dia bolts and nuts 4 nos. cost of one coat red oxide primer and two coats of aluminium plant trasporation charges hire charges of T&P including charges cost and conveyance of all labour and materials at site of work complete as directed by the Engineer-In-Charge.",1 Rm
"Supply & fixing of prepainted galvalume trapezoidal profile roofing sheets with 0.50mm thickness,coating :Alu Zink coating AZ 150 GSM tensile strenght :550 MPA. Paint coating : regular midified polyster painting. Planting thickness(top):18 to 20 microns,(buttom):5 to 7 microns. Sheet width -1020mts., length: maximum 12 mts with regular range colours including scaffolding charges ,cost and conveyance of all labour and materials at site of work complete as directed by the",1 Cum
"Transporation of dismantled material to for away from site including loading, unloading cost and conveyance of all labour and material at site of work complete as directed by the Engineer-In-Charge.",10 Sqm
"Color washing two coats to walls of approved colour and quality including cost of gum,salt,gunji and water,labour charges for and cleaning the surface and dirt with soap and brushes including putty cost, cost and conveyance of all labour and material at site of work complete as directed by the Engineer-In-Charge.",10 Sqm
"Supply and placing of sand bags for preventing damages to the floor and polished Kadapa slab dining seats during the dismantling / removing the slab including cost of sand empty bags and placing the bags on the floor and kadapa slab seating etc.,including cost and conveyance of all labour and material at site of work complete as directed by the",1000 Kgs
"supply and fabrication of tor steel of Visakha/Tata steel /sail/Tirupathi TMT or any other ISI marked or ISO approved makes including cutting bending tying grills as per design,cost of binding wire,loading,unloading Transportation to the site of work including cost and conveyance of all labour and material at site of work complete as directed by the",1000 Kgs
"cutting the slab roads by Electrical cutting machine and removing the loose concrete including hire charges of Electrical cutting machine, Transporatation Electrical cable and cutting blade etc.., cost and conveyance of all labour and materials at site of work complete as directed by the Engineer-In-Charge.",1 Rm
"Hire Charges for engaging excavator for earth work excavation/ removing of heaps/ debries and disposing the debries to far away from the site, including cost and conveyance of all labour and material, oil charges, transportation charges etc.., complete as directed by the",1 Sqm
Cutting of column rods by weilding machine including hire charges of weilding machine and cables scafloding and cables cost of weilding rods cost and conveyance of all labour and material at site of work complete.,1Rm
"Structural repairs to the Ceiling of RCC Slab duly chipping with pneumatic power chiselling equipment and until to achieve the hard mother concrete, cleaning the surface, cleaning of steel reinforcement with sand paper and Iron brushes for removing of rust, applying Anti corrosive paint of FOSROC make, applying Bonding agent of FOSROC make, strengthening the ceiling with C.C.1:1.5:3 Pro using 6mm down graded HGMC metal 40mm thick average thickness using construction chemicals and redoing the ceiling with cement plastering 12mm thick in C.M 1:3 & 1:5 Pro with neat finish, including curing, scaffolding arrangements at different places, cost of construction chemicals, all incidental, operational, seigniorage charges, cost and conveyance of all labour and materials at site of work complete.(G.F)",1Rm
Labour charges for removing & refixing polyethiline water storage tank with necessary pipe lines and connections excluding cost of fittings etc. cost and conveyance of all labour and materials at site of work complete as directed by the Engineer-in-Charge.,1Rm
Supply & fixing of following CPVC pipes / specials to meet the requirement of ASTM - D 2846 and are produced in CTS (Copper tube sizes) Ashirvad flow guard SDR 13.50 pipes are made from idential CPVC compounds having the same physical properties for hot & cold water (IS 15778 - 2007) including cost and conveyance of all labour and materials at site of work complete as directed. A) 22.20 mm OD cpvc pipe SDR 13.5 22.20 mm to 15.20 mm dia CPVC reducer,1Rm
"2 Earth work excavation in all kind of soils wet or dry such as clay hard clay, black cotton soil, red earth, moorum,gravel etc., in loose and slushy condition except rock requiring blasting for fondation of walls and column footings including bailing out of water (pumping out water if necessary)with necessary site clearence, marking out temporary steping, slopping, shoring strutting ,sectioning, tamping as directed with an initial lead of 10m and lift of 2m complete as directed by the engineer-in-Charge.",10m3
"Earth work excavation in all kind of soils wet or dry such as clay hard clay, black cotton soil, red earth, moorum,gravel etc., in loose and slushy condition except rock requiring blasting for fondation of walls and column footings including bailing out of water (pumping out water if necessary)with necessary site clearence, marking out temporary steping, slopping, shoring strutting ,sectioning, tamping as directed with an initial lead of 10m and lift of 2m complete as directed by the engineer-in-Charge.",10m3
Removing of damaged reinforced cement concrete and disposing the debris it a for off distance all incidental and operational charges cost and conveyance of all labour and materials at site of work complete as diercted by the Engineer-In-Charge.,1m3
"Removing of damaged CC with power drilling machine and cleaning the dismantled materials for away from site including hire charges of drilling machine,T&P cost and conveyance of all labour and materials at site of work complete as directed by the Engineer In Charge. More than 150 mm thickness Base inside pit",1m3
Removing of damaged RR masonary in cement mortor and stacking useful material for reuse and disposing the debris to a for off distance all incidental and oprational charges cost and conveyance of all labour and materials at site of work complete as directed by the Engineer In,1 cum
Removing of damaged brick masonary in cement mortor and stacking useful material for reuse and disposing the debris to a for off distance all incidental and oprational charges cost and conveyance of all labour and materials at site of work complete as directed by the Engineer In,1 cum
"Supply & filling of sand including watering,compacting all incidental and operational charges,cost and conveyance of all labour and materials at site of work complete as directed by the Engineer-In- charge",1 cum
"Providing and laying plain cement concrete 1:3:6 prop.(1cement:3 sand:6metal)using 40 mm guage hard granite machine crushed metal conforming to IS 383-1970 in foundation and for BED of flooring including machine mixing,disposing in position,ramming,finishing, curing including all incidental operational and cost and conveyance of all labour and materials at site of work complete as directed by the",1m3
"Providing reinforced cement condrete 1:1 1/2:3 pro (1cement:1 1/2 sand:3metal) using 70% of 20mm gauge hard granite machine crushed metal including labour charges for machine mixing,centering laying concrete,compacting,vibrating,rendaring,fine finishing,curing, conforming to IS 456-1978 including all incidental",1 cum
"Providing and laying pain cement concrete 1:2:4 prop. Using 20mm hard granite machine crushed metal for bed of flooring including Machine mixing depositing in position ramming, vibration curing all incidental and operational charges cost and conveyance of all labour and materials at site of work complete as directed by the",1cum
"proving impervious plastering to inspection pit in CM1:3 prop (1cement:3sand)of 20 mm thick including cost of impervious compou- nd and labour charges for applyingcement slurry to the sureface before plastering cleaning the surface,cost and conveyance of all labour and materials at site of work complete as directed by the",10m2
"proving plastering to inspection pit in CM1:4 prop (1cement:4sand)of 20 mm thick including cost and labour charges for applyingcement slurry to the sureface before plastering cleaning the surface,cost and conveyance of all labour and materials at site of work complete as directed by the",1 Rm
"Supply and fabrication errection of MS angle of size 50x50x6mm for fixing at edge of steps,including transportation charges,hire charges of T&P,cost and conveyance of all labour and materials at site of work complete as directed by the Engineer-In-Charge",1 Rm
"Supply and fabrication of tor steel of vishaka/Tata steel/Thirupathi TMT or any ISI marked or ISO approved makes including cutting,bending, tying grills as per design,cost of binding wires,loading and transporta- tion the site of work including cost and conveyance of all labour and materials at site of work complete as directed by the Engineer-In-",1 MT
Transportation of dismantled makes to dutao of 5km away from site including loading in loading cost and conveyance of all labour and materials at site of work complete.,1 cum
Supply of FOSROCK chemical as bonding ajent for concrete including trasportation of materials to the site of work cost and conveyance of all labour and materials at site of work complete,
"Providing and laying of 3mm thick APP modified bitumen membrane treatment to the duly cleaning the surface from dirt, dust and other contaminations and application of one coat of bitumen primer, providing and laying 3mm thick APP modified bitumen membrane with 100 mm over lap margin and fixing with bitumen torch etc., complete as ditected by the Engineer-In-charge. (Make Dr.Fixit Torch shield/Asian and APP).",
2 Engaging of mechanical excavator including cost and conveyance of all labour and materials at site of work complete as directed by,
Engaging of mechanical excavator including cost and conveyance of all labour and materials at site of work complete as directed by,10m3
"Earth work excavation in all kind of soils wet or dry such as clay hard clay, black cotton soil, red earth, moorum,gravel etc., in loose and slushy condition except rock requiring blasting for fondation of walls and column footings including bailing out of water (pumping out water if necessary)with necessary site clearence, marking out temporary steping, slopping, shoring strutting ,sectioning, tamping as directed with an initial lead of 10m and lift of 2m complete as directed by the engineer-in- East & west side of exsiting bore",10m3
"supplying and stocking 40mm. Guage IRC hand broken hard granite metal brought from approved quarry including stacking to departmental guage for premesurements,all incidental operational charges, cost and conveyance of all labour and materials at site of work complete as dorected by the Engineer East & west side of exsiting bore",1m3
"supplying and stocking 20mm. Guage IRC hand broken hard granite metal brought from approved quarry including stacking to departmental guage for premesurements,all incidental operational charges, cost and conveyance of all labour and materials at site of work complete as dorected by the Engineer East & west side of exsiting bore",1m3
"Supply and stacking sand brought from approved quarry including stacking to departmental guage for premesurements, all inciden tal operational charges,cost and conveyance of all labour and o materials at site of work coplete as directed by the Enginee - East & west side of exsiting bore",1m3
"Providing solid block brick masonary CM1:6 pro. (1cement:6sand) superstructure including curing and all incidental operational scaffolding and lift charges, cost and conveyance of all labour and material at site of work complete as directed by the Enginee East & west side of exsiting bore",1m3
Labour for filling sand & metal including hire charges of tools cost and conveyance of all labour and materials at site of work complete as directed by the Ingineer-In-Charge.,
Supply and fixing following PVC pipe & fitting approved make including cost and conveyance of all labour and materials at site,
"2 Earth work excavation in all kind of soils wet or dry such as clay hard clay, black cotton soil, red earth, moorum,gravel etc., in loose and slushy condition except rock requiring blasting for fondation of walls and column footings including bailing out of water (pumping out water if necessary)with necessary site clearence, marking out temporary steping, slopping, shoring strutting ,sectioning, tamping as directed with an initial lead of 10m and lift of 2m complete as directed by the engineer-in-",
"Earth work excavation in all kind of soils wet or dry such as clay hard clay, black cotton soil, red earth, moorum,gravel etc., in loose and slushy condition except rock requiring blasting for fondation of walls and column footings including bailing out of water (pumping out water if necessary)with necessary site clearence, marking out temporary steping, slopping, shoring strutting ,sectioning, tamping as directed with an initial lead of 10m and lift of 2m complete as directed by the engineer-in-",
Labour charges for removing the damaged pvc 4'' pipe including hire charges of tools cost stacking the useful materials cost and conveyance of all labour and materials at site of work complete,17.60Rm
Supply and fixing PVC pluming pipe and acessories of approved make including cost and conveyance of all labour and materials at site of work,12.70Rm
Labour charges for removing and refixing of urinals bowl& including hire charges of tools cost and conveyance of all labour and materials at site of,
Supply and fixing 38.10 mm dia PVC solid waste pipe out at cost and conveyance of all labour and materials at site of work complete.,
Supply and fixing 12.70 mm dia PVC cannection with brass union nut cp coated conveyance of all labour and materials at site of,
Supply and fixing PVC angle value polo make cost and conveyance of all labour of all labour and materials at site of work complete.,
Labour charges for removing and refixing 2000 litters sintex including hire charges of tools cost and conveyance of all and labour and materials at site of work complete.,
Labour charges for cleaning the manhole chamber including cost including hire charges of tools cost and conveyance of all and labour and materials at site of work complete.,
Supply and fixing napaw stone wash bashin 2' x 1 1/2' size including waste coupling and solid waste pipe cost and conveyance of all labour and materials at site of work complete.,
2 Engaging of mechanical excavator including cost and conveyance of all labour and materials at site of work complete as directed by Removing the debris and cutting,
Engaging of mechanical excavator including cost and conveyance of all labour and materials at site of work complete as directed by Removing the debris and cutting,
Labour charges for cleaning the NIGHT SOIL chambers including cost of phenyle and tools cost and conveyance of all labour and materials at site of work complete,1cum
Labour charges for dismantalling the damaged R.R masonary with cement mortor and disposing the same to far off distance including hire charges of scaffolding cost and conveyance of all labour and materials at site of work labour and materials at site of work,1Rm
Labour charges for removing the old damaged SWR pipes including hire charges of scaffolding cost and conveyance of all labour and materials at site of work complete.,1Sqm
Labour charges for removing the damaged RCC jallies and disposing tha same to far off distance including hire charges of scaffolding cost and conveyance of all labour and materials at site of work complete.,1Sqm
"supply and filling of sand in foundation,basement and sides of foundation in 150mm thick layers complying with standard specification including watering consolidation ,cost and conveyance of all labour and material at site of work complete as directed by the engineer-in charge",1cum
"Providing and laying plain cement concrete 1:5:10 pro.(1cement 5sand:10metal)using 40mm guage hard granite hand broken metal confirming in to IS 383-1970 in foundation and for bed of flooring including machine mixing,deposing in position,rammi- ng,finishing curing including all incidental opaerational and cost and conveyanec of all labour and material at site of work complete as directed by the Engineer-in Charge",1cum
Labour charges for chisselling the damaged brick masonary with cement mortor and disposing the same to far off distance including hire charges of scaffolding cost and conveyance of all labour and materials at site of work,1Rm
Labour charges for making the hole brick masonary with cement mortor and disposing the same to far off distance including hire charges of scaffolding cost and conveyance of all labour and materials at site of work,
"Bricks masonary with brick for any thickness of walls in C.M 1:8pro.(1cement:8sand)including soaking of brick all incidental, operational, scaffolding,curing charge cost and conveyance of all labour and material at site of work complete as directed by the Engineer-in-charge (ground floor upto a height of 12'0""",
"Rein forced brick masonary with bricks having a minimum crushing strenght of 35kg/sq.cm.as per IS1077-1976 in CM 1:4 pro.(1cement:4sand)in superstructure for 4 1/2""thick walls with 6mm dia.M.S rounds at every third layer including soaking of bricks,curing and all incidental operational, scaffolding and lift charges, cost and conveyance of all labour and material at site of work complete as directed by the Engineer-in- charge (excluding cost if steel binding wire and its fabrication)",1Sqm
"Providing reinforecd cement concrete 1:2:4pro.(1cement:2sand :4metal) with a minimum strenght of M15 grade and crushing strenght of 150kg/sq.cm. with 20mm guage hard granite machin crushed metal including labour charge for machine mixing, centering, laying concrete,compacting,vibrating,rendering,fine finishing,curing confirming to IS 456-1978 including all inciden- denta,operational, scaffolding and cost and conveyance of all labour and material at site of work complete(excluding cost of stell,binding wire and its fabrication) with designed Tor steel reinforcement as directed by the Engineer-in-charge.",1.80 cum
"Supply and fabrication of tor steel Fe 415 of Visakha / Tata steel/ Sail / Tirupathi TMT or any other ISI marked or ISO approved makes including cutting, bending, tying grills as per design, cost of binding wire, loading, unloading and transportation to the site of work including cost and conveyance of all labour and materials at site of work complete as directed by the Engineer-in-Charge.",1 cum
"Providing and Laying plain cement concrete 1:2:4 Pro. (1 cement:2sand:4metal) using 20mm gauge hard granite machine crushed metal including machine mixing, depositing in position, ramming, finishing, curing including all incidental operational and cost and conveyance of all labour and materials at site of work complete as directed by the Engineer-in-Charge.",10Sqm
Labour charges for chipping the damaged plastered surface including scaffolding disposing the debris for off distance hire charges of tools cost and conveyance of all labour and materials at site of work complete.,10Sqm
"Providing Plastering to walls in C.M1:5 pro. (1cement:5sand) 3/4"" or 20mm thick including fine finishing rendering smoothe- ning the surface with cement, curing, all incidental and opera- tional cost and conveyance of all labour and materials at site of work complete as directed by the Engineer-in-charge.",
"Providing Plastering to walls in C.M1:5 pro. (1cement:5sand) 1/2"" or 12 mm thick including fine finishing rendering smoothe- ning the surface with cement, curing, all incidental and opera- tional cost and conveyance of all labour and materials at site of work complete as directed by the Engineer-in-charge.",10 Sqm
"Supply and laying ceramic Tiles of best quality of approved make size 300x300 mm of 7.3 mm thick of 1st quality having uniform colour and texture for flooring se in CM (1:3) prop. 12mm thick plastering and cement sabera putty & pointed with white cement and colouring pigments,all incidental , operational charges cost and conveyance of all labour and materials at site of work",1 Sqm
"Supply of Double charged/multi chargaed statin free full body porcelain vitrified tiles with double layer pigment of size 600 X 600 mm and thickness between 8-10 mm and 1st quality having uniform colour of approved make and texture conforming to IS 13711, IS 13712, IS 13630 (Part 1 to 15) any colour and finish in all shades & first quality make for FLOORING set in C.M 1 : 5 Pro. (1cement : 5 sand) 20mm thick and laid with line and level using cement slurry at 3.30 kgs per square metre of area and pointing the joints with white cement mixed with coloured pigment to match with colour of tile including cost of all materials, labour charges, lead charges, seigniorage charges, incidental and operational charges, curing and celaning etc., at site of work complete as directed by the Engineer-in-chage.",1 Sqm
"Supplying and laying ceramic tiles of best quality having uniform colour of approved make and texture first class of sizes NOT LESS THAN300x300x7.3mm thick for skirting set in CM (1:3) pro. (1cement:3sand) of 12mm thick including neet cement slurry of honey like consistatancy spreed at 3.3kg/sqm and joints pointed with white cement paste to full depth mixed with pigment of maching shaded all leeds and lifts all incidental, operational charges, curring, mixing, seigniorage cost and conveyance of all labour and materials at site of work complete as directed by the",
"SUPLY & FIXING or equivalent SINGLE SIDE PRELAM SOLID PANEL PVC DOOR FRAME (CHOUKHAT) Providing and fixing factory made Pac single side Prelam door frame of the size 50X47 mm with a wall thickness of 5mm, made out of extruded 5mm rigid Pac single side prelam sheet, meter cut at two corners and joined with 2nos. of 150mm long brackets of 1515mm MS. Square tube. The two vertical door profiles are to be reinforced with 19X19mm MS. square tube of 19 gauge. The door frame shall be fixed to the wall using 65/100mm long MS. Screws through the frame using Pac fasteners a minimum 4nos. of screws to be provided for each vertical member and minimum 2nos. for horizontal member etc., including seigniorage charges, cost and conveyance of all labour and materials at site of work complete as per manufacture specification and direction of Engineer-in-Charge.",1 Sqm
"Providing & fixing 30mm thick BRAND FACTORY MADE BOTH SIDE PRELAM SOLID PANEL PVC DOOR SHUTTER consisting of frame made out of 19gauge MS tube of 19mmX19mm for stiles, top and bottom rail, MS. Frame shall have a coat of steel primer so approved make and manufacture. MS. Frame covered with 5mm thick heat moulded Prelam Pac 'C' channel of size 30mm thickness, 70mm width out of which 50mm shall be flat and 20mm shall beta pered in 450 angle on either side for min gstiles: and 5mm thick,95mm wide PrelamP ac sheet out of which 75mm shall be flat and 20mm shall beta pered in 450 on the inner side to form top and bottom rail 115mm wide PrelamPac sheet out of which 75mm shall beflat and 20mm shall be tapered on both sides to form lock rail. Top, bottom and lock rail shall be provided either side of the panel. 10mm (5mmX2) thick, 20mm wide cross Pac sheet shall be provided as gap insert for to top to bottom rail. Panelling of 5mm thick both side Prelam Pac sheet to be fitted in the MS. Frame welded/sealed to the stiles & rails with 7mm (5mm+2mm) thick X15mm wide Pac sheet beading on inner side, and joined to gether with solvent cement adhesive etc. an additional 5mm thick Pac strip of 20mm width is to best uck on the interior side of the 'C' channel using Pacsolvent Cement adhesive etc. Complete as per direction of Engineer-in-charge, manufacture specification and drawing.",1 Sqm
"Supply and fixing weld mesh of pichi 3''x1'' with welding in frame 35x35x5mm thick alround and middle vertical and MS Flat of size 25x6mm middle horizental including fabrication and fixing and welding to side columns, one coat of red oxide and two coats of enamel paint scaffolding cost and conveyance of all labour and materials at site of work",10 Sqm
"Supply and fixing of 88.90mm x 4.00 mm ODMS pipe at 8.36 kgs/1RM for purline, including cutting, welding, fabrication, fixing in position, scaffolding charges, hire charges of T&P, one coat of red oxide and two coats of enamel paint cost and conveyance of all labour and materials at site of work complete as directed by the Engineer-in-charge.",1 Rm
"Whiting two coats to ceiling including cost of gum, gunjee water labour charges for thoroughly brushing the surface to remove all dirt and remains of loose powdered materials including putty, cost and conveyance of all labour, materials and incidental such as scaffolding, lift charges, all taxes such as finished item of work as directed by the Engineer-in-Charge.",1 cum
"Construction of binding wall in brick masonry in CM 1:6 Prop.to a thickness of 1' 1/2"" X 0' 9"" and cement plastering to sides in CM 1:6 Prop. 1/2"" thick including scaffolding, lift charges, seigniorage charges including cost and conveyance of all labour and materials at site work complete as directed by the Engineer-in-Charge.",1 cum
"Providing plain Cement Concrete (1:2:4) using 330 kgs of cement with a minimum strength of M20 grade using 20mm gauge hard granite machine crushed metal including labour charges for machine mixing, centering, laying concrete, compacting, vibrating, rendering, fine finishing, curing, conforming to IS 456-1978 including all incidental, operational, scaffolding and seigniorage charges, cost and conveyance of all materials and labour, at site of work complete as directed by the Engineer-in-Charge.",1 cum
"Painting with interior emulsion paint two coats to walls with approved colour and quality including labour charges for thoroughly brushing the surface to remove all dirt and remains of loose powdered materials including putty cost and conveyance of all labour, materials and incidental such as scaffolding, lift charges etc., complete for finished item of work as directed by the Engineer-in-Charge.",10 Sqm
"Painting with extreial emulsion paint two coats to walls with approved colour and quality including labour charges for thoroughly brushing the surface to remove all dirt and remains of loose powdered materials including putty cost and conveyance of all labour, materials and incidental such as scaffolding, lift charges etc., complete for finished item of work as directed by the Engineer-in-Charge.",1 Rm
"Supply & fixing of GI sheet rain water gutter of 'U' shape with 0.40mm thick 120GSM GI sheet including labour charges for wrought and put up fixing in position scaffolding, cost of rivetts and nuts hire charges of T&P including cost and conveyance of all labour and materials at site of work complete as directed by the Engineer-in-Charge.",1Rm
"Transportation of excavated earth and debris material to a distance of 5.00 Km. away from site including loading, unloading cost and cnveyance of all labour and materials at site of work complete as directed by the Engineer-in-Charge.",1Rm
"Supply & fixing of 28.60 mm dia Ball valve including cost of gum etc., including cost and conveyance of all labour and materials at site of work complete as directed.",1Rm
"Supply, fixing of following PVC/SWR pipes of approved make and specials including labour charges for fixing as per standard practice including cost and conveyance of all labour and materials at site of work complete as directed by the Engineer-in-charge. 4'' dia Nahani trap with CP jalli",1Rm
Supply and fixing 12.07 mm NP bib tap indian make havy duty including cost and conveyance of all labour and materials at site,
"Supply and fixing european water closet of first quality hindustan/nycer or parrywere make glazed with 'P' trap with plastic cover, PVC flush tank 10 lts capacity including 12.70 mm PVC conector 12.70 mm NP angle stop card cost and conveyance of all labour at site of work complete.",
Supply and fixing of bib cock cum health faucet with one meter tub and wall hook of jaguar continental series chrome finishing with 7 years warranty including cost and conveyance of all labour and materials at site of work complete.,
"Supply and fixing indian make flat back wall hand basine first quality with waste fixing like rubber plug, chine,32 mm nominal size C.P.fitting with parallei pipe thread and fitted with 15 mm nominal bore chromium plated pillar trap of 1 qulity indian make 400 grams seiko/senior/nice/ esso or equivalent complete including 12.70 mm PVC conector,12.70 mm angle stop cock,13.70 mm PVC flexible waste water pipe and equivalent wit standard CI brackets including wooden blocks 550 x 400 mm cost and conveyance of all labour and materials at site of work complete.",
Supply and fixing 19.04 mm dia & 609.6 mm long aluminium anodized towel rod with brackets and aluminium screws including cost and cinveyance of all labour and material at site of,
supply and fixing NP soap dish heavy type with NP screw including cost and conveyance of all labour and materials at site of work,
Supply and fixing of PV shape mirror with plastic frame of size 609.60 mm into 457.20 mm including cost and conveyance of all labour and materials at site of work complete.,
Providing 4'-0'' dia leach pit for 6'-0'' ht using R.C.C pre casting of 4'-0'' dia 6 no's and providing R.C.C precast covers 110 mm dia SWR vent pipe for 10'-0'' length including earth work excavation cost of trasportation of rings and cover to the site grouing the joints with cement mortar and fixing the sides of the pit with exavated soil cost of rope and other materials and T & P required cost and conveyance of all labour and materials and all incidental operational hire charges like mixing cement mortar curing etc… complete as finished item of work.,
"Construction of 450x450 mm inspection chamber upto 904.00 mm hite with brick masonary to CM 1:6 pro. With R.C.C cover of 75 mm thick including exavation P.C.C 1:5:10, 100 mm thick using 40 mm gauge HBG metal P.C.C 1:2:4 for benching and chamber 50 mm thick ,plastering 20 mm thick in CM 1:3 pro and 12 mm thick CM 1:3 pro,curing,steel cost and conveyance of all labour and materials at site of work complete.",
Supply and fixing the fallowing fixers including cost and coveyance of all labour and materials at site of work,
"2 Providing and laying of mechanically mixed unreinforced plain cement concrete pavement 200 / 150mm thick over a prepared sub base to the required level using 0.90 cum of course aggregate of 0.63 cum (70%) of 40mm size machine crushed hard granite metal & 0.27 cum (30%) of 12mm size machine crushed hard granite metal and 0.45 cum of pure river sand (fine aggregate) brought from approved qurries and using 350kgs of 43 grade (IS 8112)/53 grade (IS 12269) Cement for one Cubic Meter Cement Concrete quantity. The course and fine aggregate shall confriming to IS 383.The CC shall be laid in panels upto size 3.50M x 3.50M in line and level or slope, using admixture of approved quality at 0.50% by weight of cement. The Cement concrete shall be laid along approved fixed side steel form work, laying of seperation membrane of 125 micron thick polythene film between concrete slab and sub base duly fixing the membrane using wedges & steel plates and leveling the form work, machine mixing, spreading the concrete, compacted with needle plate and screed board vibrators for fine finishing to even surface and making grooves of 6mm x 50mm by using concrete joint cutting machine for intial & final cuts for Transverse / Contraction,racking the joints, applying debonding strips and providing departmental premoulded filler mastic pads of 12.70mm thick for a depth of 137.50mm for expansion joints for every 31.50mts distance and rounding off edges for transverse / Cntraction & Expansion joints after filling the joints with bitumen sealent along with bitumen primer as approved by the site incharge and using air compressor before and laying membnrace and after laying concrete and curing for 14 days including cost of all material including jute ropes etc. cost of all incidental, hire and operational charges of al machinery, cost of fuel, heating charges and tools & plants, seigniorage charges, cost for form work, cost of water for curing and concrete laying etc., complete as directed by the",
"Providing and laying of mechanically mixed unreinforced plain cement concrete pavement 200 / 150mm thick over a prepared sub base to the required level using 0.90 cum of course aggregate of 0.63 cum (70%) of 40mm size machine crushed hard granite metal & 0.27 cum (30%) of 12mm size machine crushed hard granite metal and 0.45 cum of pure river sand (fine aggregate) brought from approved qurries and using 350kgs of 43 grade (IS 8112)/53 grade (IS 12269) Cement for one Cubic Meter Cement Concrete quantity. The course and fine aggregate shall confriming to IS 383.The CC shall be laid in panels upto size 3.50M x 3.50M in line and level or slope, using admixture of approved quality at 0.50% by weight of cement. The Cement concrete shall be laid along approved fixed side steel form work, laying of seperation membrane of 125 micron thick polythene film between concrete slab and sub base duly fixing the membrane using wedges & steel plates and leveling the form work, machine mixing, spreading the concrete, compacted with needle plate and screed board vibrators for fine finishing to even surface and making grooves of 6mm x 50mm by using concrete joint cutting machine for intial & final cuts for Transverse / Contraction,racking the joints, applying debonding strips and providing departmental premoulded filler mastic pads of 12.70mm thick for a depth of 137.50mm for expansion joints for every 31.50mts distance and rounding off edges for transverse / Cntraction & Expansion joints after filling the joints with bitumen sealent along with bitumen primer as approved by the site incharge and using air compressor before and laying membnrace and after laying concrete and curing for 14 days including cost of all material including jute ropes etc. cost of all incidental, hire and operational charges of al machinery, cost of fuel, heating charges and tools & plants, seigniorage charges, cost for form work, cost of water for curing and concrete laying etc., complete as directed by the",
"Providing, laying,spreding and compacting of stone crusher dust finer than 3.00 mm (0.075 seive passing < 10%) including spreding of the dust irrespective of the thicknees,laying in uniform thickness on well prepared surface and compacting with hand roller rolling as directed by Engineer-In-Charge all incidental operational, hire charges and crew charges of hand roller cost and conveyance of all labour and materials at site of work complete for finishe item of work as directed",1 m³
"Removing of damaged plain cement concrete up to 150 mm thick and disposing the debris to a far off distance, all incidental and operational charges, cost and conveyance of all labour and materials at site of work complete as directed by the Engineer-in-Charge. Providing, laying,spreading and compacting graded HBG Crushed stone aggregate Wet Mix Macadam specification(5th Revision)as for Table 400-13 (89.10Cum of 45-22.4mm.118.80 Cum of 22.4-2.36mm&89.10 Cum of 2.36mm and below for total out foot of 225 Cum),including cost of all materials and including premixing the material with water at OMC in mechanical mix palnt garrage of mixied materials by thipper to site,laying in from layers with paver in sub-base/base course on well prepared surface and compacting with vibratory roller of 8-10m capacity to achive the desired dencity as for MORTH specification 406(5th revision)for finished item of work.(As for item no RBR SBBS-11,slno.10 of B of AP.Revised standared deta for roads and bridges).",1m³
"Providing, laying,spreading and compacting graded HBG Crushed stone aggregate Wet Mix Macadam specification(5th Revision)as for Table 400-13 (89.10Cum of 45-22.4mm.118.80 Cum of 22.4-2.36mm&89.10 Cum of 2.36mm and below for total out foot of 225 Cum),including cost of all materials and including premixing the material with water at OMC in mechanical mix palnt garrage of mixied materials by thipper to site,laying in from layers with paver in sub-base/base course on well prepared surface and compacting with vibratory roller of 8-10m capacity to achive the desired dencity as for MORTH specification 406(5th revision)for finished item of work.(As for item no RBR SBBS-11,slno.10 of B of AP.Revised standared deta for roads and bridges).",1 m³
Cutiing the cc pavement with power drilling machine including restacking the usefull material hire charges of tools cost and conveyance of all labour and materials at site of work complete,1 m²
Supply of mastic pad 12 mm thick approve make including cost and conveyance of all labour and materials at site of work complete as dierected by the Engineer- In - charge.,1 m²
"Dry rolling with 10 tonnes rollar including hire charges, fueal charges and crew charges cost and conveyance of all labour and materials at site of work complete.",1 m³
Transportation of excavated earth to distance of 5 km away from the site including cost and conveyance of all labour and material at site of work complete as directed by the Engineer in charge.,1 m³
"2 Removing of damaged rein forced cement concrete slab and disposing the debris to a far off distance, all incidental and operational charges cost and conveyance of all labour and materials at site of work com plete as directed by the Engineer-in-charges.",14.90 Rm
"Labour charges for cutting the slab roads including charges elecricial cutting machine cable (elect), cost of cutting blacks, hire charges of scaffolding cost and conveyance of all labour and materials at site of work complete.",1Sqm
"Labour charges for the cutting the holes in brick masonary hire charges of scaffolding, tools cost and conveyance of all labour and materials at site of",1Sqm
"Providing and laying plain cement concrete 1:2:4 pro.(1cement 2sand:4metal)using 40mm guage hard granite hand broken metal confirming in to IS 383-1970 in foundation and for bed of flooring including machine mixing,deposing in position,rammi- ng,finishing curing including all incidental opaerational and cost and conveyanec of all labour and material at site of work complete as directed by the Engineer-in Charge",1 cum
"Labour charges for chipping the damaged plastered surface including hire charges of scaffolding, tools cost and conveyance of all labour and materials at site of work complete",10 sqm
"Cement plastering to wall in CM 1:5prop(1cement:5sand)of 12 mm thick including cleaning the surface,cost of curing,scaffolding,lift,all incidental and operationalcharges cost and conveyance of all labour and materials at site of work complete as directed by the E-IN-Charge",1 sqm
supply of 6 mm thick corrugated AC sheet including transporation,1 Rm
"Brick masonary with bricks having a minimum crushing strenght of 35kgs/sq.cm. as per IS 1077-1976 IN CM 1:6 pro. (1cement: 6sand )for binding wall 0'9""x0'9"" size plastering with C.M. 1:6 pro. (1cement:6sand) 12mm.including soaking of bricks curing all incidental,lift and operational charges cost and conveyance of all labour and material at site of work complete as directed",1 cum
"Providing Plastering to flooring in C.M1:4 pro. (1cement:4sand) 3/4"" or 20 mm thick including fine finishing rendering smoothe- ning the surface with cement, curing, all incidental and opera- tional cost and conveyance of all labour and materials at site of work complete as directed by the Engineer-in-charge.",10 sqm
"Providing and laying plain cement concrete 1:3:6 pro.(1cement 3sand:6metal)using 40mm guage hard granite hand broken metal confirming in to IS 383-1970 in foundation and for bed of flooring including machine mixing,deposing in position,rammi- ng,finishing curing including all incidental opaerational and cost and conveyanec of all labour and material at site of work complete as directed by the Engineer-in Charge",10cum
Transportation of excavated earth to distance of 150M away from the site including cost and conveyance of all labour and material at site of work complete as directed by the Engineer in charge.,1cum
"2 Engaging of excavator(JCB) for earth work excavation/ removing of heaps/ debries and disposing the debries to far away from the site, including cost and conveyance of all labour and material, oil charges, transportation charges etc.., complete as directed by the",1cum
"Engaging of excavator(JCB) for earth work excavation/ removing of heaps/ debries and disposing the debries to far away from the site, including cost and conveyance of all labour and material, oil charges, transportation charges etc.., complete as directed by the",1cum
"Supply and fiiling gravel including labour charges for spreding and watering, ramming,consolidation as for standard hire charges of tools cost and conveyance of all labour and materials at site of work complet.",1cum
"2 Removing of damaged loose concrete and stacking the useful materials for reuse and disposig the debris to a far off distance,all incidental and operational charges,cost and conveyance of all labour and materials at site of work complete as directed by the Engineer- in -",1Cum
"Removing of damaged loose concrete and stacking the useful materials for reuse and disposig the debris to a far off distance,all incidental and operational charges,cost and conveyance of all labour and materials at site of work complete as directed by the Engineer- in -",1cum
"Providing and laying plain cement concrete 1:1.5:3 pro.(1cement 1.5sand:3metal)using 12 mm guage hard granite hand broken metal confirming in to IS 383-1970 in foundation and for bed of flooring including machine mixing,deposing in position,rammi- ng,finishing curing including all incidental opaerational and cost and conveyanec of all labour and material at site of work complete as directed by the Engineer-in Charge",10 Sqm
"Imperious coat over slab of 20 mm thick in CM 1:3 prop.(1cement:3sand) including cost of water proofing compound as per standars per bag of cement including fine finishing rendering smoothening the surface with cement, curing all incidental,operational and lift charges, cost and conveyance of all and labour and materials",10 Sqm
Transportation of debris to the distance away from the site including cost and conveyance of all labour and material at site of work complete as directed by the Engineer in charge.,
Providing rain water pipe 110 mm dia pvc 4 kgf / sqm 0.60 Rm including making hole in brick masonary scaffolding and finishing the same cost and conveyance of aii labour and materials at site of work complet,
Supply of FOSROCK chemicals as bonding agent for concrete including transportation of materials to the site of work cost and conveyance of all labour and materials at site of work complete.,
"Plastering 20 mm thick in CM1:3 pro.(1cement:3sand) finishing including cleaning the surface cost of curing , scaffoiding,lift,all incidenatal and operational charges cost and conveyance of all labour and material at site of work complete as dorected by the Engineer-in-charge.",10Sqm
"Earth work excavation in all kind of soils wet or dry such as clay hard clay, black cotton soil, red earth, moorum,gravel etc., in loose and slushy condition except rock requiring blasting for fondation of walls and column footings including bailing out of water (pumping out water if necessary)with necessary site clearence, marking out temporary steping, slopping, shoring strutting ,sectioning, tamping as directed with an initial lead of 10 m and lift of 2m complete as directed by the engineer-in-Charge.",10cum
"Providing and Laying plain cement concrete 1:5:10 Pro. (1 cement:5sand:10metal) using 40mm gauge hard granite machine crushed metal conforming to IS 383-1970 in foundation and for BED of flooring including machine mixing, depositing in position, ramming, finishing, curing including all incidental operational and seigniorage charges cost and conveyance of all labour and materials at site of work complete as directed by the Engineer-in-Charge.",19.21 m³
"PROVIDING REINFORCED CEMENT CONCRETE using 330 kgs of cement with a minimum strength of M20 grade using 20 mm gauge hard granite machine crushed metal including labour charges for machine mixing, centering, laying concrete, compacting, vibrating, rendering, fine finishing, curing, conforming to IS 456-1978 including all incidental, operational, scaffolding and seigniorage charges, cost and conveyance of all materials and labour, at site of work complete (excluding cost of steel, binding wire and its fabrication) as directed by the Engineer-in-Charge.",1 Sqm
"Brick masonry with 2nd class bricks having a minimum crushing strength of 40 Kgs/Sqm as per IS 1077-1976 in super structure for any thickness of wall in CM 1:8 (1cement:8sand) including soaking of bricks, all incidental, operational, seignorage charges, scaffolding, lift, curing charges, cost and conveyance of all labour and materials, at site of work complete as directed by the Engineer-in-charge.",1 cum
"Providing and laying plain cement concrete 1:2:4 pro.(1cement 2sand:4metal)100 mm thick using 20 mm guage hard granite hand broken metal confirming in to IS 383-1970 in foundation and for bed of flooring including machine mixing,deposing in position,rammi- ng,finishing, threding, curing including all incidental opaerational and cost and conveyanec of all labour and material at site of work complete as directed by the Engineer-in Charge",117.72m²
"Supply & Fixing Anchor bolts of size 20 mm dia 1'6"" long with proper alingment including nuts, washres cost conveyance of all labour and materials etc..complete as directed by the E-in-C",1 Rm
"Supply, fabrication and errection of 4.27 m MS Stanchions made with MS box type section of size 200X100X4.0mm @18.01Kg/Rm including cost of 350X250X16mm size MS base plate 2Nos. and 350X250X10mm size MS cap plate 1 No. 100X65X6mm MS cleat angles on four sides at top & bottom, including cost of one coat red oxide primer and two coats synthetic enamel paint, including transportation charges, seigniorage charges hire charges of T&P, cost and conveyance of all labour and materials at site of work complete as directed by the Engineer-in-Charge.",1Rm
"Supply, fabrication and errection of truss made with MS box type section of size 49.50x49.50x2.60mm @3.69Kg/Rm as top, bottom and vertical member and remaining members made with 32X32X2mm @ 1.8Kg/1Rm with MS plates of size 350X250X10mm - 2 Nos. welded to the truss where stanchions are to be fixed and MS plates of size 160X70X6mm - 10 Nos. for fixing of Purlins, MS plates of size 150X60X6mm - 5 Nos. for fixing of tie runners, including hire charges of all T & P, cost of one coat red oxide primer and two coat of enamel paint, including transportation charges, seigniorage charges, cost and conveyance of all labour and materials at site of work complete as directed by the Engineer-in-Charge.",131.15 Rm
"Supply, fabrication and errection of purlin made with MS box type section of size 60X60X2.60mm @4.55Kg/Rm 1 Rm, cost of 2nos of end plates of size 170 X 70 X 6mm, including 10mm dia bolts, cost of one coat red oxide primer and two coats synthetic enamel paint total three coats, including transportation charges, seigniorage charges hire charges of T&P, cost and conveyance of all labour and materials at site of work complete as directed by the Engineer-in-Charge.",1 Sqm
"Supply, fabrication and errection of bottom tie runners made with MS box type section of size 49.50X49.50X2.60mm @3.69Kg/Rm 1 Rm, cost of 2nos of end plates of size 150 X 60 X 6mm, including 12mm dia bolts, cost of one coat red oxide primer and two coats synthetic enamel paint total three coats, including transportation charges, seigniorage charges hire charges of T&P, cost and conveyance of all labour and materials at site of work complete as directed by the Engineer-in-Charge.",1Rm
"Supply and fixing of pre-painted Galvalume Trapezoidal profile Roofing sheets having 0.5mm thickness with Alu-Zinc AZ150 GSM Coating and of Tensile Strength:550MPA. The roofing sheets to be painted with Regular Modified Polyster painting of Thickness Top : 18 to 20 Microns and Bottom: 5 to 7 Microns. The Sheets are of 1.020 m width & maximum of 12 Meters length with regular range colours. The rate is including fixing to the purlins with self drilling screws, nuts, washers & including cost and conveynace of all labours and materials, T&P etc. at site of work complete as directed by the Engineer-in-Charge.",1Rm
"Supply & fixing of roof accessories made with pre-painted galvalume profile sheets with 0.05mm thick, width 0.585, length maximum 2 1/2"" mtrs. medium size large cap for ridge, barge cap, corner trim, L - flashing, down pipes gutter etc., including cost and conveyance of all labour and materials at site of work complete as directed by the Engineer-in-Charge.",10 Sqm
"PLASTERING TO WALLS 20mm thick in CM 1:5 Prop. (1cement:5sand) finishing including cleaning the surface cost of curing, scaffolding all incidental seigniorae and operational charges cost and conveyance of all labour and materials at site of work complete as directed by the Engineer-in-Charge.",10 Sqm
"PLASTERING TO WALLS 12mm thick in CM 1:5 Prop. (1cement:5sand) finishing including cleaning the surface cost of curing, scaffolding all incidental seigniorae and operational charges cost and conveyance of all labour and materials at site of work complete as directed by the Engineer-in-Charge.",10 Sqm
"Painting two coats to walls with best variety interior emulsion paint of approved colour and quality,with one coat of primer preparing and cleaning the surface and dirt, cost of brushes scaffolding charges including putty, cost and conveyance of all labour and materials at site of work complete as directed by the Engineer-in-Charge.",10 Sqm
"Painting two coats to walls with best variety exterior emulsion paint of approved colour and quality, preparing and cleaning the surface and dirt, cost of brushes scaffolding charges including putty, cost and conveyance of all labour and materials at site of work complete as directed by the Engineer-in-Charge.",10 cum
"Refilling of excavated earth in foundations and basement hire charges of T&P all incidentatl operational charges, seigniorage charges including cost and conveyance of all labour and materials at site of work complete as directed by the Engineer-in-Charge.",1 Sqm
"Supply and fixing of rolling shutter made of 80x1.25 mm machine rolledn CRCA laths, interlocked together through their entire length and jointed together at the ends by end-locks, mounted on specially designed pipe shaft of 50 mm dia nominal bore MS B class pipe with brackets, plates, guide channels, stoppers, bottom locking plates and arrangements for inside & outside locking with push-pull operations including cost of hood cover and springs complete, painted with one coat of approved steel primer, locks, ball bearings, all accessories including all incidental and operational charges scaffolding lift cost and conveyance of all labour and matreials at site of work complete as directed by the Engineer-In-Charge.",10 Sqm
"Supply fabrication and fixing of powder coated sliding aluminium windows using aluminium extrusions with 12 to 15 microns anodisation and power coating of Jindal are equivalent make of size 62 x 29.5 x 1.50 mm thick (Jindal 21138) for frame, 40 x 18 x 1.55mm (Jindal 20736) for shutter frame and glazing clip of 19.00 x 17.30 x 0.70 mm (Jindal 19352) with 5mm thick float glass of make Modiguard/saint gobain including all round EPDM rubber beading for fixing glass with necessary accessories 100mm long aluminiun handles, rollers, locking arrangements including cost of all labour charges for fabrication and fixing necessary hardware such as cleat angles, screws, bolts and brackets etc., including fixing to Brick masonry wall including cost and conveyance of all labour and materials, all wastages, lift charges, scaffolding charges etc., complete as directed the Engineer-in-charge.",10 Sqm
"Supply, fabrication and erection of MS grill door of size 1.22x1.22 mts made using 35x35x6mm MS angle for frame and 35x35x6mm MS angle for door shutters and 10mm Square bars at 4"" centre to centre on both sides of shutters and top of shutter, including cost of structural steel and transportation to site of work, fabrication and erection charges and providing 6 Nos of MS powder coated hinges 125mm long and 2 Nos of MS powder coated alrops of size 300mm long, painting one coat of red oxide paint and two coats of enamel paint of approved colour total three coats, all incidental and operational charges, cost and conveyance of all labour and materials at site of work complete as directed by the Engineer-in-Charge.",10 Sqm
"Gronolithie Concrete Flooring 20 mm thick with (1:1:2), using 6 mm to 12 mm size hard granite machine crushed metal laid over CC bed already laid in alternate panels of size not exceeding 0.60 m x 0.60 m and finishing the top surface to required smoothness and slope sand threadlining including cost of all materials like cement, metal, sand and water etc., complete, including seigniorage charges, etc., complete for finished item of work, but excluding the cost of conveyance of all materials",10 Sqm
"2 Removing of damaged reinforceed cement concrete and disposing the debris to a far off distance, all incidental and operational charges, cost and conveyance of all labour and materials at site of work complete as directed by the Engineer-in-Charge.",1cum
"Removing of damaged reinforceed cement concrete and disposing the debris to a far off distance, all incidental and operational charges, cost and conveyance of all labour and materials at site of work complete as directed by the Engineer-in-Charge.",1cum
"Removing of damaged cement concrete over slab with driling machine and stacking the useful materials for reuse, disposing the debris to a far off distance, all incidental and operational charges, cost and conveyance of all labour and materials at site of work complete as directed by the Engineer-in-Charge.",1cum
"Cutting the column rods by electrical welding machine and removing the loose cement concrete and finishing with 20mm cement plastering in CM (1:5), including hire charges of welding machine, cable, scaffolding, cost of welding rods, all incidental and operational charges cost and conveyance of all labour and materials at site of work complete as directed by the Engineer-in-Charge.",
"Providing and laying plain cement concrete 1: 1 1/2 :3Pro. (1cement:1/2sand:3metal) using 12m gauge hard granite machine crushed metal conforming to IS 383-1970 including mixing, depositing in position, finishing curing etc., including all incidental, operational and seigniorage charges cost and conveyance of all labour and materials at site of work complete as directed by the Engineer-in-charge.",
"Supply & Fixing of rain water spout of size 150mm dia PVC / SWR pipe of 4kg/cm2 of approved make of 0.60mts. length including making hole in brick masonary and finishing with cement morter after fixing the pipe in the hole, labour charges for fixing cost and conveyance of all labour and materials at site of work complete as directed by the Engineer-in-Charge.",1cum
Transportation of dismantled materials away from site including loading in loading cost and conveyance of all labour and materials at site of work complete.,1cum
"Providing and laying of 3mm thick APP modified bitumen membrane treatment to the terrace duly cleaning the surface from dirt, dust and other contaminations and application of one coat of bitumen primer, providing and laying 3mm thick APP modified bitumen membrane with 100 mm over lap margin and fixing with bitumen torch etc., complete as ditected by the Engineer-In-charge. (Make Dr.Fixit Torch shield/Asian and APP).",
"Labour Charges for cutting of tree branches leaning to roof using with necessary tools and clearing the removed tree branches and dried leaves on the slab, including cost and conveyance of all labour and materials etc complete as directed by the Engineer-In-Charge.",
"Supply & Fixing of rain water spout of size 150mm dia PVC / SWR pipe of 4kg/cm2 of approved make of 0.60mts. length including making hole in brick masonary and finishing with cement morter after fixing the pipe in the hole, labour charges for fixing cost and conveyance of all labour and materials at site of work complete as directed by the Engineer-in-Charge. Over South side of Annexures, west & north side",1 Cum
"PLASTERING TO WALLS 20mm thick in CM 1:5 Prop. (1cement:5sand) finishing including cleaning the surface cost of curing, scaffolding all incidental seigniorae and operational charges cost and conveyance of all labour and materials at site of work complete as directed by the Engineer-in-Charge. (First floor)",1 Cum
"Providing rain water gutter 'U' shape 0.30x0.30 m using 18 gauge GI sheet with 40mm x 5mm thick MS flat required shape, bolts, nuts, washers, including drilling holes in brick masonry and finishing the same with PCC 1:2:4 and painting to the MS flat with one coat of red oxide and two coats of enamel paint cost and conveyance of all labour and materials at site of work complete.",1 Rm
"Labour charges for cutting the brick masonry of size 0.30x0.15x0.45 with electrical cutting machine including hire charges of cutting machine, cable and cost of cutting blades, disposing the debries far of distance cost and conveyance of all labour and materials at site of work complete.",1 Rm
Supply & fixing of following CPVC pipes / specials to meet the requirement of ASTM - D 2846 and are produced in CTS (Copper tube sizes) 41.30mm OD Ashirvad flow guard SDR 13.50 pipes are made from idential CPVC compounds having the same physical properties for hot & cold water (IS 15778 - 2007) including cost and conveyance of all labour and materials at site of work complete as directed. 28.60mm to 22.20mm dia Tee reducer,1 Rm
Labour charges for removing of damaged polyethiline water storage tank with necessary pipe lines and connections etc. cost and conveyance of all labour and materials at site of work complete as directed by the Engineer-in-Charge.,1 Cum
"Labour charges for removing of 1""dia damaged GI pipe, and stacking the useful material for reuse, including cost and conveyance of all labour and materials at site of work complete as directed by the Engineer-in-charge. Brick masonry with 2nd class bricks having a minimum crushing strength of 40 Kgs/Sqm as per IS 1077-1976 in super structure for any thickness of wall in CM 1:4 (1cement:4sand) including soaking of bricks, all incidental, operational, seignorage charges, scaffolding, lift, curing charges, cost and conveyance of all labour and materials, at site of work complete as directed by the Engineer-in-charge. (First floor) Structural repairs by providing Haunching to the corner of terrace and parapet wall to arrest dampness and leakages duly chipping with pneumaic power chiselling equipment and untill to achieve the hard mother concrete surface and brick masonry plastered surface duly removing of debris, cleaning of the surface from dirt and other foregin matters and water jet claning, applying Acrylic based bonding adhesive (Mix 1:1 ratio of cement) agent of FOSROC make, appluing high strength cement concrete flooring with C.C.(1:1.5:3) prop. using 12mm down graded HGMC metal mixing with concrete plasticizers and water reducing admixture 15-20 ml per bag of 50 kgs cement, including mixing, depositing, finishing in line and required shape including curing, cost and conveyence chemicals, all incidental, operational, seigniorage charges, cost convinence of all labour and materials at site of work complete. (F.Floor Slab)",1 m²
Application of bonding agent on terrace old concrete to new concrete A) Cost of bonding agent(nitobond SBR) C) Labour charges for aplying bonding agent,1 cum
"Concrete 1:1.5:3 with 12 mm HBG metal B) cost of concrete (first floor) Structural repairs to the RCC slab top surface to arrest leakages duly chipping with pneumatic power chiselling equipment and until to achieve the hard mother concrete surface. Duly removing of debris, celaning of the surface from dirt and other foreign matter & water jet cleaning, applying acrylic based bonding adhesive (mix 1:1 ration of cement) agent of FOSROC make, applying high strength cement concerete flooring of 50mm thick average with CC (1:1.5:3) Prop. using 12mm down graded hard granite machine crushed metal mixing with cement plasticizer and water reducing admixture 15-20ml per bag of 50kg of cement including mixing, depositing, finishing in line, level and required slope cost of curing, cost of construction chemicals, all incidental, operational, seigniorage charges, cost and conveyance of all labour and materials at site of work complete as directed by the Engineer-in-charge. ( First floor)",1 cum
"Concrete 1:1.5:3 with 12 mm HBG metal B) cost of concrete (first floor) Supply and fabrication of 4mm dia plain steel rods including labour charges for cutting, bending to required sizes and shapes placing in position with cover blocks of approved size and tying with binding wire of 20 SWG, forming grills for reinforcement work as per designs and drawings, including cost and conveyance of binding wire, and all incidental, operational, labour charges such as lifting charges, cutting, bending, placing in position, tying etc., complete for finished item of work.",1 cum
"2 Structural repairs to the RCC slab top surface to arrest leakages duly chipping with pneumatic power chiselling equipment and until to achieve the hard mother concrete surface. Duly removing of debris, celaning of the surface from dirt and other foreign matter & water jet cleaning, applying acrylic based bonding adhesive (mix 1:1 ration of cement) agent of FOSROC make, applying high strength cement concerete flooring of 50mm thick average with CC (1:1.5:3) Prop. using 12mm down graded hard granite machine crushed metal mixing with cement plasticizer and water reducing admixture 15-20ml per bag of 50kg of cement including mixing, depositing, finishing in line, level and required slope cost of curing, cost of construction chemicals, all incidental, operational, seigniorage charges, cost and conveyance of all labour and materials at site of work complete as directed by the Engineer-in-charge. ( First floor) Over slab of south side canteen",1.47 m³
"Structural repairs by providing Haunching to the corner of terrace and parapet wall to arrest dampness and leakages duly chipping with pneumaic power chiselling equipment and untill to achieve the hard mother concrete surface and brick masonry plastered surface duly removing of debris, cleaning of the surface from dirt and other foregin matters and water jet claning, applying Acrylic based bonding adhesive (Mix 1:1 ratio of cement) agent of FOSROC make, appluing high strength cement concrete flooring with C.C.(1:1.5:3) prop. using 12mm down graded HGMC metal mixing with concrete plasticizers and water reducing admixture 15-20 ml per bag of 50 kgs cement, including mixing, depositing, finishing in line and required shape including curing, cost and conveyence chemicals, all incidental, operational, seigniorage charges, cost convinence of all labour and materials at site of work complete. (F.Floor Slab)",1000 kgs
"Supply and fabrication of 4mm dia plain steel rods including labour charges for cutting, bending to required sizes and shapes placing in position with cover blocks of approved size and tying with binding wire of 20 SWG, forming grills for reinforcement work as per designs and drawings, including cost and conveyance of binding wire, and all incidental, operational, labour charges such as lifting charges, cutting, bending, placing in position, tying etc., complete for finished item of work.",1 cum
"Providing impervious plastering over roof slab in CM 1:3 Prop (1cement: 3Sand) of 20mm thick including cost of impervious compound and labour charges for applying cement slurry to the surface before plastering, cleaning the surface, cost of curing, scaffolding, lift, all incidental, seignorage and operational charges, cost and conveyance of all labour and materials at site of work complete as directed by the E-in-C.",1 Rm
Removing and refixing GI pipe including hire charges of tools cost and conveyance of all labour and materials at site of work complete.,1 Rm
"2 Labour charges for cleaning the drain & passengers entry including hire charges of tools, including cost and conveyance of all labour and materials at site of work complete.",1000 kgs
"Labour charges for cleaning the drain & passengers entry including hire charges of tools, including cost and conveyance of all labour and materials at site of work complete.",1000 kgs
"Providing plain Cement Concrete (1:2:4) using 330 kgs of cement with a minimum strength of M20 grade using 20mm gauge hard granite machine crushed metal including labour charges for machine mixing, centering, laying concrete, compacting, vibrating, rendering, fine finishing, curing, conforming to IS 456-1978 including all incidental, operational, scaffolding and seigniorage charges, cost and conveyance of all materials and labour, at site of work complete (excluding cost of steel, binding wire and its fabrication) as directed by the Engineer-in-Charge.",1000 kgs
"PROVIDING REINFORCED CEMENT CONCRETE using 330 kgs of cement with a minimum strength of M20 grade using 20mm gauge hard granite machine crushed metal including labour charges for machine mixing, centering, laying concrete, compacting, vibrating, rendering, fine finishing, curing, conforming to IS 456-1978 including all incidental, operational, scaffolding and seigniorage charges, cost and conveyance of all materials and labour, at site of work complete (excluding cost of steel, binding wire and its fabrication) as directed by the Engineer-in-Charge.",1000 kgs
"Supply & filling of sand in foundation and basement including watering, compacting all incidental and operational charges, seignorage charges etc., cost and conveyance of all labour and materials at site of work complete as directed by the Engineer-in-Charge.",1000 kgs
"Cement plastering to walls in CM 1:4 Prop (1cement: 4Sand) of 20mm thick including cleaning the surface, cost of curing, scaffolding, lift, all incidental, seignorage and operational charges, cost and conveyance of all labour and materials at site of work complete as directed by the E-in-C.",10 Sqm
"2 Brick masonry with 2nd class bricks having a minimum crushing strength of 40 Kgs/Sqm as per IS 1077-1976 in super structure for any thickness of wall in CM 1:8 (1cement:8sand) including soaking of bricks, all incidental, operational, seignorage charges, scaffolding, lift, curing charges, cost and conveyance of all labour and materials, at site of work complete as directed by the Engineer-in-charge.",10Sqm
"Providing and Laying plain cement concrete 1:2:4 Pro. (1 cement:2sand:4metal) using 20mm gauge hard granite machine crushed metal conforming to IS 383-1970 for BED of flooring including machine mixing, depositing in position, ramming, finishing, curing including all incidental operational and seigniorage charges cost and conveyance of all labour and materials at site of work complete as directed by the Engineer-in-Charge.",10Sqm
"PLASTERING TO WALLS 20mm thick in CM 1:4 Prop. (1cement:4sand) 16mm thick Ist coat and 2nd coat in CM 1:3 Prop. (1cement:3sand) 4mm thick with DUBARA SPONGE finishing including cleaning the surface cost of curing, scaffolding all incidental seigniorae and operational charges cost and conveyance of all labour and materials at site of work complete as directed by the Engineer-in-Charge.",10Sqm
"Supply, fabrication and errection of 3.75 m MS Stanchions made with MS box type section of Size 200X100X4.0mm @18.01Kg/Rm including cost of 400X300X16mm size MS base plate Nos. and400X3000X10mm size MS cap plate , 100X75X6mm MS cleat angles on four sides at top & bottom, including cost of one coat red oxide primer and two coats synthetic enamel paint, including transportation charges, seigniorage charges hire charges of T&P, cost and conveyance of all labour and materials at site of work complete as directed by the Engineer-in-Charge.",1Rm
"Supply, fabrication and errection of truss made with MS box type section of size 60x60x2.60mm @4.55kg/Rm as top, bottom and vertical member and remaining members made with 32X32X2mm @ 1.8Kg/1Rm with MS plates of size 400X300X10mm - 2 Nos. welded to the truss where stanchions are to be fixed and MS plates of size 160X70X6mm - 10 Nos. for fixing of Purlins, fixing of tie runners, MSplate 6mm thick stiffenar plate as per drawing including hire charges of all T & P, cost of one coat red oxide primer and two coat of enamel paint, including transportation charges, seigniorage charges, cost and conveyance of all labour and materials at site of work complete as directed by the Engineer-in-Charge.",1 Sqm
"Supply, fabrication and errection of purlin made with MS box type section of size 60X60X3.60mm @5.50Kg/Rm 1 Rm, cost of 2nos of end plates of size 160 X 70 X 6mm, including 16mm dia bolts, cost of one coat red oxide primer and two coats synthetic enamel paint total three coats, including transportation charges, seigniorage charges hire charges of T&P, cost and conveyance of all labour and materials at site of work complete as directed by the Engineer-in-Charge.",1Rm
"Supply, fabrication and errection of bottom tie runners made with MS box type section of size60X60X2.60mm @4.55Kg/Rm 1 Rm, cost of 2nos of end plates of size 160 X70 X 6mm, including 16mm dia bolts, cost of one coat red oxide primer and two coats synthetic enamel paint total three coats, including transportation charges, seigniorage charges hire charges of T&P, cost and conveyance of all labour and materials at site of work complete as directed by the Engineer-in-Charge.",1Rm
"Painting two coats to walls with best variety interior emulsion paint of approved colour and quality, with one coat of primer preparing and cleaning the surface and dirt, cost of brushes scaffolding charges including putty, cost and conveyance of all labour and materials at site of work complete as directed by the Engineer-in-Charge.",10m²
"Painting two coats to walls with best variety exterior emulsion paint of approved colour and quality, with one coat of primer preparing and cleaning the surface and dirt, cost of brushes scaffolding charges including putty, cost and conveyance of all labour and materials at site of work complete as directed by the Engineer-in-Charge.",1 Sqm
"2 Engaging of excavator(JCB) for earth work removing of heaps/ debries and disposing the debries to far away from the site, including cost and conveyance of all labour and material, oil charges, transportation charges etc.., complete as directed by the cutting of trees, roots & branches",
"Engaging of excavator(JCB) for earth work removing of heaps/ debries and disposing the debries to far away from the site, including cost and conveyance of all labour and material, oil charges, transportation charges etc.., complete as directed by the cutting of trees, roots & branches",10 m³
"Providing and Laying plain cement concrete 1:4:8 Pro. (1 cement:4sand:8metal) using 40mm gauge hard granite machine crushed metal conforming to IS 383-1970 in foundation and for BED of flooring including machine mixing, depositing in position, ramming, finishing, curing including all incidental operational and seigniorage charges cost and conveyance of all labour and materials at site of work complete as directed by the Engineer-in-Charge.",10 m³
"Brick masonry with 2nd class bricks having a minimum crushing strength of 40 Kgs/Sqm as per IS 1077-1976 in super structure for any thickness of wall in CM 1:6 (1cement:6sand) including soaking of bricks, all incidental, operational, seignorage charges, scaffolding, lift, curing charges, cost and conveyance of all labour and materials, at site of work complete as directed by the Engineer-in-charge.",10 m³
"PLASTERING TO WALLS 20mm thick in CM 1:4 Prop. (1cement:4sand) finishing including cleaning the surface cost of curing, scaffolding all incidental seigniorae and operational charges cost and conveyance of all labour and materials at site of work complete as directed by the Engineer-in-Charge.",10 m³
"Proving impervious plastering to inspection pit in CM1:3 prop (1cement:3sand)of 20 mm thick including cost of impervious compou- nd and labour charges for applyingcement slurry to the sureface before plastering cleaning the surface,cost and conveyance of all labour and materials at site of work complete as directed by the",1m³
"Providing and Laying plain cement concrete 1:2:4 Pro. (1 cement:2sand:4metal) using 40mm gauge hard granite machine crushed metal conforming to IS 383-1970 in foundation and for BED of flooring including machine mixing, depositing in position, ramming, finishing, curing including all incidental operational and seigniorage charges cost and conveyance of all labour and materials at site of work complete as directed by the Engineer-in-Charge.",1Rm
"Supply, fixing of following PVC/SWR pipes of approved make and specials including labour charges for fixing as per standard practice including cost and conveyance of all labour and materials at site of work complete as directed by the Engineer-in-charge. B) 75 mm dia GI cvlamps and nails",1Rm
Transportation of debris upto 1km away from the site including loading in loading cost and conveyance of all labour and materials at site of work complete.,
"Providing barricading the construction area with casuarina ballies at 5' 0'' height verticlas 6' 0'' ballies 10' 0'' c/c and horizental 2 no's including hire charges of casuarina ballies, cost of coconut threds for tying the ballies, hire charges of tools, cost and conveyance of all labour and materials at site of work complete as directed by the Engineer-in-Charge.",
"Supplying and filling of gravel 0'-6'' thick layer from approved quarry including watering consolidation, with hand roller cost and conveyance of all labour and materials at site of work complete as directed by the Engineer - In- Charge.",1sqm
Supply of mastic pad 12 mm thick of approved quality including cost and conveyance of all labour and materials at site of work complete as directe by the Enginner - In - Charge.,1sqm
"2 Providing and laying of mechanically mixed unreinforced plain cement concrete pavement 200 / 150mm thick over a prepared sub base to the required level using 0.90 cum of course aggregate of 0.63 cum (70%) of 40mm size machine crushed hard granite metal & 0.27 cum (30%) of 12mm size machine crushed hard granite metal and 0.45 cum of pure river sand (fine aggregate) brought from approved qurries and using 350kgs of 43 grade (IS 8112)/53 grade (IS 12269) Cement for one Cubic Meter Cement Concrete quantity. The course and fine aggregate shall confriming to IS 383.The CC shall be laid in panels upto size 3.50M x 3.50M in line and level or slope, using admixture of approved quality at 0.50% by weight of cement. The Cement concrete shall be laid along approved fixed side steel form work, laying of seperation membrane of 125 micron thick polythene film between concrete slab and sub base duly fixing the membrane using wedges & steel plates and leveling the form work, machine mixing, spreading the concrete, compacted with needle plate and screed board vibrators for fine finishing to even surface and making grooves of 6mm x 50mm by using concrete joint cutting machine for intial & final cuts for Transverse / Contraction,racking the joints, applying debonding strips and providing departmental premoulded filler mastic pads of 12.70mm thick for a depth of 137.50mm for expansion joints for every 31.50mts distance and rounding off edges for transverse / Cntraction & Expansion joints after filling the joints with bitumen sealent along with bitumen primer as approved by the site incharge and using air compressor before and laying membnrace and after laying concrete and curing for 14 days including cost of all material including jute ropes etc. cost of all incidental, hire and operational charges of al machinery, cost of fuel, heating charges and tools & plants, seigniorage charges, cost for form work, cost of water for curing and concrete laying etc., complete as directed by the Approch road from B/S platform to B/depot out gate fig No Triangle portion at B/Depot gate fig no 2",
"Providing and laying of mechanically mixed unreinforced plain cement concrete pavement 200 / 150mm thick over a prepared sub base to the required level using 0.90 cum of course aggregate of 0.63 cum (70%) of 40mm size machine crushed hard granite metal & 0.27 cum (30%) of 12mm size machine crushed hard granite metal and 0.45 cum of pure river sand (fine aggregate) brought from approved qurries and using 350kgs of 43 grade (IS 8112)/53 grade (IS 12269) Cement for one Cubic Meter Cement Concrete quantity. The course and fine aggregate shall confriming to IS 383.The CC shall be laid in panels upto size 3.50M x 3.50M in line and level or slope, using admixture of approved quality at 0.50% by weight of cement. The Cement concrete shall be laid along approved fixed side steel form work, laying of seperation membrane of 125 micron thick polythene film between concrete slab and sub base duly fixing the membrane using wedges & steel plates and leveling the form work, machine mixing, spreading the concrete, compacted with needle plate and screed board vibrators for fine finishing to even surface and making grooves of 6mm x 50mm by using concrete joint cutting machine for intial & final cuts for Transverse / Contraction,racking the joints, applying debonding strips and providing departmental premoulded filler mastic pads of 12.70mm thick for a depth of 137.50mm for expansion joints for every 31.50mts distance and rounding off edges for transverse / Cntraction & Expansion joints after filling the joints with bitumen sealent along with bitumen primer as approved by the site incharge and using air compressor before and laying membnrace and after laying concrete and curing for 14 days including cost of all material including jute ropes etc. cost of all incidental, hire and operational charges of al machinery, cost of fuel, heating charges and tools & plants, seigniorage charges, cost for form work, cost of water for curing and concrete laying etc., complete as directed by the Approch road from B/S platform to B/depot out gate fig No Triangle portion at B/Depot gate fig no 2",
"Engaging of mechanical excavation (JCB) for cutting heeps and levelling including hire charges cost of fuel etc.., complete as directed by the Engineer - In- Charge Enagging of JCB cuting of heeps",1m³
"2 Providing and laying of mechanically mixed unreinforced plain cement concrete pavement 200 / 150mm thick over a prepared sub base to the required level using 0.90 cum of course aggregate of 0.63 cum (70%) of 40mm size machine crushed hard granite metal & 0.27 cum (30%) of 12mm size machine crushed hard granite metal and 0.45 cum of pure river sand (fine aggregate) brought from approved qurries and using 350kgs of 43 grade (IS 8112)/53 grade (IS 12269) Cement for one Cubic Meter Cement Concrete quantity. The course and fine aggregate shall confriming to IS 383.The CC shall be laid in panels upto size 3.50M x 3.50M in line and level or slope, using admixture of approved quality at 0.50% by weight of cement. The Cement concrete shall be laid along approved fixed side steel form work, laying of seperation membrane of 125 micron thick polythene film between concrete slab and sub base duly fixing the membrane using wedges & steel plates and leveling the form work, machine mixing, spreading the concrete, compacted with needle plate and screed board vibrators for fine finishing to even surface and making grooves of 6mm x 50mm by using concrete joint cutting machine for intial & final cuts for Transverse / Contraction,racking the joints, applying debonding strips and providing departmental premoulded filler mastic pads of 12.70mm thick for a depth of 137.50mm for expansion joints for every 31.50mts distance and rounding off edges for transverse / Cntraction & Expansion joints after filling the joints with bitumen sealent along with bitumen primer as approved by the site incharge and using air compressor before and laying membnrace and after laying concrete and curing for 14 days including cost of all material including jute ropes etc. cost of all incidental, hire and operational charges of al machinery, cost of fuel, heating charges and tools & plants, seigniorage charges, cost for form work, cost of water for curing and concrete laying etc., complete as directed by the Bell mouth shape at north side (Road)",
"Providing and laying of mechanically mixed unreinforced plain cement concrete pavement 200 / 150mm thick over a prepared sub base to the required level using 0.90 cum of course aggregate of 0.63 cum (70%) of 40mm size machine crushed hard granite metal & 0.27 cum (30%) of 12mm size machine crushed hard granite metal and 0.45 cum of pure river sand (fine aggregate) brought from approved qurries and using 350kgs of 43 grade (IS 8112)/53 grade (IS 12269) Cement for one Cubic Meter Cement Concrete quantity. The course and fine aggregate shall confriming to IS 383.The CC shall be laid in panels upto size 3.50M x 3.50M in line and level or slope, using admixture of approved quality at 0.50% by weight of cement. The Cement concrete shall be laid along approved fixed side steel form work, laying of seperation membrane of 125 micron thick polythene film between concrete slab and sub base duly fixing the membrane using wedges & steel plates and leveling the form work, machine mixing, spreading the concrete, compacted with needle plate and screed board vibrators for fine finishing to even surface and making grooves of 6mm x 50mm by using concrete joint cutting machine for intial & final cuts for Transverse / Contraction,racking the joints, applying debonding strips and providing departmental premoulded filler mastic pads of 12.70mm thick for a depth of 137.50mm for expansion joints for every 31.50mts distance and rounding off edges for transverse / Cntraction & Expansion joints after filling the joints with bitumen sealent along with bitumen primer as approved by the site incharge and using air compressor before and laying membnrace and after laying concrete and curing for 14 days including cost of all material including jute ropes etc. cost of all incidental, hire and operational charges of al machinery, cost of fuel, heating charges and tools & plants, seigniorage charges, cost for form work, cost of water for curing and concrete laying etc., complete as directed by the Bell mouth shape at north side (Road)",
"Providing, laying,spreading and compacting graded HBG Crushed stone aggregate Wet Mix Macadam specification(5th Revision)as for Table 400-13 (89.10Cum of 45-22.4mm.118.80 Cum of 22.4-2.36mm&89.10 Cum of 2.36mm and below for total out foot of 225 Cum),including cost of all materials and including premixing the material with water at OMC in mechanical mix palnt garrage of mixied materials by thipper to site,laying in from layers with paver in sub-base/base course on well prepared surface and compacting with vibratory roller of 8-10m capacity to achive the desired dencity as for MORTH specification 406(5th revision)for finished item of work.(As for item no RBR SBBS-11,slno.10 of B of AP.Revised standared deta for roads and bridges). Garrage back side bit no (6) Washing platform side",1m³
"Earth work Excavation in open yard all kinds of soils, wet or dry such as clay, hard clay, black cotton soils, red earth, morrum, gravel etc., in loose and slushy conditions, except rock requiring, blastering for foundation of man holes including bailing out water (pumping out water if necessary) with necessary site clearance, marking out temporary stepping, sloping, shoring, strutting, sectioning, tamping as directed with an initial lead of 10mts. and lift of 3mts., complete as directed by the Engineer-in-Charge.",10m³
"Engaging of mechanical excavation (JCB) for cutting heeps and levelling including hire charges cost of fuel etc.., complete as directed by the Engineer - In- Charge JCB to levelling the heeps and back side front side of garrage yard levelling",1m³
"2 Providing and laying of mechanically mixed unreinforced plain cement concrete pavement 200 / 150mm thick over a prepared sub base to the required level using 0.90 cum of course aggregate of 0.63 cum (70%) of 40mm size machine crushed hard granite metal & 0.27 cum (30%) of 12mm size machine crushed hard granite metal and 0.45 cum of pure river sand (fine aggregate) brought from approved qurries and using 350kgs of 43 grade (IS 8112)/53 grade (IS 12269) Cement for one Cubic Meter Cement Concrete quantity. The course and fine aggregate shall confriming to IS 383.The CC shall be laid in panels upto size 3.50M x 3.50M in line and level or slope, using admixture of approved quality at 0.50% by weight of cement. The Cement concrete shall be laid along approved fixed side steel form work, laying of seperation membrane of 125 micron thick polythene film between concrete slab and sub base duly fixing the membrane using wedges & steel plates and leveling the form work, machine mixing, spreading the concrete, compacted with needle plate and screed board vibrators for fine finishing to even surface and making grooves of 6mm x 50mm by using concrete joint cutting machine for intial & final cuts for Transverse / Contraction,racking the joints, applying debonding strips and providing departmental premoulded filler mastic pads of 12.70mm thick for a depth of 137.50mm for expansion joints for every 31.50mts distance and rounding off edges for transverse / Cntraction & Expansion joints after filling the joints with bitumen sealent along with bitumen primer as approved by the site incharge and using air compressor before and laying membnrace and after laying concrete and curing for 14 days including cost of all material including jute ropes etc. cost of all incidental, hire and operational charges of al machinery, cost of fuel, heating charges and tools & plants, seigniorage charges, cost for form work, cost of water for curing and concrete laying etc., complete as directed by the In gate side approch road up to Turning at toilets",
"Providing and laying of mechanically mixed unreinforced plain cement concrete pavement 200 / 150mm thick over a prepared sub base to the required level using 0.90 cum of course aggregate of 0.63 cum (70%) of 40mm size machine crushed hard granite metal & 0.27 cum (30%) of 12mm size machine crushed hard granite metal and 0.45 cum of pure river sand (fine aggregate) brought from approved qurries and using 350kgs of 43 grade (IS 8112)/53 grade (IS 12269) Cement for one Cubic Meter Cement Concrete quantity. The course and fine aggregate shall confriming to IS 383.The CC shall be laid in panels upto size 3.50M x 3.50M in line and level or slope, using admixture of approved quality at 0.50% by weight of cement. The Cement concrete shall be laid along approved fixed side steel form work, laying of seperation membrane of 125 micron thick polythene film between concrete slab and sub base duly fixing the membrane using wedges & steel plates and leveling the form work, machine mixing, spreading the concrete, compacted with needle plate and screed board vibrators for fine finishing to even surface and making grooves of 6mm x 50mm by using concrete joint cutting machine for intial & final cuts for Transverse / Contraction,racking the joints, applying debonding strips and providing departmental premoulded filler mastic pads of 12.70mm thick for a depth of 137.50mm for expansion joints for every 31.50mts distance and rounding off edges for transverse / Cntraction & Expansion joints after filling the joints with bitumen sealent along with bitumen primer as approved by the site incharge and using air compressor before and laying membnrace and after laying concrete and curing for 14 days including cost of all material including jute ropes etc. cost of all incidental, hire and operational charges of al machinery, cost of fuel, heating charges and tools & plants, seigniorage charges, cost for form work, cost of water for curing and concrete laying etc., complete as directed by the In gate side approch road up to Turning at toilets",
"Providing, laying,spreding and compacting of stone crusher dust finer than 3.00 mm (0.075 seive passing < 10%) including spreding of the dust irrespective of the thicknees,laying in uniform thickness on well prepared surface and compacting with hand roller rolling as directed by Engineer-In-Charge all incidental operational, hire charges and crew charges of hand roller cost and conveyance of all labour and materials at site of work complete for finishe item of work as directed In gate side approch road up to Turning at toilets",1m³
"Providing, laying,spreading and compacting graded HBG Crushed stone aggregate Wet Mix Macadam specification(5th Revision)as for Table 400-13 (89.10Cum of 45-22.4mm.118.80 Cum of 22.4-2.36mm&89.10 Cum of 2.36mm and below for total out foot of 225 Cum),including cost of all materials and including premixing the material with water at OMC in mechanical mix palnt garrage of mixied materials by thipper to site,laying in from layers with paver in sub-base/base course on well prepared surface and compacting with vibratory roller of 8-10m capacity to achive the desired dencity as for MORTH specification 406(5th revision)for finished item of work.(As for item no RBR SBBS-11,slno.10 of B of AP.Revised standared deta for roads and bridges). In gate side approch road up to Turning at toilets",
"Earth work Excavation in open yard all kinds of soils, wet or dry such as clay, hard clay, black cotton soils, red earth, morrum, gravel etc., in loose and slushy conditions, except rock requiring, blastering for foundation of man holes including bailing out water (pumping out water if necessary) with necessary site clearance, marking out temporary stepping, sloping, shoring, strutting, sectioning, tamping as directed with an initial lead of 10mts. and lift of 3mts., complete as directed by the Engineer-in-Charge. In gate side approch road up to Turning at toilets",10M³
"Engaging of mechanical excavation (JCB) for cutting heeps and levelling including hire charges cost of fuel etc.., complete as directed by the Engineer - In- Charge to levelling and cuttting the heeps",1m³
"2 Providing and laying of mechanically mixed unreinforced plain cement concrete pavement 200 / 150mm thick over a prepared sub base to the required level using 0.90 cum of course aggregate of 0.63 cum (70%) of 40mm size machine crushed hard granite metal & 0.27 cum (30%) of 12mm size machine crushed hard granite metal and 0.45 cum of pure river sand (fine aggregate) brought from approved qurries and using 350kgs of 43 grade (IS 8112)/53 grade (IS 12269) Cement for one Cubic Meter Cement Concrete quantity. The course and fine aggregate shall confriming to IS 383.The CC shall be laid in panels upto size 3.50M x 3.50M in line and level or slope, using admixture of approved quality at 0.50% by weight of cement. The Cement concrete shall be laid along approved fixed side steel form work, laying of seperation membrane of 125 micron thick polythene film between concrete slab and sub base duly fixing the membrane using wedges & steel plates and leveling the form work, machine mixing, spreading the concrete, compacted with needle plate and screed board vibrators for fine finishing to even surface and making grooves of 6mm x 50mm by using concrete joint cutting machine for intial & final cuts for Transverse / Contraction,racking the joints, applying debonding strips and providing departmental premoulded filler mastic pads of 12.70mm thick for a depth of 137.50mm for expansion joints for every 31.50mts distance and rounding off edges for transverse / Cntraction & Expansion joints after filling the joints with bitumen sealent along with bitumen primer as approved by the site incharge and using air compressor before and laying membnrace and after laying concrete and curing for 14 days including cost of all material including jute ropes etc. cost of all incidental, hire and operational charges of al machinery, cost of fuel, heating charges and tools & plants, seigniorage charges, cost for form work, cost of water for curing and concrete laying etc., complete as directed by the In gate side approch road up to platform Out gate approch at septic tank side turning",
"Providing and laying of mechanically mixed unreinforced plain cement concrete pavement 200 / 150mm thick over a prepared sub base to the required level using 0.90 cum of course aggregate of 0.63 cum (70%) of 40mm size machine crushed hard granite metal & 0.27 cum (30%) of 12mm size machine crushed hard granite metal and 0.45 cum of pure river sand (fine aggregate) brought from approved qurries and using 350kgs of 43 grade (IS 8112)/53 grade (IS 12269) Cement for one Cubic Meter Cement Concrete quantity. The course and fine aggregate shall confriming to IS 383.The CC shall be laid in panels upto size 3.50M x 3.50M in line and level or slope, using admixture of approved quality at 0.50% by weight of cement. The Cement concrete shall be laid along approved fixed side steel form work, laying of seperation membrane of 125 micron thick polythene film between concrete slab and sub base duly fixing the membrane using wedges & steel plates and leveling the form work, machine mixing, spreading the concrete, compacted with needle plate and screed board vibrators for fine finishing to even surface and making grooves of 6mm x 50mm by using concrete joint cutting machine for intial & final cuts for Transverse / Contraction,racking the joints, applying debonding strips and providing departmental premoulded filler mastic pads of 12.70mm thick for a depth of 137.50mm for expansion joints for every 31.50mts distance and rounding off edges for transverse / Cntraction & Expansion joints after filling the joints with bitumen sealent along with bitumen primer as approved by the site incharge and using air compressor before and laying membnrace and after laying concrete and curing for 14 days including cost of all material including jute ropes etc. cost of all incidental, hire and operational charges of al machinery, cost of fuel, heating charges and tools & plants, seigniorage charges, cost for form work, cost of water for curing and concrete laying etc., complete as directed by the In gate side approch road up to platform Out gate approch at septic tank side turning",
2 Supply and filling quarry dust 0'-6'' depth in basement inside crushed dust consilidation as per standeds including cost and conveyance of all labour and materials at site of work complete,1m³
Supply and filling quarry dust 0'-6'' depth in basement inside crushed dust consilidation as per standeds including cost and conveyance of all labour and materials at site of work complete,1m³
Engaging of labour for removing of unwanted plants at road side of approches in and out gate sides and removing the debris far away distance from site including cost and conveyance of all labour and materials at site of work complete as directed by the Engineer-in-Charge.,
"2 Providing and laying of mechanically mixed unreinforced plain cement concrete pavement 200 / 150mm thick over a prepared sub base to the required level using 0.90 cum of course aggregate of 0.63 cum (70%) of 40mm size machine crushed hard granite metal & 0.27 cum (30%) of 12mm size machine crushed hard granite metal and 0.45 cum of pure river sand (fine aggregate) brought from approved qurries and using 350kgs of 43 grade (IS 8112)/53 grade (IS 12269) Cement for one Cubic Meter Cement Concrete quantity. The course and fine aggregate shall confriming to IS 383.The CC shall be laid in panels upto size 3.50M x 3.50M in line and level or slope, using admixture of approved quality at 0.50% by weight of cement. The Cement concrete shall be laid along approved fixed side steel form work, laying of seperation membrane of 125 micron thick polythene film between concrete slab and sub base duly fixing the membrane using wedges & steel plates and leveling the form work, machine mixing, spreading the concrete, compacted with needle plate and screed board vibrators for fine finishing to even surface and making grooves of 6mm x 50mm by using concrete joint cutting machine for intial & final cuts for Transverse / Contraction,racking the joints, applying debonding strips and providing departmental premoulded filler mastic pads of 12.70mm thick for a depth of 137.50mm for expansion joints for every 31.50mts distance and rounding off edges for transverse / Cntraction & Expansion joints after filling the joints with bitumen sealent along with bitumen primer as approved by the site incharge and using air compressor before and laying membnrace and after laying concrete and curing for 14 days including cost of all material including jute ropes etc. cost of all incidental, hire and operational charges of al machinery, cost of fuel, heating charges and tools & plants, seigniorage charges, cost for form work, cost of water for curing and concrete laying etc., complete as directed by the In gate side approch road up to platform",
"Providing and laying of mechanically mixed unreinforced plain cement concrete pavement 200 / 150mm thick over a prepared sub base to the required level using 0.90 cum of course aggregate of 0.63 cum (70%) of 40mm size machine crushed hard granite metal & 0.27 cum (30%) of 12mm size machine crushed hard granite metal and 0.45 cum of pure river sand (fine aggregate) brought from approved qurries and using 350kgs of 43 grade (IS 8112)/53 grade (IS 12269) Cement for one Cubic Meter Cement Concrete quantity. The course and fine aggregate shall confriming to IS 383.The CC shall be laid in panels upto size 3.50M x 3.50M in line and level or slope, using admixture of approved quality at 0.50% by weight of cement. The Cement concrete shall be laid along approved fixed side steel form work, laying of seperation membrane of 125 micron thick polythene film between concrete slab and sub base duly fixing the membrane using wedges & steel plates and leveling the form work, machine mixing, spreading the concrete, compacted with needle plate and screed board vibrators for fine finishing to even surface and making grooves of 6mm x 50mm by using concrete joint cutting machine for intial & final cuts for Transverse / Contraction,racking the joints, applying debonding strips and providing departmental premoulded filler mastic pads of 12.70mm thick for a depth of 137.50mm for expansion joints for every 31.50mts distance and rounding off edges for transverse / Cntraction & Expansion joints after filling the joints with bitumen sealent along with bitumen primer as approved by the site incharge and using air compressor before and laying membnrace and after laying concrete and curing for 14 days including cost of all material including jute ropes etc. cost of all incidental, hire and operational charges of al machinery, cost of fuel, heating charges and tools & plants, seigniorage charges, cost for form work, cost of water for curing and concrete laying etc., complete as directed by the In gate side approch road up to platform",
"Providing, laying,spreading and compacting graded HBG Crushed stone aggregate Wet Mix Macadam specification(5th Revision)as for Table 400-13 (89.10Cum of 45-22.4mm.118.80 Cum of 22.4-2.36mm&89.10 Cum of 2.36mm and below for total out foot of 225 Cum),including cost of all materials and including premixing the material with water at OMC in mechanical mix palnt garrage of mixied materials by thipper to site,laying in from layers with paver in sub-base/base course on well prepared surface and compacting with vibratory roller of 8-10m capacity to achive the desired dencity as for MORTH specification 406(5th revision)for finished item of work.(As for item no RBR SBBS-11,slno.10 of B of AP.Revised standared deta for roads and bridges). In gate side approch road up to platform",10m³
"2 Providing and laying of mechanically mixed unreinforced plain cement concrete pavement 200 / 150mm thick over a prepared sub base to the required level using 0.90 cum of course aggregate of 0.63 cum (70%) of 40mm size machine crushed hard granite metal & 0.27 cum (30%) of 12mm size machine crushed hard granite metal and 0.45 cum of pure river sand (fine aggregate) brought from approved qurries and using 350kgs of 43 grade (IS 8112)/53 grade (IS 12269) Cement for one Cubic Meter Cement Concrete quantity. The course and fine aggregate shall confriming to IS 383.The CC shall be laid in panels upto size 3.50M x 3.50M in line and level or slope, using admixture of approved quality at 0.50% by weight of cement. The Cement concrete shall be laid along approved fixed side steel form work, laying of seperation membrane of 125 micron thick polythene film between concrete slab and sub base duly fixing the membrane using wedges & steel plates and leveling the form work, machine mixing, spreading the concrete, compacted with needle plate and screed board vibrators for fine finishing to even surface and making grooves of 6mm x 50mm by using concrete joint cutting machine for intial & final cuts for Transverse / Contraction,racking the joints, applying debonding strips and providing departmental premoulded filler mastic pads of 12.70mm thick for a depth of 137.50mm for expansion joints for every 31.50mts distance and rounding off edges for transverse / Cntraction & Expansion joints after filling the joints with bitumen sealent along with bitumen primer as approved by the site incharge and using air compressor before and laying membnrace and after laying concrete and curing for 14 days including cost of all material including jute ropes etc. cost of all incidental, hire and operational charges of al machinery, cost of fuel, heating charges and tools & plants, seigniorage charges, cost for form work, cost of water for curing and concrete laying etc., complete as directed by the In gate side approch road up to",
"Providing and laying of mechanically mixed unreinforced plain cement concrete pavement 200 / 150mm thick over a prepared sub base to the required level using 0.90 cum of course aggregate of 0.63 cum (70%) of 40mm size machine crushed hard granite metal & 0.27 cum (30%) of 12mm size machine crushed hard granite metal and 0.45 cum of pure river sand (fine aggregate) brought from approved qurries and using 350kgs of 43 grade (IS 8112)/53 grade (IS 12269) Cement for one Cubic Meter Cement Concrete quantity. The course and fine aggregate shall confriming to IS 383.The CC shall be laid in panels upto size 3.50M x 3.50M in line and level or slope, using admixture of approved quality at 0.50% by weight of cement. The Cement concrete shall be laid along approved fixed side steel form work, laying of seperation membrane of 125 micron thick polythene film between concrete slab and sub base duly fixing the membrane using wedges & steel plates and leveling the form work, machine mixing, spreading the concrete, compacted with needle plate and screed board vibrators for fine finishing to even surface and making grooves of 6mm x 50mm by using concrete joint cutting machine for intial & final cuts for Transverse / Contraction,racking the joints, applying debonding strips and providing departmental premoulded filler mastic pads of 12.70mm thick for a depth of 137.50mm for expansion joints for every 31.50mts distance and rounding off edges for transverse / Cntraction & Expansion joints after filling the joints with bitumen sealent along with bitumen primer as approved by the site incharge and using air compressor before and laying membnrace and after laying concrete and curing for 14 days including cost of all material including jute ropes etc. cost of all incidental, hire and operational charges of al machinery, cost of fuel, heating charges and tools & plants, seigniorage charges, cost for form work, cost of water for curing and concrete laying etc., complete as directed by the In gate side approch road up to",
"Providing, laying,spreading and compacting graded HBG Crushed stone aggregate Wet Mix Macadam specification(5th Revision)as for Table 400-13 (89.10Cum of 45-22.4mm.118.80 Cum of 22.4-2.36mm&89.10 Cum of 2.36mm and below for total out foot of 225 Cum),including cost of all materials and including premixing the material with water at OMC in mechanical mix palnt garrage of mixied materials by thipper to site,laying in from layers with paver in sub-base/base course on well prepared surface and compacting with vibratory roller of 8-10m capacity to achive the desired dencity as for MORTH specification 406(5th revision)for finished item of work.(As for item no RBR SBBS-11,slno.10 of B of AP.Revised standared deta for roads and bridges). In gate side approch road up to",
"Providing, laying,spreading and compacting graded HBG Crushed stone aggregate Wet Mix Macadam specification(5th Revision)as for Table 400-13 (89.10Cum of 45-22.4mm.118.80 Cum of 22.4-2.36mm&89.10 Cum of 2.36mm and below for total out foot of 225 Cum),including cost of all materials and including premixing the material with water at OMC in mechanical mix palnt garrage of mixied materials by thipper to site,laying in from layers with paver in sub-base/base course on well prepared surface and compacting with vibratory roller of 8-10m capacity to achive the desired dencity as for MORTH specification 406(5th revision)for finished item of work.(As for item no RBR SBBS-11,slno.10 of B of AP.Revised standared data for roads and bridges). Taking out foot =225Cum(495 tonne) Front end loader 1 cum capacity Paver finisher machanical 100 TPH Vibratory roller 8-10 tonne capacity Cost of 225 cum of wet mix=a+b+c Providing, laying,spreading and compacting graded HBG Crushed stone aggregate Wet Mix Macadam specification(5th Revision)as for Table 400-13 (89.10Cum of 45-22.4mm.118.80 Cum of 22.4-2.36mm&89.10 Cum of 2.36mm and below for total out foot of 225 Cum),including cost of all materials and including premixing the material with water at OMC in mechanical mix palnt garrage of mixied materials by thipper to site,laying in from layers with paver in sub-base/base course on well prepared surface and compacting with vibratory roller of 8-10m capacity to achive the desired dencity as for MORTH specification 406(5th revision)for finished item of work.(As for item no RBR SBBS-11,slno.10 of B of AP.Revised standared data for roads and bridges). Taking out foot =225Cum(495 tonne) Front end loader 1 cum capacity Paver finisher machanical 100 TPH Vibratory roller 8-10 tonne capacity Cost of 225 cum of wet mix=a+b+c Providing, laying,spreading and compacting graded HBG Crushed stone aggregate Wet Mix Macadam specification(5th Revision)as for Table 400-13 (89.10Cum of 45-22.4mm.118.80 Cum of 22.4-2.36mm&89.10 Cum of 2.36mm and below for total out foot of 225 Cum),including cost of all materials and including premixing the material with water at OMC in mechanical mix palnt garrage of mixied materials by thipper to site,laying in from layers with paver in sub-base/base course on well prepared surface and compacting with vibratory roller of 8-10m capacity to achive the desired dencity as for MORTH specification 406(5th revision)for finished item of work.(As for item no RBR SBBS-11,slno.10 of B of AP.Revised standared data for roads and bridges). Taking out foot =225Cum(495 tonne) Front end loader 1 cum capacity Paver finisher machanical 100 TPH Vibratory roller 8-10 tonne capacity Cost of 225 cum of wet mix=a+b+c Providing, laying,spreading and compacting graded HBG Crushed stone aggregate Wet Mix Macadam specification(5th Revision)as for Table 400-13 (89.10Cum of 45-22.4mm.118.80 Cum of 22.4-2.36mm&89.10 Cum of 2.36mm and below for total out foot of 225 Cum),including cost of all materials and including premixing the material with water at OMC in mechanical mix palnt garrage of mixied materials by thipper to site,laying in from layers with paver in sub-base/base course on well prepared surface and compacting with vibratory roller of 8-10m capacity to achive the desired dencity as for MORTH specification 406(5th revision)for finished item of work.(As for item no RBR SBBS-11,slno.10 of B of AP.Revised standared data for roads and bridges). Taking out foot =225Cum(495 tonne) Front end loader 1 cum capacity Paver finisher machanical 100 TPH Vibratory roller 8-10 tonne capacity Cost of 225 cum of wet mix=a+b+c Providing, laying,spreading and compacting graded HBG Crushed stone aggregate Wet Mix Macadam specification(5th Revision)as for Table 400-13 (89.10Cum of 45-22.4mm.118.80 Cum of 22.4-2.36mm&89.10 Cum of 2.36mm and below for total out foot of 225 Cum),including cost of all materials and including premixing the material with water at OMC in mechanical mix palnt garrage of mixied materials by thipper to site,laying in from layers with paver in sub-base/base course on well prepared surface and compacting with vibratory roller of 8-10m capacity to achive the desired dencity as for MORTH specification 406(5th revision)for finished item of work.(As for item no RBR SBBS-11,slno.10 of B of AP.Revised standared data for roads and bridges). Taking out foot =225Cum(495 tonne) Front end loader 1 cum capacity Paver finisher machanical 100 TPH Vibratory roller 8-10 tonne capacity Cost of 225 cum of wet mix=a+b+c Providing, laying,spreading and compacting graded HBG Crushed stone aggregate Wet Mix Macadam specification(5th Revision)as for Table 400-13 (89.10Cum of 45-22.4mm.118.80 Cum of 22.4-2.36mm&89.10 Cum of 2.36mm and below for total out foot of 225 Cum),including cost of all materials and including premixing the material with water at OMC in mechanical mix palnt garrage of mixied materials by thipper to site,laying in from layers with paver in sub-base/base course on well prepared surface and compacting with vibratory roller of 8-10m capacity to achive the desired dencity as for MORTH specification 406(5th revision)for finished item of work.(As for item no RBR SBBS-11,slno.10 of B of AP.Revised standared data for roads and bridges). Taking out foot =225Cum(495 tonne) Wet mix plant 60TPH (HIR 00080) Electric generator set 125KVA (HIR00111) Front end loader 1 cum capacity (HIR0074) Paver finisher machanical 100 TPH (HIR00089) Vibratory roller 8-10 tonne capacity (HIR00089) Water tanker 6kl capacity (HIR00064) Cost of 225 cum of wet mix=a+b+c",
"Providing, laying,spreading and compacting graded HBG Crushed stone aggregate Wet Mix Macadam specification(5th Revision)as for Table 400-13 (89.10Cum of 45-22.4mm.118.80 Cum of 22.4-2.36mm&89.10 Cum of 2.36mm and below for total out foot of 225 Cum),including cost of all materials and including premixing the material with water at OMC in mechanical mix palnt garrage of mixied materials by thipper to site,laying in from layers with paver in sub-base/base course on well prepared surface and compacting with vibratory roller of 8-10m capacity to achive the desired dencity as for MORTH specification 406(5th revision)for finished item of work.(As for item no RBR SBBS-11,slno.10 of B of AP.Revised standared data for roads and bridges). Taking out foot =225Cum(495 tonne) Front end loader 1 cum capacity Paver finisher machanical 100 TPH Vibratory roller 8-10 tonne capacity Cost of 225 cum of wet mix=a+b+c Providing, laying,spreading and compacting graded HBG Crushed stone aggregate Wet Mix Macadam specification(5th Revision)as for Table 400-13 (89.10Cum of 45-22.4mm.118.80 Cum of 22.4-2.36mm&89.10 Cum of 2.36mm and below for total out foot of 225 Cum),including cost of all materials and including premixing the material with water at OMC in mechanical mix palnt garrage of mixied materials by thipper to site,laying in from layers with paver in sub-base/base course on well prepared surface and compacting with vibratory roller of 8-10m capacity to achive the desired dencity as for MORTH specification 406(5th revision)for finished item of work.(As for item no RBR SBBS-11,slno.10 of B of AP.Revised standared data for roads and bridges). Taking out foot =225Cum(495 tonne) Front end loader 1 cum capacity Paver finisher machanical 100 TPH Vibratory roller 8-10 tonne capacity Cost of 225 cum of wet mix=a+b+c Providing, laying,spreading and compacting graded HBG Crushed stone aggregate Wet Mix Macadam specification(5th Revision)as for Table 400-13 (89.10Cum of 45-22.4mm.118.80 Cum of 22.4-2.36mm&89.10 Cum of 2.36mm and below for total out foot of 225 Cum),including cost of all materials and including premixing the material with water at OMC in mechanical mix palnt garrage of mixied materials by thipper to site,laying in from layers with paver in sub-base/base course on well prepared surface and compacting with vibratory roller of 8-10m capacity to achive the desired dencity as for MORTH specification 406(5th revision)for finished item of work.(As for item no RBR SBBS-11,slno.10 of B of AP.Revised standared data for roads and bridges). Taking out foot =225Cum(495 tonne) Front end loader 1 cum capacity Paver finisher machanical 100 TPH Vibratory roller 8-10 tonne capacity Cost of 225 cum of wet mix=a+b+c Providing, laying,spreading and compacting graded HBG Crushed stone aggregate Wet Mix Macadam specification(5th Revision)as for Table 400-13 (89.10Cum of 45-22.4mm.118.80 Cum of 22.4-2.36mm&89.10 Cum of 2.36mm and below for total out foot of 225 Cum),including cost of all materials and including premixing the material with water at OMC in mechanical mix palnt garrage of mixied materials by thipper to site,laying in from layers with paver in sub-base/base course on well prepared surface and compacting with vibratory roller of 8-10m capacity to achive the desired dencity as for MORTH specification 406(5th revision)for finished item of work.(As for item no RBR SBBS-11,slno.10 of B of AP.Revised standared data for roads and bridges). Taking out foot =225Cum(495 tonne) Front end loader 1 cum capacity Paver finisher machanical 100 TPH Vibratory roller 8-10 tonne capacity Cost of 225 cum of wet mix=a+b+c Providing, laying,spreading and compacting graded HBG Crushed stone aggregate Wet Mix Macadam specification(5th Revision)as for Table 400-13 (89.10Cum of 45-22.4mm.118.80 Cum of 22.4-2.36mm&89.10 Cum of 2.36mm and below for total out foot of 225 Cum),including cost of all materials and including premixing the material with water at OMC in mechanical mix palnt garrage of mixied materials by thipper to site,laying in from layers with paver in sub-base/base course on well prepared surface and compacting with vibratory roller of 8-10m capacity to achive the desired dencity as for MORTH specification 406(5th revision)for finished item of work.(As for item no RBR SBBS-11,slno.10 of B of AP.Revised standared data for roads and bridges). Taking out foot =225Cum(495 tonne) Wet mix plant 60TPH (HIR 00080) Electric generator set 125KVA (HIR00111) Front end loader 1 cum capacity (HIR0074) Paver finisher machanical 100 TPH (HIR00089) Vibratory roller 8-10 tonne capacity (HIR00089) Water tanker 6kl capacity (HIR00064) Cost of 225 cum of wet mix=a+b+c",
"Providing, laying,spreading and compacting graded HBG Crushed stone aggregate Wet Mix Macadam specification(5th Revision)as for Table 400-13 (89.10Cum of 45-22.4mm.118.80 Cum of 22.4-2.36mm&89.10 Cum of 2.36mm and below for total out foot of 225 Cum),including cost of all materials and including premixing the material with water at OMC in mechanical mix palnt garrage of mixied materials by thipper to site,laying in from layers with paver in sub-base/base course on well prepared surface and compacting with vibratory roller of 8-10m capacity to achive the desired dencity as for MORTH specification 406(5th revision)for finished item of work.(As for item no RBR SBBS-11,slno.10 of B of AP.Revised standared data for roads and bridges). Taking out foot =225Cum(495 tonne) Front end loader 1 cum capacity Paver finisher machanical 100 TPH Vibratory roller 8-10 tonne capacity Cost of 225 cum of wet mix=a+b+c Providing, laying,spreading and compacting graded HBG Crushed stone aggregate Wet Mix Macadam specification(5th Revision)as for Table 400-13 (89.10Cum of 45-22.4mm.118.80 Cum of 22.4-2.36mm&89.10 Cum of 2.36mm and below for total out foot of 225 Cum),including cost of all materials and including premixing the material with water at OMC in mechanical mix palnt garrage of mixied materials by thipper to site,laying in from layers with paver in sub-base/base course on well prepared surface and compacting with vibratory roller of 8-10m capacity to achive the desired dencity as for MORTH specification 406(5th revision)for finished item of work.(As for item no RBR SBBS-11,slno.10 of B of AP.Revised standared data for roads and bridges). Taking out foot =225Cum(495 tonne) Front end loader 1 cum capacity Paver finisher machanical 100 TPH Vibratory roller 8-10 tonne capacity Cost of 225 cum of wet mix=a+b+c Providing, laying,spreading and compacting graded HBG Crushed stone aggregate Wet Mix Macadam specification(5th Revision)as for Table 400-13 (89.10Cum of 45-22.4mm.118.80 Cum of 22.4-2.36mm&89.10 Cum of 2.36mm and below for total out foot of 225 Cum),including cost of all materials and including premixing the material with water at OMC in mechanical mix palnt garrage of mixied materials by thipper to site,laying in from layers with paver in sub-base/base course on well prepared surface and compacting with vibratory roller of 8-10m capacity to achive the desired dencity as for MORTH specification 406(5th revision)for finished item of work.(As for item no RBR SBBS-11,slno.10 of B of AP.Revised standared data for roads and bridges). Taking out foot =225Cum(495 tonne) Front end loader 1 cum capacity Paver finisher machanical 100 TPH Vibratory roller 8-10 tonne capacity Cost of 225 cum of wet mix=a+b+c Providing, laying,spreading and compacting graded HBG Crushed stone aggregate Wet Mix Macadam specification(5th Revision)as for Table 400-13 (89.10Cum of 45-22.4mm.118.80 Cum of 22.4-2.36mm&89.10 Cum of 2.36mm and below for total out foot of 225 Cum),including cost of all materials and including premixing the material with water at OMC in mechanical mix palnt garrage of mixied materials by thipper to site,laying in from layers with paver in sub-base/base course on well prepared surface and compacting with vibratory roller of 8-10m capacity to achive the desired dencity as for MORTH specification 406(5th revision)for finished item of work.(As for item no RBR SBBS-11,slno.10 of B of AP.Revised standared data for roads and bridges). Taking out foot =225Cum(495 tonne) Wet mix plant 60TPH (HIR 00080) Electric generator set 125KVA (HIR00111) Front end loader 1 cum capacity (HIR0074) Paver finisher machanical 100 TPH (HIR00089) Vibratory roller 8-10 tonne capacity (HIR00089) Water tanker 6kl capacity (HIR00064) Cost of 225 cum of wet mix=a+b+c",
"Providing, laying,spreading and compacting graded HBG Crushed stone aggregate Wet Mix Macadam specification(5th Revision)as for Table 400-13 (89.10Cum of 45-22.4mm.118.80 Cum of 22.4-2.36mm&89.10 Cum of 2.36mm and below for total out foot of 225 Cum),including cost of all materials and including premixing the material with water at OMC in mechanical mix palnt garrage of mixied materials by thipper to site,laying in from layers with paver in sub-base/base course on well prepared surface and compacting with vibratory roller of 8-10m capacity to achive the desired dencity as for MORTH specification 406(5th revision)for finished item of work.(As for item no RBR SBBS-11,slno.10 of B of AP.Revised standared data for roads and bridges). Taking out foot =225Cum(495 tonne) Front end loader 1 cum capacity Paver finisher machanical 100 TPH Vibratory roller 8-10 tonne capacity Cost of 225 cum of wet mix=a+b+c Providing, laying,spreading and compacting graded HBG Crushed stone aggregate Wet Mix Macadam specification(5th Revision)as for Table 400-13 (89.10Cum of 45-22.4mm.118.80 Cum of 22.4-2.36mm&89.10 Cum of 2.36mm and below for total out foot of 225 Cum),including cost of all materials and including premixing the material with water at OMC in mechanical mix palnt garrage of mixied materials by thipper to site,laying in from layers with paver in sub-base/base course on well prepared surface and compacting with vibratory roller of 8-10m capacity to achive the desired dencity as for MORTH specification 406(5th revision)for finished item of work.(As for item no RBR SBBS-11,slno.10 of B of AP.Revised standared data for roads and bridges). Taking out foot =225Cum(495 tonne) Wet mix plant 60TPH (HIR 00080) Electric generator set 125KVA (HIR00111) Front end loader 1 cum capacity (HIR0074) Paver finisher machanical 100 TPH (HIR00089) Vibratory roller 8-10 tonne capacity (HIR00089) Water tanker 6kl capacity (HIR00064) Cost of 225 cum of wet mix=a+b+c",
"Providing, laying,spreading and compacting graded HBG Crushed stone aggregate Wet Mix Macadam specification(5th Revision)as for Table 400-13 (89.10Cum of 45-22.4mm.118.80 Cum of 22.4-2.36mm&89.10 Cum of 2.36mm and below for total out foot of 225 Cum),including cost of all materials and including premixing the material with water at OMC in mechanical mix palnt garrage of mixied materials by thipper to site,laying in from layers with paver in sub-base/base course on well prepared surface and compacting with vibratory roller of 8-10m capacity to achive the desired dencity as for MORTH specification 406(5th revision)for finished item of work.(As for item no RBR SBBS-11,slno.10 of B of AP.Revised standared data for roads and bridges). Taking out foot =225Cum(495 tonne) Wet mix plant 60TPH (HIR 00080) Electric generator set 125KVA (HIR00111) Front end loader 1 cum capacity (HIR0074) Paver finisher machanical 100 TPH (HIR00089) Vibratory roller 8-10 tonne capacity (HIR00089) Water tanker 6kl capacity (HIR00064) Cost of 225 cum of wet mix=a+b+c",
"2 Whiting two coats to celling including cost of gum,gunjee water labour charges for thoroughlyl brushing the surface remove all dirt and remains of loose powdered materials including putty cost and conveyance of all labor and materials at site of work complete.",10 sqm
Painting to old walls with synthetic enamel paint in two coats of approved quality and colour in including cleaning the surface cost and conveyance of all labour and materials at site of work complete.,
"structrual repairs to the ceiling of RCC slab duly chipping with matic power chiselling equipment and until to achieve the hard mother concrete, cleaning the surface, cleaning the surface ,cleaning the steel reinforcement with sand paper and iron brushes for removing of rust, applying anti corrossive paint of FOSROCK make ,applying bonding agent of FOSROCK make ,applying bonding agent of FOSROCK, strethening the ceilling with CC 1:1.5:3 prop. Using 6mm down graded HGMC metal 40mm thick average thickness using construction chemicals and redoing the ceilling with cement plastering 12 mm thick in CM 1:3 & 1:5 with neat sponge finish, including curing,scaffolding arrangements at different places cost of chemicals, all incidental,operational,cost and conveyance of all labour and materials at site of work",1m2
"Cement plastering to celling in CM 1:5 & CM 1:3 prop(1cement:5sand) & (1 cement:3 sand)of 12 mm thick including cleaning the surface, cost of curing,scaffolding,lift,all incidental,and operational charges, cost and conveyance of all labour and materials at site of work complete",10m2
"2 Removing of damaged brick masonary walls cement mortar and stacking the useful materials for reuse and disposing the debris to a far off distance,all incidental and operational charges,cost and conveyance of all labour and materials at site of work complete as directed by the Engineer- in -",1 Cum
"Removing of damaged brick masonary walls cement mortar and stacking the useful materials for reuse and disposing the debris to a far off distance,all incidental and operational charges,cost and conveyance of all labour and materials at site of work complete as directed by the Engineer- in -",1 Cum
"Providing and laying plain cement concrete 1:4:8 pro.(1cement 4sand:8metal) using 40 mm guage hard granite hand broken metal including machine mixing,deposing in position,ramming finishing curing including all incidental opaerational and cost and conveyanec of all labour and material at site of work complete as directed by the Engineer-in Charge",1 Nos
Removing of damaged wooden door with frame from brick wall stacking including cost and conveyance of all labour and materials,1 Nos
Removing of damaged WC with 'P' & 'S' trap including cost and cost and conveyance of all labour and materials at site of work,1 Nos
"Cement plastering in CM 1:3 prop (1 cement:3 sand) of 20 mm thick including Fine rendering and smooth finishing, curing, cleaning the surface including all incidental,and operational, scaffolding, lift and seigniorage charges, cost and conveyance of all labour and materials at site of work complete as directed by the E-IN-C.",10 Sqm
"Structural repairs to the RCC to surface to arrest leakages duly chipping with pneumatic poer chiselling equipment and until to achieve the hard mother concrete surface. Duly removing of debries cleaning of the surface from dirt and other foreign maters & water jet cleaning ,applying acrylic based bonding adhesive (Mix 1:1 ratio if cement)agent of FOSROC make,appling high strengh cement concrete flooring of 50mm thick average with C.C.1:1.5:3 pro using 12 mm down graded HGMC metal mixing with Concrete plastering and water reducing admixture 15-20 ml per bag of 50 kgs of cement including mixing, depositing, finishing in line,level and required slope including curring scaffolding arrangements, cost of construction chemicals, all incidental, operational, cost and conveyance of all labor and materials at site of work",1 Sqm
"Whiting two coats to celling including cost of gum,gunjee water, labour charges for thoroughlyl brushing the surface remove all dirt and remains of loose powdered materials including putty cost and conveyance of all labor and materials at site of work complete.",10 Sqm
"Whiting washing two coats to walls including cost of gum,gunjee water labour charges for thoroughlyl brushing the surface remove all dirt and remains of loose powdered materials including putty cost and conveyance of all labor and materials at site of work complete.",10 Sqm
"2 Structural repairs to the celling of RCC slab duly chipping with pneumatic power chiselling equipment and until to achive the hard mother concrete, cleaning the surface ,cleaning of steel reinforcement with sand paper and Iron brushes for removing of rust,applying Anti corresive paint of FOSROCK make,applying bonding agent of FOAROCK make, strengthening the celling with C.C.1:1.5:3 pro using 6 mm down graded HGMC metal 40 mm thick average thickness using construction chemicals and redoing the ceilling with cement plastering 6 mm thick in C.M 1:3 & 1:5 pro with neat finish, including curing, scaffolding arrangement at different places, cost of construction chemucal all incidental, operational,seignorage charges, cost and conveyance of all labour and materials at site of work complete.(G.F) Plat form no.29 ceilling patches",
"Structural repairs to the celling of RCC slab duly chipping with pneumatic power chiselling equipment and until to achive the hard mother concrete, cleaning the surface ,cleaning of steel reinforcement with sand paper and Iron brushes for removing of rust,applying Anti corresive paint of FOSROCK make,applying bonding agent of FOAROCK make, strengthening the celling with C.C.1:1.5:3 pro using 6 mm down graded HGMC metal 40 mm thick average thickness using construction chemicals and redoing the ceilling with cement plastering 6 mm thick in C.M 1:3 & 1:5 pro with neat finish, including curing, scaffolding arrangement at different places, cost of construction chemucal all incidental, operational,seignorage charges, cost and conveyance of all labour and materials at site of work complete.(G.F) Plat form no.29 ceilling patches",
Whittening to celling two coats R.C.C slab and R C parada wall including cost and conveyance of all labour and materials at site of work complete Upto 3.66,10 Sqm
"2 Construction of binding wall in brick masonry in CM 1:6 prop. to a thickness of 1'-1/2"" - 0'-9'' and cement plastering to sides in CM 1:6 prop.1/2"" thick, including scaffolding, lift charges seignorage charges including cost and conveyance of all labour and materials at site of work complete. As directed by the office -west side -of galvalume",1 Rm
"Stuctural repairs by providing to the corner of terrace and parapet wall to arrest dampness and leakage duly cleaning and chipping with pneumatic power chiselling equipmpment and until to achieve the hard mother concrete surface and brick masonary plastered surface duly removing of debris cleaning of the surface from dirt and other foreign matters & water jet cleaning, applying styrene butadiene rubber based bonding agent for Mortar/Concrete(Mix 1:1 ratio of cement) agent complies ASTM D454/BS EN 12390 , appliyng hogn strenght cement concrete flooring with C.C.1:1.5:3 prop. Using 12 mm down graded HGMC metal mixing with concrete repair admixtures and water reducting admixture 1 to 2ltrs per bag of 50kgs of cement including mixing, desposting, finishing in line, level and required shape including curing, cost of construction chemicals all incidental, operational, seignorage charges, cost and conveyance of all labour and matrials at site of work complete.",
"Labour charges for applying chemicals for arresting leakage two coats to binding wall including labour charges for thoroughtly brushing the surface to remove all dirt and remains of loose powereded materials including putty cost and conveyance of all labour, materials and incidental such as scaffolding, lift charges etc.., complete for finished item of work as directed by the Engineer - In - Charges.",1 Sqm
"2 Cleaning of Jungle 'Scrub Jungle/ Light Jungle including hire charges of knifes and tools and scaffolding charges etc.., including cost and conveyance of all labour and materials at site of work complete as directed by E-in-C North side compound wall bottom Along compound wall land at North",1 Sqm
"Cleaning of Jungle 'Scrub Jungle/ Light Jungle including hire charges of knifes and tools and scaffolding charges etc.., including cost and conveyance of all labour and materials at site of work complete as directed by E-in-C North side compound wall bottom Along compound wall land at North",1 Sqm
"Supply and fixing of PVC pipes along with Specials including cost and conveyance of all labour and materials at site work complete (a)Horizontal pipe line along with 7'-0"" vertical connection from new line",1 Rm
"2 Earth work excavation in all kind of soils wet or dry such as clay hard clay, black cotton soil, red earth, moorum,gravel etc., in loose and slushy condition except rock requiring blasting for fondation of walls and column footings including bailing out of water (pumping out water if necessary)with necessary site clearence, marking out temporary steping, slopping, shoring strutting ,sectioning, tamping as directed with an initial lead of 10 m and lift of 2m complete as directed by the engineer-in-Charge.",1.98m³
"Bricks masonary with brick for any thickness of walls in C.M 1:5pro.(1cement:5sand)including soaking of brick all incidental, operational, scaffolding,curing chargecost and conveyance of all labour and material at site of work complete as directed by the Engineer-in-charge (ground floor upto a height of 12'0""",14.80m³
"Providing reinforecd cement concrete 1:2:4pro.(1cement:2sand :4metal) with a minimum strenght of M15 grade and crushing strenght of 150kg/sq.cm. with 20mm guage hard granite machin crushed metal including labour charge for machine mixing, centering, laying concrete,compacting,vibrating,rendering,fine finishing,curing confirming to IS 456-1978 including all inciden- denta,operational, scaffolding and cost and conveyance of all labour and material at site of work complete(excluding cost of stell,binding wire and its fabrication) with designed Tor steel reinforcement as dorected by the Engineer-in-charge.",
"Cement plastering in CM 1:5 prop (1 cement:5 sand) of 20 mm thick including Fine rendering and smooth finishing, curing, cleaning the surface including all incidental,and operational, scaffolding, lift and seigniorage charges, cost and conveyance of all labour and materials at site of work complete as directed by the E-IN-C.",12.50m²
"Cement plastering in CM 1:3 prop (1 cement:3 sand) of 12 mm thick including Fine rendering and smooth finishing, curing, cleaning the surface including all incidental,and operational, scaffolding, lift and seigniorage charges, cost and conveyance of all labour and materials at site of work complete as directed by the E-IN-C.",17.33m²
"Supply and fixing of 60.30mm OD MS pipe @ 5.03 Kg / Rm including cutting, welding, fixing in position scaffolding charges, hire charges of T & P including cost and conveyance of all labour and mateials at site of work complete as directed by the Engineer-in-Charge.",10.41Rm
"Supply & fixing of prepainted galvalume trapezoidal profile roofing sheets with 0.50mm thickness, coating : Alu Zink coating AZ 150 GSM, tensile strength : 550MPA. Paint coating : regular modified polyster painting. Painting thickness (top) : 18 to 20 microns, (bottom) : 5 to 7 microns. Sheet width - 1.020 Mts., length : maximum 12Mts. with regular range colours including scaffolding charges, cost and conveyance of all labour and materials at site of work complete as directed by the Engineer-in-Charge. Galvalume sheet for Booking room Construction of binding wall in brick masonry in CM 1:6 prop. to a thickness of 1'-1/2"" - 0'-9'' and cement plastering to sides in CM 1:6 prop.1/2"" thick, including scaffolding, lift charges seignorage charges including cost and conveyance of all labour and materials at site of work complete. As directed by the",10.41Rm
"Providing and fixing factory made UPVC white colour sliding glazed window upto 1.50 mts in height dimension compressing of UPVC multi chambered frame within built roller track sash extuded profiles duly reinforce with 1.60± 0.2mm thick galvanized mild steel section made from roll forming process of required lenght(shape & size according to UPVC profile),appropriate dimension UPVC extruded glazing beads and UPVC extruded interlock, EPDM gasket, wool pie, zincalloy (white powder coated)touch locks with hooks, zinc alloy body with single nylon rollers (weight bearing capacity to be 40kg) GI fasteners 100x8mm size for fixing frame to finished wall and necessary stainless screws etc,. profile of frame and sash shall be mitred cut and fusion welded at all corners, including drilling of holes for fixing hardware's and drainage ofwater etc. After fixing frame the gap between frame and adjacent finishedwall shall be filled with weather proof silicon sealent over backer rod ofrequired size and of approved quality, all complete as per approved drawing & direction of Engineer-in-Charge inclusive of cost of Single / double glass panes, wire mesh and silicon sealent etc,. (SSR. 2023-24 Item No. BMT-p-80.B)",1.80m²
Door Frame section of 63.5x100 MM .The two Vertical members are to be joined together with the horizontal member using 8x75 MM long MS Star full thread screws to be used with reverse forward speed control hand drilling machine. The ready/assembled door frame is fixed to the wall using hold fast or bolt fasteners. A minimum of 4 No.s of screws to be provided for each vertical member & minimum 2no.s for horizontal member.,1.80m²
"Flush door shutters, solid bond wood block board type with teak veneer on one face and commercial ply on another face (lipping): 40 mmthick conforming to IS:2202",10.43m²
"Painting with exterior emulsion paint two coats to walls with approved colour and quality including labour charges for thoroughly brushing the surface to remove all dirt and remains of loose powdered materials including putty cost and conveyance of all labour, materials and incidental such as scaffolding, lift charges etc., complete for finished item of work as directed by the Engineer-in-Charge.",10.43m²
Removing of damaged brick masonary wall in cement mortor and stacking useful material for reuse and disposing the debris to a for off distance all incidental and oprational charges cost and conveyance of all labour and materials at site of work complete as directed by the Engineer In Dislocated Drain Walls(damaged),1 cum
"Removing of damaged plain cement concrete and disposing the debris to a far off distance, all incidental and operational charges, cost and conveyance of all labour and materials at site of work complete as directed by the Engineer-in-Charge.",1 cum
"Providing and Laying plain cement concrete 1:4:8 Pro. (1 cement:4sand:8metal) using 40mm HBG gauge hard granite machine crushed metal conforming to IS 383-1970 in foundation and for BED including machine mixing, depositing in position, ramming, finishing, curing including all incidental operational and seigniorage charges cost and conveyance of all labour and materials at site of work complete as directed by the Engineer-in-Charge.",1 cum
"Providing and Laying plain cement concrete 1:3:6 Pro. (1 cement:3sand:6metal) using 20mm HBG gauge hard granite machine crushed metal conforming to IS 383-1970 in foundation and for BED including machine mixing, depositing in position, ramming, finishing, curing including all incidental operational and seigniorage charges cost and conveyance of all labour and materials at site of work complete as directed by the Engineer-in-Charge.",1 cum
"Providing reinforced cement concrete using 330 kgs of cement with a minimum strenght of M20 grade using 20mm gauge hard granite machine mixing,centering,laying concrete,compacting vibrating rendering,fine finishing,curing,conforming to IS 456-1978 including all incidental,operational,scaffolding and charges cost and conveyance of all labour and materials at site of work complete as directed by the",1 mt
"Cement plastering in CM 1:5 prop (1 cement:5sand) of 20 mm thick including Fine rendering and smooth finishing, curing, cleaning the surface including all incidental,and operational, scaffolding, lift and seigniorage charges, cost and conveyance of all labour and materials at site of work complete as directed by the E-IN-C.",10 Sqm
"Cement plastering in CM 1:5 prop (1 cement:5sand) of 12 mm thick including Fine rendering and smooth finishing, curing, cleaning the surface including all incidental,and operational, scaffolding, lift and seigniorage charges, cost and conveyance of all labour and materials at site of work complete as directed by the E-IN-C.",10 Sqm
"Providing, laying,spreading and compacting graded HBG Crushed stone Providing, laying,spreading and compacting graded HBG Crushed stone (89.10Cum of 45-22.4mm.118.80 Cum of 22.4-2.36mm&89.10 Cum of 2.36mm and below for total out foot of 225 Cum),including cost of all materials and including premixing the material with water at OMC in mechanical mix palnt garrage of mixied materials by thipper to site,laying in from layers with paver in sub-base/base course on well prepared surface and compacting with vibratory roller of 8-10m capacity to achive the desired dencity as for MORTH specification 406(5th revision)for finished item of work.(As for item no RBR SBBS-11,slno.10 of B of AP.Revised standared data for roads and bridges).",1 cum
"2 Supply & fixing chain link fencing 50mm x 50 mm or 2'' x 2'' hot dipped galvaised iron chain link mesh 8 guage (4mm) as per ISI 2721-1979, 5'-0'' height and vertical post of 2''dia GI pipe @5.03 kgs for Rm/m medium weight 8'-0'' center to center of pannel and labour charges for cutting of damaged CC pavement with power drilling machine of size 2 x 0.23 x 0.60 m 2 laying the concrete P.C.C 1:2:4 using 20 mm MC metal around the vertical GI pipe of size 2x 0.23 x 0.60 m and welding the 'L' angle bottom of the GI pipe for anchoring in foundation. To fixing the weldmesh in between two vertical GI pipes, to a size of weldmesh 8'-0'' x5'-0'' that is 40 sqft including cutting welding fabrication charges pipe and weldmesh. including painting to GI pipe one coat of red oxide paint zincromet and two coats synthetic enamel paint including cost of brushess and including cost and conveyance of all labour and materials at site if work complete. chainlink fencing barcading from bus station to bus depot vacant site Removing of damaged brick masonary walls cement mortar and stacking the useful materials for reuse and disposing the debris to a far off distance,all incidental and operational charges,cost and conveyance of all labour and materials at site of work complete as directed by the Engineer- in - front side long wall of booking room Cross wall ladies toilets short wall Super structure wall of ladies rest room front wall Basement front side of booking room + ladies rest room",
"Supply & fixing chain link fencing 50mm x 50 mm or 2'' x 2'' hot dipped galvaised iron chain link mesh 8 guage (4mm) as per ISI 2721-1979, 5'-0'' height and vertical post of 2''dia GI pipe @5.03 kgs for Rm/m medium weight 8'-0'' center to center of pannel and labour charges for cutting of damaged CC pavement with power drilling machine of size 2 x 0.23 x 0.60 m 2 laying the concrete P.C.C 1:2:4 using 20 mm MC metal around the vertical GI pipe of size 2x 0.23 x 0.60 m and welding the 'L' angle bottom of the GI pipe for anchoring in foundation. To fixing the weldmesh in between two vertical GI pipes, to a size of weldmesh 8'-0'' x5'-0'' that is 40 sqft including cutting welding fabrication charges pipe and weldmesh. including painting to GI pipe one coat of red oxide paint zincromet and two coats synthetic enamel paint including cost of brushess and including cost and conveyance of all labour and materials at site if work complete. chainlink fencing barcading from bus station to bus depot vacant site Removing of damaged brick masonary walls cement mortar and stacking the useful materials for reuse and disposing the debris to a far off distance,all incidental and operational charges,cost and conveyance of all labour and materials at site of work complete as directed by the Engineer- in - front side long wall of booking room Cross wall ladies toilets short wall Super structure wall of ladies rest room front wall Basement front side of booking room + ladies rest room",1 sqm
"2 Removing of damaged brick masonary walls cement mortar and stacking the useful materials for reuse and disposing the debris to a far off distance,all incidental and operational charges,cost and conveyance of all labour and materials at site of work complete as directed by the Engineer- in - front side long wall of booking room Cross wall ladies toilets short wall Super structure wall of ladies rest room front wall Basement front side of booking room + ladies rest room",
"Removing of damaged brick masonary walls cement mortar and stacking the useful materials for reuse and disposing the debris to a far off distance,all incidental and operational charges,cost and conveyance of all labour and materials at site of work complete as directed by the Engineer- in - front side long wall of booking room Cross wall ladies toilets short wall Super structure wall of ladies rest room front wall Basement front side of booking room + ladies rest room",1.97m³
"Removing of damaged AC sheets, 'J' Bolts, washers & nuts including cutting the alround brick masonary / PCC including stacking the useful material for reuse and disposing the debris to a far off distance, all incidental and operational charges, cost and conveyance of all labour and materials at site of work complete as directed by the Engineer-in-Charge.",1 Rm
"Labour charges for removing the old 2½""Ø G I pipe fixed in concrete in walls including removing of damaged channel angles at a height of 3.66 mts stacking the useful materials at site of work cost and conveyance of all labour and materials at site of work complete.",1 Sqm
"Removing of damaged old thermocole false ceiling including removing the alround steel angles fixed in the wall, horizontal "" T "" and "" L "" angles by cutting with power cutting machine and including removing the thermocole sheet of 1.00 m X 0.50 m, disposing debries / damaged materials far away from site of work, including cost and conveyance of all labour and mateirals at site of work complete as directed by the Engineer-in-Charge.",1 Sqm
"Removing of damaged doors and MS windows from walls and stacking the useful material for reuse and disposing the debris to a far off distance, all incidental and operational charges, cost and conveyance of all labour and materials at site of work complete as directed by the Engineer-in-Charge. Booking room door with frame 1.00x2.00 Ladies rest room door(0.88x2.10)",1 Sqm
"Removing of damaged polished tiles /including using of tools (hire charges) and filling of reuse including cost and conveyance of all labour and materials at site of work complete as directed by the Engineer-in-Charge. Removing of damaged rough napa stone flooring over sand bed and stacking the useful material for reuse and disposing the debris to a far off distance, all incidental and operational charges, cost and conveyance of all labour and materials at site of work complete as directed by the Engineer-in-Charge.",1.64m³
"Removing of damaged rough napa stone flooring over sand bed and stacking the useful material for reuse and disposing the debris to a far off distance, all incidental and operational charges, cost and conveyance of all labour and materials at site of work complete as directed by the Engineer-in-Charge.",1 cum
"Transportation of dismantled material to a distance of 5.00 Km. away from site including loading, unloading cost and cnveyance of all labour and materials at site of work complete as directed by the Engineer-in-Charge.",1 cum
"2 Removing the damaged WC with P trap / S trap cleaning the dust particals, disposing the debries far away from the site, including cost and conveyance of all labour and materials at site of work complete as directed by the Engineer-in-Charge.",1 Cum
"Removing the damaged WC with P trap / S trap cleaning the dust particals, disposing the debries far away from the site, including cost and conveyance of all labour and materials at site of work complete as directed by the Engineer-in-Charge.",1 Cum
"Removing of damaged doors with frames and stacking the useful material for reuse and disposing the debris to a far off distance, all incidental and operational charges, cost and conveyance of all labour and materials at site of work complete as directed by the Engineer-in-Charge.",1 Cum
"Removing of damaged plain cement concrete for flooring and disposing the debris to a far off distance, all incidental and operational charges, cost and conveyance of all labour and materials at site of work complete as directed by the Engineer-in-Charge.",1 Cum
Supply & fixing of best indian make European Water Closet of Ist quality confirming to IS - 2556-Par-II-1973 of white glazed with 'S' trap including cost and conveyance of all labour and materials at site of work complete as directed.,
Supply & fixing low down porcelein flushing tank 10 lts capacity with internal components including cost and conveyance of all labour and materials at site of work complete as directed by the Engineer-in-Charge.,1.50 Rm
Supply & fixing best indian make European Water Closet plastic seat and lid with rubber or plastic buffers as per IS-2548-1996 including cost and conveyance of all labour and materials at site of work complete as directed.,1 Rm
Supply & fixing of steel bib cock with plastic health facet with 1.00 mts long and wall hole including cost and conveyance of all labour and materials at site of work complete as directed.,1 Rm
Supply & Fixing CPVC pipes & accessories and PVC taps and including cost and conveyance of all labour and materials at site of work complete as directed by the Engineer-in-Charge. Drinking water pedestal connection c) 28.60 mmø to 22.20 mmø brass reducer c) 28.60 mmø to 22.20 mmø CPVC Reducer,1 Rm
Supply & fixing of sintex plastic water tank third layer ISI standard including loading unloading charges and including providing neccesary holes 1' dia - 4 No's and including fixing necessary including cost and conveyance of all labour and materials at site of work complete as directed by the Engineer-in-Charge.,1 Cum
"Bricks masonary pedestal in C.M 1:6 using bricks 2nd class 1:6pro.(1cement:6 sand)including cost of brick and including soaking of brick all incidental, operational, scaffolding,curing charge cost and conveyance of all labour and material at site of work complete as directed by the Engineer-in-charge (ground floor upto a height of 12'0"" above basement level)",1 Cum
"Cement plastering to flooring in CM 1: 3 Prop (1cement: 3Sand) of 20mm thick including cleaning the surface, cost of curing, scaffolding, lift, all incidental, seignorage and operational charges, cost and conveyance of all labour and materials at site of work complete as directed by the Eng-in-C.",10 m²
"Supply, fixing and commissioning the following PVC / SWR specials and fixing with solvent joining as per standard practice including cost and conveyance of all labour and materials at site of work complete as directed by the Engineer-in-charge. A) 110mm PVC/SWR pipe of 6Kg/Sqcm Toilet soak pit out side waste water D) 75mmø PVC/SWR pipe of 6kg/Sqm",1 Rm
"Providing 4'0"" dia Leach pit for 6'0"" depth using RCC pre cast rings of 4'0"" dia 6 Nos. and providing RCC pre cast cover, 110mm dia SWR vent pipe for 10'0"" length including earth work excavation, cost and transportation of the rings and cover to the site, grounting the joints with cement morter and filling the sides of the pit with excavated earth, cost of rope and other materials and T&P required including cost and conveyance of all materials and all incidental & operational, labour charges like mixing cement morter, curing etc., complete for finished item of work as per instructions of the Engineer-in-charge.",10 Sqm
"SUPPLYING AND LAYING non skid CERAMIC TILES of best quality having uniform colour of approved make and texture Ist class of size NOT LESS THAN 300X300 for FLOORING set in CM 1:8 Pro. (1cement:8sand) of 12mm thick including neat cement slurry of honey like consistancy spread at 3.3Kg/sqm and joints pointed with white cement paste to full depth mixed with pigment of matching shade all leads and lifts all incidental, operational charges, curing, mixing, seigniorage cost and conveyance of all labour and materials at site of work complete as directed by the Engineer-in-charge.",10.85 m²
"Construction of man hole chamber of size 4.57 X 4.57m (inner dimensions) including earth work excavation to a depth of 0.3m, PCC 1:4:8 Prop. To a height of 0.1m, brick masonary walls in CM 1:6 Prop. Of width 0.23m alround man hole chamber, PCC 1:2:4 prop. of 0.05m height for chanelling, providing outside plastering in CM 1:6 Prop. of 20mm thick and inside & bottom plastering in CM 1:3 Prop. 12mm thick including cost and conveyance of all labour and materials at site of work complete as directed by the Engineer-in-charge.",1 Cum
"Colour washing two coats to walls of approved colour and quality including cost of gum, salt, gunji and water, labour charges for preparing and cleaning the surface and dirt with soap and brushes including putty cost, cost and conveyance of all labour and materials at site of work complete as directed by the Engineer-in-Charge.",1 Cum
"2 Earth work Excavation in all kinds of soils, wet or dry such as clay, hard clay, black cotton soils, red earth, morrum, gravel etc., in loose and slushy conditions, except rock requiring, blastering for foundation of man holes including bailing out water (pumping out water if necessary) with necessary site clearance, marking out temporary stepping, sloping, shoring, strutting, sectioning, tamping as directed with an initial lead of 10mts. and lift of 3mts., complete as directed by the Engineer-in-Charge.",1 Cum
"Earth work Excavation in all kinds of soils, wet or dry such as clay, hard clay, black cotton soils, red earth, morrum, gravel etc., in loose and slushy conditions, except rock requiring, blastering for foundation of man holes including bailing out water (pumping out water if necessary) with necessary site clearance, marking out temporary stepping, sloping, shoring, strutting, sectioning, tamping as directed with an initial lead of 10mts. and lift of 3mts., complete as directed by the Engineer-in-Charge.",1 Cum
"Cement plastering to walls in CM 1:6 Prop (1cement: 6Sand) of 20mm thick including cleaning the surface, cost of curing, scaffolding, lift, all incidental, seignorage and operational charges, cost and conveyance of all labour and materials at site of work complete as directed by the Engineer-in-C.",1 Sqm
"Cement plastering to walls in CM 1: 6 Prop (1cement: 6Sand) of 12mm thick including cleaning the surface, cost of curing, scaffolding, lift, all incidental, seignorage and operational charges, cost and conveyance of all labour and materials at site of work complete as directed by the Engineer-in-C.",1 Sqm
"Providing and Laying plain cement concrete 1:2:4 Pro. (1 cement:2sand:4metal) using 20mm gauge hard granite machine crushed metal conforming to IS 383-1970 for BED blacks including machine mixing, depositing in position, ramming, finishing, curing including all incidental operational and seigniorage charges cost and conveyance of all labour and materials at site of work complete as directed by the Engineer-in-Charge.",10 Sqm
"Supply, fabrication and errection of purlins made with MS box type section of size 50 X 50 X 2.9mm at 5.5Kg/1Rm including cost of end plates of size 160 X 70X6mm 2 Nos. & cost of 10mm dia bolts and nuts 4 Nos. cost of one coat red oxide primer and two coats of alluminium paint transportation charges hire charges of T&P including seigniorage charges cost and conveyance of all labour and materials at site of work complete as directed by the Engineer-in-Charge.",10 Sqm
"Supply & fixing of prepainted galvalume trapezoidal profile roofing sheets with 0.50mm thickness, coating : Alu Zink coating AZ 150 GSM, tensile strength : 550MPA. Paint coating : regular modified polyster painting. Painting thickness (top) : 18 to 20 microns, (bottom) : 5 to 7 microns. Sheet width - 1.020 Mts., length : maximum 12Mts. with regular range colours including scaffolding charges, cost and conveyance of all labour and materials at site of work complete as directed by the Engineer-in-Charge.",1 Sqm
"Painting with exterior emulsion paint two coats to walls with approved colour and quality Over primary coat total three coats including labour charges for thoroughly brushing the surface to remove all dirt and remains of loose powdered materials including putty cost and conveyance of all labour, materials and incidental such as scaffolding, lift charges etc., complete for finished item of work as directed by the Engineer-in-Charge.",1 Rm
"Painting with interior emulsion paint two coats to walls with approved colour and quality Over primary coat total three coats including labour charges for thoroughly brushing the surface to remove all dirt and remains of loose powdered materials including putty cost and conveyance of all labour, materials and incidental such as scaffolding, lift charges etc., complete for finished item of work as directed by the Engineer-in-Charge.",1 Rm
"Supply of Double charged/multi chargaed statin free full body porcelain vitrified tiles with double layer pigment of size 600 X 600 mm and thickness between 8-10 mm and 1st quality having uniform colour of approved make and texture conforming to IS 13711, IS 13712, IS 13630 (Part 1 to 15) any colour and finish in all shades & first quality make for FLOORING set in C.M 1 : 8 Pro. (1cement : 8 sand) 12mm thick and laid with line and level using cement slurry at 3.30 kgs per square metre of area and pointing the joints with white cement mixed with coloured pigment to match with colour of tile including cost of all materials, labour charges, lead charges, seigniorage charges, incidental and operational charges, curing and celaning etc., at site of work complete as directed by the Engineer-in-charge.",1 Rm
"Supply of Double charged/multi charged stain free full body porcelain vitrified tiles with double layer pigment of size 600 X 600mm and thickness between 8-10 mmm and 1st quality conforming to IS : 13711, IS : 13712, IS : 13630 (Parts 1 to 15) any colour and finish in all shades & 1st quality make Johnson endura or equivalent make as approved by Department and of approved colour and texture for SKIRTING set in C.M 1 : 5 Pro. (1cement : 5 sand) 12mm thick and and laid with line and level using cement slurry at 3:30 kgs per square metre of area and pointing the joints with white cement mixed with coloured pigment to match with colour of tile including cost of all materials, labour charges, leads charges, seigniorage charges, incidental and operational charges, curing and cleaning etc., at site or work complete as directed by the Engineer-in-charges.",1 Rm
"Removing/chiselling the brick masonary wall with 0.125 width and disposing the debris to a far off distance, all incidental and operational charges, cost and conveyance of all labour and materials at site of work complete as directed by the Engineer-in-Charge.",1 Rm
"Cutting of holes in brick masonry including hire charges of drilling machine, crew charges and finishing the same including cost and conveyance of all labour and materials at site of work complete as directed by the Engineer-in-charge.",
Supply & fixing of European Water Closet of Ist quality confirming to IS - 2556-Par-II-1973 of white glazed with 'P' trap with best Indian make plastic seat and lid with rubber or plastic buffers as per IS-2548-1996 including cost and conveyance of all labour and materials at site of work complete as directed.,
Supply & fixing of 12.70 mm NP pillar cock Indian make heavy duty including cost and conveyance of all labour and materials at site of work complete as directed.,
"Supply & fixing of bib cock cum health faucet with 1mt. Long tube & wall hook of jaguar continental series, chrome finish with 7 years warranty including cost and conveyance of all labour and materials at site of work complete as directed.",
Supply & fixing of TV shape mirror with plastic frame of size 609.6mm X 457.20mm including cost and conveyance of all labour and materials at site of work complete as directed by the Engineer-in-charge.,1 Rm
Supply & fixng NP soap dish heavy duty type with NP screws including cost and conveyance of all labour and mateirals at site of work complete as directed by the Engineer-in-Charge.,1 Rm
Supply & fixing of 19.04mm dia & 609.6mm long alluminium anodized towel rod with brackets and alluminium screws including cost and conveyance of all labour and materials at site of work complete as directed by the Engineer-in-charge.,1 Rm
"Construction of 457.2mm X 457.2mm (1'6"" X 1'6"") brick masonary inspection chamber as per IS - 4111 part-I 1986 with cement morter 1:6 Prop. Using second class clay bricks of 225mm thick from approved source having a minimum crushing strength of 10N / Sqmm including plastering with cement mortor 1:3 Prop. 1/2"" thick both inside & outside fitted with light weight 900 mm X 900 mm and 64 mm RCC cover with required reinforcement and its fabrication including excavation pits upto a depth of 914.40mm (3'0"") in all sorts of soils (excluding rock) and laying cement concrete (1:4:8) 100mm thick using 40mm HBG metal and PCC (1:2:4) benching & channel 100mm thick as per standard specification and including cost and coveyance of all materials like cement, sand, bricks, water etc., to site cost of seigniorage charges of all materials and all incidental and operational, labour charges like mixing cement morter, constructing masonary, curing etc., complete for finished item of work as per standard specification as directed by the Engineer-in-charge.",1 Rm
Supply & fixing of following CPVC pipes / specials to meet the requirement of ASTM - D 2846 and are produced in CTS (Copper tube sizes) 41.30mm OD Ashirvad flow guard SDR 13.50 pipes are made from idential CPVC compounds having the same physical properties for hot & cold water (IS 15778 - 2007) including cost and conveyance of all labour and materials at site of work complete as directed. 22.20mmø to 15.00mmø CPVC Reducer 22.20mmø CPVC FTA brass threaded 28.60 mm OD CPVC pipe SDR 13.50 28.60mmø to 15.00mmø CPVC Reducer 28.60mmø CPVC FTA brass threaded,1 Rm
"Supply, fixing and commissioning the following PVC pipes including couplers / bends / tees etc., including fixing necessary fittings like bends, plugs, couplers, junctions, tees etc., with solvent joining as per standard practice including cost and conveyance of all labour and materials at site of work complete as directed by the Engineer-in-charge. 110mm PVC/SWR pipe of 4kg/Sqcm. 4"" dia nahany trap with CP jali",1 Rm
"2 Engaging of excavator(JCB) for earth work excavation providing earthen drain, disposing the debries to far away from the site, including cost and convinance of all labour and materials, oil charges, transportation charges etc., complete as directed by the Engineer - in-charge. Leveling the surrounding at EE's & Dy.EE (Eletrical) compound wall",10 Cum
"Dismantling of damaged brick masonary in cement morter and stacking the useful material for reuse and disposing the debris to a far off distance, all incidental and operational charges, cost and conveyance of all labour and materials at site of work complete as directed by the Engineer-in-Charge. Compound wall Infront of EE's office Brick pillars Infront of EE's office Compound wall Infront of Dy.EE (Eletrical) office Gate pillar at Dy.EE (Eletrical) office",10 Cum
"Earth work Excavation in all kinds of soils, wet or dry such as clay, hard clay, black cotton soils, red earth, morrum, gravel etc., in loose and slushy conditions, except rock requiring, blastering for foundation of man holes including bailing out water (pumping out water if necessary) with necessary site clearance, marking out temporary stepping, sloping, shoring, strutting, sectioning, tamping as directed with an initial lead of 10mts. and lift of 3mts., complete as directed by the Engineer-in-Charge. Gate pillar at Dy.EE (Eletrical) office",1 Cum
"Cement plastering to walls in CM 1:5 Prop (1cement: 5Sand) of 20mm thick including cleaning the surface, cost of curing, scaffolding, lift, all incidental, seignorage and operational charges, cost and conveyance of all labour and materials at site of work complete as directed by the E-in-C.",1 Cum
Colour washing two coats to new walls over one coat of white wash total 3 coats cost and conveyance of all labour and materials at site of work complete as directed by the Engineer - In - Charge.,1 Cum
2 Scruping to wall with caustic soda with water cleaning with wire brushes including Hocking with Hocking Hammer including removing the existing delay/ destroyed painting including hire charges of tools and plants etc complete.,10 Sqm
Scruping to wall with caustic soda with water cleaning with wire brushes including Hocking with Hocking Hammer including removing the existing delay/ destroyed painting including hire charges of tools and plants etc complete.,10 Sqm
Providing primary coat to walls in single coat with approved quality including labour charges for preparing and cleaning the surface cost and conveyance of all labour and materials at site of work complete as directed by the Engineer-in-Charge.,10 Sqm
Providing putty to Internal wall two coats to approved quality including labour charges for preparing and cleaning of all the surface including cost and conyance of all labour and materials at site of work complete.,10 Sqm
"Painting with interior emulsion paint two coats to walls with approved colour and quality including one coat of primer total three coats and labour charges for thoroughly brushing the surface to remove all dirt and remains of loose powdered materials including putty cost and conveyance of all labour, materials and incidental such as scaffolding, lift charges etc., complete for finished item of work as directed by the Engineer-in-Charge.",10 Sqm
Engaging of labour to cleaning the surface and set right the tables etc.,
"2 Earth work Excavation in all kinds of soils with a lead of 10mts. and lift of 2mts including operational charges cost and conveyance of all labour and materials etc., complete as directed by the Engineer-in-Charge.",1 Cum
"Earth work Excavation in all kinds of soils with a lead of 10mts. and lift of 2mts including operational charges cost and conveyance of all labour and materials etc., complete as directed by the Engineer-in-Charge.",1 Cum
Supply and filling of sand including watering consolidation cost and conveyance of all labour and materials etc at site of work complete,1 Cum
Providing and laying PCC 1:3:6 for column foundations and bed of flooring using 40mm gauge machine crushed hard granite BSS metal including all incidental operational charges cost & conveyance of all labour and materials at site of work complete as directed by the engineer in charge,1m²
"Providing Brick masonry with solid cement bricks in CM 1:4 for wall foundations including all incidental operation charges cost & conveyance of all labour and materials etc., complete as directed by the engineer in charge",1 Cum
Providing RCC 1:2:4 prop of M20 grade using 20mm gauge BSS hard granite machine crushed mateal including mixing centering laying compacting vibratin all incidental operational charges cost and conveyance of all labour and materials at site of work complete as directed by the E-in-C.,16 nos
"Supply Fabrication & placing of steel as per the structural drawings including cost of steel & binding wire including all incidental operational charges etc., complete",1.30 m³
S & F of 110 mm dia PVC pipe for vent pipe / pipes are sudhakar/phnolex and any ISI mark pipe,1 Cum
Providing PCC 1:2:4 using 20mm gaugue BSS hard granite metal for flooring,10 Cum
Impervious coat in CM 1:3 20mm thick duly mixing impervious compound as per the directions of company including all operational charges cost & conveyance of all labour and material at site of work complete as directed by the engineer in charge Surface of inlet & outlet chambers,10 Cum
"Transportation of excavated soils and disposing with in a distance if 0-3 km including loading, unloading, idle hire charges of truck including cost and conveyance of all etc complete",
2 Removing damaged PVC sintex tank and removing the relevent UPVC water pipe all including cost and conveyance of all labour and materials at site of work complete.as directed by the Engineer In Charge.,
Removing damaged PVC sintex tank and removing the relevent UPVC water pipe all including cost and conveyance of all labour and materials at site of work complete.as directed by the Engineer In Charge.,
Supply of polyethylene water storage tank triple layer roto moulded confirming to IS 12701 approved brand & manufacture with suitable cap/cover and suitable locking arrengement and making necessary holes for inlet & outlet and over flow pipes but without fittings & base support for tanks,1 Rm
Fixing of polyethylene water storage tank with revelent pipes including cost and conveyance of all labour and materials at site of work complete,1 Rm
Supply and fixing CPVC tank nipples and including cost and conveyance of all labour and materials at site of work complete,1 Rm
"Supply &fixing of CPVC pipes and specials including cost and conveyance of all labour and materials at site of work complete 1"" dia/28.60 mm OD 13.5 SDR Pipe",1 Rm
Supply & fixing of 25mm Gunmetal (GM) ball valve of zolota make heavy duty including cost and conveyance of all labour and materials at site of work complete as directed. On EE's & Dy.EE's office terrace,
2 Cutting of slab cracks with power cutting machine including cost of blade and apply brush bond AR and cleaning with power air blower and cleaning cracks with wire brushes and applying brush bond AR including cost and conveyance of all labour and materials at site of work complete as directed by Engineer in charge 2nd floor terrace RM's office top Cantilever portion of RM's office vertical cracks DM's office Nellore-II depot top,1 Rm
Cutting of slab cracks with power cutting machine including cost of blade and apply brush bond AR and cleaning with power air blower and cleaning cracks with wire brushes and applying brush bond AR including cost and conveyance of all labour and materials at site of work complete as directed by Engineer in charge 2nd floor terrace RM's office top Cantilever portion of RM's office vertical cracks DM's office Nellore-II depot top,1 Rm
"Removing & refixing of CPVC 1"" & 1½""Ø pipe line including cost and conveyance of all labour and materials at site of work complete as directed by Engineer in charge",1 Cum
"Supply & fixing 1""Ø CPVC pipe line including cost and conveyance of all labour and materials at site of work complete as directed by Engineer in charge",18.90 m²
Supply & fixing 110mmØ SWR down taken pipes with Elbow including cost and conveyance of all labour and materials at site of work complete as directed by Engineer in charge,18.90 m²
"Labour charges for removing of brick masonry pillars in cement motor and stacking useful material for reuse and disposing the debris to a far off distance, all incidental and operational charges, cost and conveyance of all labour and materials at site of work complete as directed by the Engineer-in-Charge.",18.90 m²
"Providing impervious plastering over roof slab in CM 1:3 Prop (1cement: 3Sand) of 20mm thick including cost of impervious compound and labour charges for applying cement slurry to the surface before plastering, cleaning the surface, cost of curing, scaffolding, lift, all incidental, seignorage and operational charges, cost and conveyance of all labour and materials at site of work complete as directed by the E-in-C. DM's office Nellore-II depot top",1 Cum
"Providing and laying of 3mm thick APP modified bitumen membrane treatment to the terrace duly cleaning the surface from dirt, dust and other contaminations and application of one coat of bitumen primer, providing and laying 3mm thick APP modified bitumen membrane with 100 mm over lap margin and fixing with bitumen torch etc., complete as ditected by the Engineer-In-charge. (Make Dr.Fixit Torch shield/Asian and APP). 2nd floor terrace cantilever portion R M's office + DM's Nellore-2 office",1 Cum
"2 Removing of RR masonary wall in cement morter and stacking the useful material for reuse and disposing the debris to a far off distance, all incidental and operational charges, cost and conveyance of all labour and materials at site of work complete as directed by the Engineer-in-Charge.",1 Cum
"Removing of RR masonary wall in cement morter and stacking the useful material for reuse and disposing the debris to a far off distance, all incidental and operational charges, cost and conveyance of all labour and materials at site of work complete as directed by the Engineer-in-Charge.",1 Cum
"Removing of damaged plain cement concrete and disposing the debris to a far off distance, all incidental and operational charges, cost and conveyance of all labour and materials at site of work complete as directed by the Engineer-in-Charge. Inside of engine room along C'wall side",1 Cum
"Providing plain Cement Concrete (1:3:6) using 70% of 40mm gauge hard granite machine crushed metal and 30% of 20mm gauge hard granite machine crushed metal including labour charges for machine mixing, centering, laying concrete, compacting, vibrating, rendering, fine finishing, curing, conforming to IS 456-1978 including all incidental, operational, scaffolding and seigniorage charges, cost and conveyance of all materials and labour, at site of work complete (excluding cost of steel, binding wire and its fabrication) as directed by the Engineer-in-Charge. Inside of engine room along C'wall side",10 Sqm
"Cement plastering to walls in CM 1:3 Prop (1cement: 3Sand) of 20mm thick including cleaning the surface, cost of curing, scaffolding, lift, all incidental, seignorage and operational charges, cost and conveyance of all labour and materials at site of work complete as directed by the E-in-C. Inside of engine room along C'wall side",1 Cum
"2 Removing of damaged plain cement concrete and disposing the debris to a far off distance, all incidental and operational charges, cost and conveyance of all labour and materials at site of work complete as directed by the Engineer-in-Charge.",1 Cum
"Providing plain Cement Concrete (1:2:4) using 330 kgs of cement with a minimum strength of M20 grade using 20mm gauge hard granite machine crushed metal including labour charges for machine mixing, centering, laying concrete, compacting, vibrating, rendering, fine finishing, curing, conforming to IS 456-1978 including all incidental, operational, scaffolding and seigniorage charges, cost and conveyance of all materials and labour, at site of work complete (excluding cost of steel, binding wire and its fabrication) as directed by the Engineer-in-Charge. Gap between drain wall & cargo shed",10 Sqm
"Cement plastering to walls in CM 1: 5 Prop (1cement: 5Sand) of 12mm thick including cleaning the surface, cost of curing, scaffolding, lift, all incidental, seignorage and operational charges, cost and conveyance of all labour and materials at site of work complete as directed by the Engineer-in-C.",1 Cum
"Cutting of holes in brick masonary including hire charges of driling machine, crew charges and finishing the same including cost and conveyance of all labour and mateirals at site of work complete as directed by the Engineer-in-Charge.(BMW- I - 46)",1 Cum
"Transportation of dismantled material to a distance of 5.00 Km. away from site including loading, unloading cost and conveyance of all labour and materials at site of work complete as directed by the Engineer-in-Charge.",1 Cum
"2 Engaging of excavator(JCB) for earth work excavation/ removing of heaps/ debries and disposing the debries to far away from the site, including cost and conveyance of all labour and material, oil charges, transportation charges etc.., complete as directed by the Engaging the (JCB) for leveling the yard jungle clearence at back side of the vaccant site",10 cum
"Engaging of excavator(JCB) for earth work excavation/ removing of heaps/ debries and disposing the debries to far away from the site, including cost and conveyance of all labour and material, oil charges, transportation charges etc.., complete as directed by the Engaging the (JCB) for leveling the yard jungle clearence at back side of the vaccant site",10 cum
"Earth work Excavation in all kinds of soils, wet or dry such as clay, hard clay, black cotton soils, red earth, morrum, gravel etc., in loose and slushy conditions, except rock requiring, blastering for foundation of man holes including bailing out water (pumping out water if necessary) with necessary site clearance, marking out temporary stepping, sloping, shoring, strutting, sectioning, tamping as directed with an initial lead of 10mts. and lift of 3mts., complete as directed by the Engineer-in-Charge. Cross wall between supervisor & gents toilets Under internal walls for gents bath rooms",1 cum
"Supply & filling of sand in foundation and basement including watering, compacting all incidental and operational charges, seignorage charges etc., cost and conveyance of all labour and materials at site of work complete as directed by the Engineer-in-Charge. Cross wall between supervisor & gents toilets Under internal walls in gents bath rooms For basement filling in supervisor & gents toilets For basement filling in gents toilet passage For basement filling in supervisor toilet passage",1 cum
"Providing and Laying plain cement concrete 1:4:8 Pro. (1 cement:4sand:8metal) using 40mm gauge hard granite machine crushed metal conforming to IS 383-1970 in foundation and for BED of flooring including machine mixing, depositing in position, ramming, finishing, curing including all incidental operational and seigniorage charges cost and conveyance of all labour and materials at site of work complete as directed by the Engineer-in-Charge. Cross wall between supervisor & gents toilets Under internal walls for bath room For basement filling in supervisor & gents toilets For basement filling gents toilet passage For basement filling in supervisor toilet passage",1 cum
"RR Stone masonry with granite variety in super structure for any thickness of wall in CM 1:8 (1cement:8sand) including cutting of stone all incidental, operational, seignorage charges, curing charges,cost and conveyance of all labour and materials, at site of work complete as directed by the Engineer-in-charge. Cross wall between supervisor & gents toilets internal walls in gents bath room",1 cum
"PROVIDING REINFORCED CEMENT CONCRETE using 330 kgs of cement with a minimum strength of M20 grade using 20mm gauge hard granite machine crushed metal including labour charges for machine mixing, centering, laying concrete, compacting, vibrating, rendering, fine finishing, curing, conforming to IS 456-1978 including all incidental, operational, scaffolding and seigniorage charges, cost and conveyance of all materials and labour, at site of work complete (excluding cost of steel, binding wire and its fabrication) as directed by the Engineer-in-Charge. Cross wall between supervisor & gents toilets internal walls in gents bath room Chajjas for over main doors 2"" to 2 1/2"" thickness",1 sqm
"Brick masonry with 2nd class bricks having a minimum crushing strength of 40 Kgs/Sqm as per IS 1077-1976 in super structure for any thickness of wall in CM 1:8 (1cement:8sand) including soaking of bricks, all incidental, operational, seignorage charges, scaffolding, lift, curing charges, cost and conveyance of all labour and materials, at site of work complete as directed by the Engineer-in-charge. Basement for all round building",1 cum
"Reinforced Brick masonry with second class bricks having a minimum crushing strength of 40Kg/sqcm as per IS-1077-1976 in CM 1:4 Prop (1cement:4sand) in superstructure for 4 1/2"" thick walls including soaking of bricks, curing and all incidental, oprational, seignorage charges, scaffolding and lift charges, cost and conveyance of all labour and materials at site of work complete as directed by the Engineer-in-Charge. Cross wall between supervisor & gents toilets Internal walls in gents bath room",1 Rm
"Supply, fabrication and errection of purlins made with MS box type section of size 72X72X3.20mm at 6.71Kg/1Rm including cost of end plates of size 160X70X6mm 2 Nos. & cost of 10mm dia bolts and nuts 4 Nos. cost of one coat red oxide primer and two coats of alluminium paint transportation charges hire charges of T&P including seigniorage charges cost and conveyance of all labour and materials at site of work complete as directed by the Engineer-in-Charge.",1 Rm
"Supply, fabrication and errection of Rafters 3.05mts. Length using structural steel box sections of YST 210 grade confirming to IS - 4923 - 1997 of size 60X60X3.2mm @ 5.5Kg/M as per design and drawing and painting all structural members with red oxide paint including cost of bolts, nuts, screws, washers etc., including cost and conveyance of all materials at site of work, all labour charges, welding, fabrication, errection and scaffolding charges, lift charges, complete as directed by the Engineer-in-Charge.",1 sqm
Supply & fixing of cement concrete Jallies of 40mm thick as per design approved by the Engineer-in-charge including cost and conveyance of all labour and materials at site of work complete as directed by the Engineer-in-Charge.,1 sqm
"Providing and fixing factory made solid Wood Polymer Composite (WPC) single extruded Door Frame section of size with encapsulation of 8MM rigid layer on all the six surfaces. The door frame will have a rebat of 32MM. Door Frame section of 45x90 MM . The two Vertical members are to be joined together with the horizontal member using 8x60 MM long MS Star full thread screws to be used with reverse forward speed control hand drilling machine. The ready/assembled door frame is fixed to the wall using hold fast or bolt fasteners. A minimum of 4 No.s of screws to be provided for each vertical member & minimum 2no.s for horizontal member including cost of labour, hire charges of required T&P all incidential and operational charges cost and conveyance of all llabour and materials at site of work etc., complete as directed by the Engineer-in-charge. Frame for toilet and Bath rooms",1 sqm
"Providing and fixing 28 -30 MM thick solid Wood Polymer Composite(WPC) single extruded door shutter with 3MM top and bottom rigid layer with an overall density of 750kg/Cum.including fixing of necessary fixtures like 2nos of 125mm Alu. handles, 2no. of 200mm Alu. aldrop, 2 Nos of 150mm Alu. tower bolt, 4 Nos. of 150mm MS hinges and 6 Nos of MS hold fasts, inlcuding cost of labour, hire charges of required T&P all incidential and operational charges cost and conveyance of all labour and materials at site of work etc., complete as directed by the Engineer in charge.",1 sqm
"Cement plastering to walls in CM 1: 6 Prop (1cement: 6Sand) of 12mm thick including cleaning the surface, cost of curing, scaffolding, lift, all incidental, seignorage and operational charges, cost and conveyance of all labour and materials at site of work complete as directed by the Engineer-in-C. All round supervisor & gents toilets Center wall in gents toilet 4 1/2"" wall Center wall in supervisor toilet 4 1/2"" wall Inside of gents toilet passage U shape Inside of supervior toilet passage U shape",10 sqm
"Cement plastering to walls in CM 1:6 Prop (1cement: 6Sand) of 20mm thick including cleaning the surface, cost of curing, scaffolding, lift, all incidental, seignorage and operational charges, cost and conveyance of all labour and materials at site of work complete as directed by the E-in-C.",1 Rm
"SUPPLYING AND LAYING CERAMIC TILES of best quality having uniform colour of approved make and texture Ist class of size NOT LESS THAN 300x450/300X200/245X325mm for SKIRTING/Wall Cladding set in CM 1:3 Pro. (1cement:3sand) of 12mm thick including neat cement slurry of honey like consistancy spread at 3.3Kg/sqm and joints pointed with white cement paste to full depth mixed with pigment of matching shade all leads and lifts all incidental, operational charges, curing, mixing, seigniorage cost and conveyance of all labour and materials at site of work complete as directed by the Engineer-in-charge. Gents and ladies toilet all round Center wall in gents toilet 4 1/2"" wall Center wall in supervisor toilet 4 1/2"" wall Inside of gents toilet passage U shape Inside of supervisor toilet passage U shape",1 sqm
"Supply, fixing and commissioning the following PVC / SWR specials and fixing with solvent joining as per standard practice including cost and conveyance of all labour and materials at site of work complete as directed by the Engineer-in-charge. 110mm SWR/PVC pipe 6 kg/sqcm any ISI mark company Toilet outside manhole to manhole",1Rm
Supply & fixing of following CPVC pipes / specials to meet the requirement of ASTM - D 2846 and are produced in CTS (Copper tube sizes) 41.30mm OD Ashirvad flow guard SDR 13.50 pipes are made from idential CPVC compounds having the same physical properties for hot & cold water (IS 15778 - 2007) including cost and conveyance of all labour and materials at site of work complete as directed. Outside of toilet to sintex tank 22.20mm to 15.90mm reducer Elbow,1 Rm
"Supply & fixing of European Water Closet of Ist quality confirming to IS - 2556-Par-II-1973 of white glazed with 'P' trap with best Indian make plastic seat and lid with rubber or plastic buffers as per IS-2548-1996 and including 10lts capacity of PVC water tank with low level system, dual flush, internal components and short bend, cost of 12.70 mm PVC connection, 12.70mm NP angle stop cock, including cost and conveyance of all labour and materials at site of work complete as directed.",
"Supply and Fixing of 580.00 mm (23"") long i.e. 580mm x 440mm Orissa pan of white colour and make parryware/neycer/HSW confirming to IS 2556-part-3-1981 with necessary ""p"" or ""s"" trap in brick masonary seat/bed suitable for Indian WC and cement concrete squatting plate in PCC 1:2:4 as per standard practice with brick masonary in CM 1:4 Prop. (1cement:4sand) using bricks having minimum crushing strength of 40kg/Sqcm. as per IS 1077-1976 including necessary 20mm thick plastering in CM (1:4) prop. and soaking of bricks, curing, including all incidental and operational, seigniorage charges etc., Including cost and conveyance of all labour and materials at site of work complete as directed by the E-in-C.",
Supply & fixing of (flush tank)PVC low level system with internal components & short bend 10Lts. Capacity single flush including cost and conveyance of all labour and materials at site of work complete as directed.,
Supply & fixing of 12.70mm CP BIB Tap Indian make heavy duty including including cost and conveyance of all labour and materials at site of work complete as directed.,
"Supply & fixing of bib cock cum PVC health faucet with 1mt. Long tube & wall hook of jaguar continental series, chrome finish including cost and conveyance of all labour and materials at site of work complete as directed.",
Supply & fixing of angle stop cock 12.70mm dia Ist quality Indian make heavy duty including cost and conveyance of all labour and materials at site of work complete as directed.,
"Supply & fixing of white glazed flat back urinal bowls of size 590mmX375mmX390mm with internal flushing Rim fixed with screws confirming to IS - 2556 - 1995 with standard CP spreader of overall size 95X95X57mm, including PVC connections, N.P push and stop cock, 38.10mm PVC waste pipe etc., including cost and conveyance of all materials, labour charges etc., complete as directed by the Engineer-in-charge.",
"Supply and fixing of 4"" or 110mm Nahani trap (with Jally & floor trap) PVC / SWR including boxing in brick masonary including cost and conveyance of all labour and materials at site of work complete as directed.",10 sqm
Supply & fixing of 20mm Gunmetal (GM) gate valve of zolota make heavy duty including cost and conveyance of all labour and materials at site of work complete as directed.,10 sqm
Supply & fixing of 25mm Gunmetal (GM) gate valve of zolota make heavy duty including cost and conveyance of all labour and materials at site of work complete as directed.,1 cum
"Supply & fixing Indian make Flat Back Wash Hand Basin Ist quality conforming to IS : 2556-Part-4:1972 with waste fittings like rubber plug, chain 32 mm nominal size C.P. Fitting with parallel pipe thread conforming to IS : 2963-1979 and fitted with 15mm nominal bore chromium plated pillar Tap of Ist quality Indian make 400 grams Seiko / Senior / Nice / Esso or equivalent complete including 12.70mm PVC connection, 12.70mm angle stop cock, 31.70mm PVC flexigel waste water pipe or equivalent with standard CI brackets including wooden block : 550 X 400mm including cost and conveyance of all labour and materials at site of work complete as directed by the Engineer-in-charge.",1 cum
"cutting of holes brick masonary including hire charges og drilling machine, crew charges and finishing the same including cost and conveyance of all labour and materials at site of work complete as directed by the Engineer - In - Charge.",1 cum
"Painting with exterior emulsion paint two coats, one coat of primary to walls with approved colour and quality including labour charges for thoroughly brushing the surface to remove all dirt and remains of loose powdered materials including putty cost and conveyance of all labour, materials and incidental such as scaffolding, lift charges etc., complete for finished item of work as directed by the Engineer-in-Charge.",1 cum
"2 Removing of damaged brick masonry in cement motor and stacking useful material for reuse and disposing the debris to a far off distance, all incidental and operational charges, cost and conveyance of all labour and materials at site of work complete as directed by the Engineer-in-Charge.",10 cum
"Removing of damaged brick masonry in cement motor and stacking useful material for reuse and disposing the debris to a far off distance, all incidental and operational charges, cost and conveyance of all labour and materials at site of work complete as directed by the Engineer-in-Charge.",10 cum
"Removing of R.R Masonary in cement motor and stacking useful material for reuse and disposing the debris to a far off distance, all incidental and operational charges, cost and conveyance of all labour and materials at site of work complete as directed by the Engineer-in-Charge.",1m³
"Labour charges for removing of 40'0"" to 60'0"" height of trees 6'0"" to 10'0"" stem and removing the tree roots by using electrical sawing maching, ropes are to be used for removing of tree branches and tree stems, cost of diesel/petrol for cutting electrical sawing mechine, hire charges of ladder and ropes cost and conveyance of all labour and materials etc., complete as directed by the Engineer-in-Charge.",1 cum
"Providing and Laying plain cement concrete 1:3:6 Pro. (1 cement:3sand:6metal) using 40mm gauge hard granite machine crushed metal conforming to IS 383-1970 in foundation and for BED of flooring including machine mixing, depositing in position, ramming, finishing, curing including all incidental operational and seigniorage charges cost and conveyance of all labour and materials at site of work complete as directed by the Engineer-in-Charge.",1m³
"Providing barbed wire fencing on compound wall with 40X40X6mm MS angle of 4'0"" length at 12'0"" center to center and providing SWG barbed wire 6 Nos. horizontals & 2 Nos. diagonals including cost of GI wire for tying the barbed wire and making holes in brick masonary for fixing of MS angle including cost of PCC 1:2:4 Prop. of size 0.23X0.23X0.23Mts. complete as directed by the Engineer-in-charge.",1Rm
Supply & fixing 6''ø PVC/SWR Pipe 6.00 kg/Rm cost and conveyance of all labour and materials at site of work complete as directed by the Engineer-In-charge.,1Rm
Supply & fixing of following CPVC pipes / specials to meet the requirement of ASTM - D 2846 and are produced in CTS (Copper tube sizes) 41.30mm OD Ashirvad flow guard SDR 13.50 pipes are made from idential CPVC compounds having the same physical properties for hot & cold water (IS 15778 - 2007) including cost and conveyance of all labour and materials at site of work complete as directed.,12 Nos
"Supply, fixing and commissioning the following PVC / SWR specials and fixing with solvent joining as per standard practice including cost and conveyance of all labour and materials at site of work complete as directed by the Engineer-in-charge.",1 Cum
"2 Providing and laying of 3mm thick APP modified bitumen membrane treatment to the terrace duly cleaning the surface from dirt, dust and other contaminations and application of one coat of bitumen primer, providing and laying 3mm thick APP modified bitumen membrane with 100 mm over lap margin and fixing with bitumen torch etc., complete as ditected by the Engineer-In-charge. (Make Dr.Fixit Torch shield/Asian and APP). Structural repairs by providing Haunching to the corner of terrace and parapet wall to arrest leakages duly chipping with pneumatic power chiselling equipment and until to achieve the hard mother concrete surface. Duly removing of debris, cleaning of the surface from dirt and other foreign matter & water jet cleaning, applying styrene butadine rubber based bonding agent for motor/concrete (mix 1:1 ration of cement) agent complies with ASTM D 4541/BSEN 12390 applying high strength cement concerete flooring of 50mm thick average with CC (1:1.5:3) Prop. using 12mm down graded hard granite machine crushed metal mixing with concrete repair Admixtures and water reducing admixture 1 to 2 liters per bag of 50kg of cement including mixing, depositing, finishing in line, level and required slope cost of curing, cost of construction chemicals, all incidental, operational, seigniorage charges, cost and conveyance of all labour and materials at site of work complete as directed by the Engineer-in-charge.",136.35 Sqm
"Providing and laying of 3mm thick APP modified bitumen membrane treatment to the terrace duly cleaning the surface from dirt, dust and other contaminations and application of one coat of bitumen primer, providing and laying 3mm thick APP modified bitumen membrane with 100 mm over lap margin and fixing with bitumen torch etc., complete as ditected by the Engineer-In-charge. (Make Dr.Fixit Torch shield/Asian and APP). Structural repairs by providing Haunching to the corner of terrace and parapet wall to arrest leakages duly chipping with pneumatic power chiselling equipment and until to achieve the hard mother concrete surface. Duly removing of debris, cleaning of the surface from dirt and other foreign matter & water jet cleaning, applying styrene butadine rubber based bonding agent for motor/concrete (mix 1:1 ration of cement) agent complies with ASTM D 4541/BSEN 12390 applying high strength cement concerete flooring of 50mm thick average with CC (1:1.5:3) Prop. using 12mm down graded hard granite machine crushed metal mixing with concrete repair Admixtures and water reducing admixture 1 to 2 liters per bag of 50kg of cement including mixing, depositing, finishing in line, level and required slope cost of curing, cost of construction chemicals, all incidental, operational, seigniorage charges, cost and conveyance of all labour and materials at site of work complete as directed by the Engineer-in-charge.",136.35 Sqm
"2 Structural repairs by providing Haunching to the corner of terrace and parapet wall to arrest leakages duly chipping with pneumatic power chiselling equipment and until to achieve the hard mother concrete surface. Duly removing of debris, cleaning of the surface from dirt and other foreign matter & water jet cleaning, applying styrene butadine rubber based bonding agent for motor/concrete (mix 1:1 ration of cement) agent complies with ASTM D 4541/BSEN 12390 applying high strength cement concerete flooring of 50mm thick average with CC (1:1.5:3) Prop. using 12mm down graded hard granite machine crushed metal mixing with concrete repair Admixtures and water reducing admixture 1 to 2 liters per bag of 50kg of cement including mixing, depositing, finishing in line, level and required slope cost of curing, cost of construction chemicals, all incidental, operational, seigniorage charges, cost and conveyance of all labour and materials at site of work complete as directed by the Engineer-in-charge.",1 Sqm
"Structural repairs by providing Haunching to the corner of terrace and parapet wall to arrest leakages duly chipping with pneumatic power chiselling equipment and until to achieve the hard mother concrete surface. Duly removing of debris, cleaning of the surface from dirt and other foreign matter & water jet cleaning, applying styrene butadine rubber based bonding agent for motor/concrete (mix 1:1 ration of cement) agent complies with ASTM D 4541/BSEN 12390 applying high strength cement concerete flooring of 50mm thick average with CC (1:1.5:3) Prop. using 12mm down graded hard granite machine crushed metal mixing with concrete repair Admixtures and water reducing admixture 1 to 2 liters per bag of 50kg of cement including mixing, depositing, finishing in line, level and required slope cost of curing, cost of construction chemicals, all incidental, operational, seigniorage charges, cost and conveyance of all labour and materials at site of work complete as directed by the Engineer-in-charge.",1 Sqm
"Supply of FOSROCK nito bond RFX liquid 5 lts & 15 kgs of powder bag including transportation charges, loading & unloading charges all including cost and conveyance of all labour and materials at site of work complete.",1 Sqm
Labour charges for applying chemicals for arresting leakage two coats to binding wall including labour charges for thoroughtly brushing the surface to remove all dirt and remains of loose powereded materials including putty cost and conveyance of all labour and materials at site of work complete.,1 Sqm
"Digging of pipe line side 3.00 mts and trench 2'x2'x3' infront of WM's office and checking the damaged pipe line and removing a damaged GI pipe 1""Ø including cutting with axe of frame and fixing 1""Ø GI dummy and refilling the execavated soil after completion of refixing of water GI pipe line - etc.,",
"2 Supply, fabrication and errection of truss made with MS box type section of size 38X38X2.60mm @2.75Kg/Rm as top, bottom and internal vertical members made with 32X32X2mm @ 1.8Kg/1Rm with MS plates of size 160X70X6mm - 3 Nos. welded to the top truss members with making necessary 10mm holes and bolts with washers and where stanchions are to be fixed with MS plates of size 350X150X10mm top-2Nos, bottom-2 Nos with necessary 16mm dia holes and bolts with washers- 4Nos fixing of top stiffners plate size 175X100X12mm-2Nos at end of truss and bottom stiffner plate size 200x100x10mm-2Nos including cost of 12mm dia holes and bolts with washers - 4 Nos including hire charges of all T & P, cost of one coat red oxide primer and two coat of enamel paint, including transportation charges, seigniorage charges, scafolding charges cost and conveyance of all labour and materials at site of work complete as directed by the Engineer-in-Charge. For extension of shed cantilever",1 sqm
"2 Removing of damaged brick masonry in cement motor and stacking useful material for reuse and disposing the debris to a far off distance, all incidental and operational charges, cost and conveyance of all labour and materials at site of work complete as directed by the Engineer-in-Charge. Record room parapet wall 3 sides",16 nos
"Removing of damaged brick masonry in cement motor and stacking useful material for reuse and disposing the debris to a far off distance, all incidental and operational charges, cost and conveyance of all labour and materials at site of work complete as directed by the Engineer-in-Charge. Record room parapet wall 3 sides",16 nos
"Labour charges for cutting of holes in brick masonry for fixing of 2 1/2""ø MS pipes and finishing the same including cost and conveyance of all labour and materials at site of work complete as directed by the E-in-C.",1 Rm
"Labour charges for fixing of Departmental 60.30mm OD MS pipe including cutting welding and fixing in position, scoffolding charges and hire charges of T&P including cost and conveyance of all labour and materials at site of work complete. Supply and fixing of 60.30mm ODMS pipe at 5.10 kgs/1RM including cutting, welding, fabrication, fixing in position, scaffolding charges, hire charges of T&P, cost and conveyance of all labour and materials at site of work complete as directed by the Engineer-in-charge. 60.30mm OD MS pipe (over long wall) 76.10mm OD MS pipe (over short wall)",1 Cum
"Providing plain Cement Concrete (1:2:4) using 330 kgs of cement with a minimum strength of M20 grade using 20mm gauge hard granite machine crushed metal including labour charges for machine mixing, centering, laying concrete, compacting, vibrating, rendering, fine finishing, curing, conforming to IS 456-1978 including all incidental, operational, scaffolding and seigniorage charges, cost and conveyance of all materials and labour, at site of work complete (excluding cost of steel, binding wire and its fabrication) as directed by the Engineer-in-Charge. Cement plastering to walls in CM 1: 5 Prop (1cement: 5Sand) of 12mm thick including cleaning the surface, cost of curing, scaffolding, lift, all incidental, seignorage and operational charges, cost and conveyance of all labour and materials at site of work complete as directed by the Engineer-in-C. Out side of Record room long wall below galvalume sheet Short walls below galvalume sheet Inside of Record room long wall below galvalume sheet Short walls below galvalume sheet",1 Sqm
"Cement plastering to walls in CM 1: 5 Prop (1cement: 5Sand) of 12mm thick including cleaning the surface, cost of curing, scaffolding, lift, all incidental, seignorage and operational charges, cost and conveyance of all labour and materials at site of work complete as directed by the Engineer-in-C. Out side of Record room long wall below galvalume sheet Short walls below galvalume sheet Inside of Record room long wall below galvalume sheet Short walls below galvalume sheet",1 Rm
"Providing & Fixing thermocole false ceiling in true horizontal level 600mm X 600mm using 19mm thick thermocole sheet anodised alluminium 'T' sections of size 24.50mm X 24.00mm X 2.4mm in grid with cross 'T' of size 24X24.5mm at every 600mm center to center and anodised alluminium wall angle of size 24X24mm fixed to periphery of the wall and the above grid is suspended at every 1200mm center to center in both directions using 2.00mm thick GI wire for finished of size 600X600mm including cost and conveyance of all labour and materials such as cutting, fixing of stending of frame work exposing roof making complete for finished item of work. Construction of binding wall in brick masonry in CM 1:6 Prop.to a thickness of 1' 1/2"" X 0' 9"" and cement plastering to sides in CM 1:6 Prop. 1/2"" thick including scaffolding, lift charges, seigniorage charges including cost and conveyance of all labour and materials at site work complete as directed by the Engineer-in-Charge.",10 Sqm
"Colour washing two coats to walls of approved colour and quality including cost of gum, salt, gunji and water, labour charges for preparing and cleaning the surface and dirt with soap and brushes including putty cost, cost and conveyance of all labour and materials at site of work complete as directed by the Engineer-in-Charge. Binding wall alround inside & top",10 Sqm
"White washing two coats to walls including cost of gum, gunjee water labour charges for thoroughly brushing the surface to remove all dirt and remains of loose powdered materials including putty, cost and conveyance of all labour, materials and incidental such as scaffolding, lift charges for finished item of work as directed by the Engineer-in-Charge.",10 Sqm
"Painting two coats to old wood work with best variety synthetic enamel paint of approved colour and quality, labour charges for thoroughly brushing the surface to remove all dirt and remains of loose powdered materials, cost of brushes including cost and conveyance of all labour and materials at site of work complete with necessary scaffolding complete as directed by the Engineer-in-Charge.",10 Sqm
"2 Painting with interior emulsion paint two coats to walls with approved colour and quality including labour charges for thoroughly brushing the surface to remove all dirt and remains of loose powdered materials including cost and conveyance of all labour, materials and incidental such as scaffolding, lift charges etc., complete for finished item of work as directed by the Engineer-in-Charge. first floor",
"Painting with interior emulsion paint two coats to walls with approved colour and quality including labour charges for thoroughly brushing the surface to remove all dirt and remains of loose powdered materials including cost and conveyance of all labour, materials and incidental such as scaffolding, lift charges etc., complete for finished item of work as directed by the Engineer-in-Charge. first floor",
"Painting with exterior emulsion paint two coats to walls with approved colour and quality including labour charges for thoroughly brushing the surface to remove all dirt and remains of loose powdered materials including cost and conveyance of all labour, materials and incidental such as scaffolding, lift charges etc., complete for finished item of work as directed by the Engineer-in-Charge.First floor Deduction Chairmen front main door",10m²
"Painting with sythentic enamel paint one coats to old walls with approved colour and quality including labour charges for thoroughly brushing the surface to remove all dirt and remains of loose powdered materials including cost and conveyance of all labour, materials and incidental such as scaffolding, lift charges etc., complete for finished item of work as directed by the Engineer-in-Charge.First floor Dy CAO office door side right wall security room side main sloped wall",
"Painting two coat to old walls with best variety synthetic enamel paint of approved colour and quality, preparing and cleaning the surface and dirt, cost of brushes scaffolding charges including putty, cost and conveyance of all labour and materials at site of work complete as directed by the Engineer-in-Charge.",10m²
Suply and fixing of roller blinds of required size including aluminium shaft of top and bottom with necessary rolers and cloth of approved colour and quality including fixing in position for smooth operation cost and cvonveyance of all labour and materials at site of work complete as directed by the E-In-Charge.,
Labour charges for fixing of departmental blinds of required size including aluminium shaft of top and bottom with necessary departmental rolars and cloth including fixing in position for smooth operation cost and cvonveyance of all labour and materials at site of work complete as directed by the E-In-Charge.,
Supply and fixing of godrej aluminium door closer with fixing of necessary screws and adjecement with trails for smooth functioning cost and cvonveyance of all labour and materials at site of work complete as directed by the E-In-Charge.,
Supply and fixing of chaimen main door cartons of size 0.90 x 2.10 including cost and cvonveyance of all labour and materials at site of work complete as directed by the E-In-Charge.,
Removing and refixing of departmental doors 4No's of size 0.90 x 2.10 M / 0.80 x 1.80M with using necessary screws and MS hinges 5'' long to rapirs the doors shutters troughping and refixing line and lengh. And repairs the sofa sets legs 2No's including cost and cvonveyance of all labour and materials at site of work complete as directed by the E-In-Charge. Depot - 2 manager chamber main door,
"Supply and laying PVC enail flooring mat of 1.30 mm thick and cutting required shape and cleaning the existing surface cleaning 3 times entaire area by using necessary wire brushes,iron blads and wooden brushes.Before laying mat applying entair floor area with fevicol SR bond 2 coats and than fixing the mat and rolling the wooden rollers and form the flooring nitly and regtly including cost and cvonveyance of all labour and materials at site of work complete as directed by the E-In-Charge.",
Supply of mason and manmazdoors to repairs wall patches and steps patches ground floor on first floor and chairmen room out side excluding cost of cement and sand including cost and cvonveyance of all labour and materials at site of work complete as directed by the E-In-Charge.,
"2 Earth work Excavation in all kinds of soils, wet or dry such as clay, hard clay, black cotton soils, red earth, morrum, gravel etc., in loose and slushy conditions, except rock requiring, blastering for foundation of man holes including bailing out water (pumping out water if necessary) with necessary site clearance, marking out temporary stepping, sloping, shoring, strutting, sectioning, tamping as directed with an initial lead of 10mts. and lift of 3mts., complete as directed by the Engineer-in-Charge. Under vertical poles front side of scooter stand Under vertical poles back side of scooter stand",1Rm
"Earth work Excavation in all kinds of soils, wet or dry such as clay, hard clay, black cotton soils, red earth, morrum, gravel etc., in loose and slushy conditions, except rock requiring, blastering for foundation of man holes including bailing out water (pumping out water if necessary) with necessary site clearance, marking out temporary stepping, sloping, shoring, strutting, sectioning, tamping as directed with an initial lead of 10mts. and lift of 3mts., complete as directed by the Engineer-in-Charge. Under vertical poles front side of scooter stand Under vertical poles back side of scooter stand",1Rm
"Providing and Laying plain cement concrete 1:4:8 Pro. (1 cement:4sand:8metal) using 40mm HBG gauge hard granite machine crushed metal conforming to IS 383-1970 in foundation and for BED including machine mixing, depositing in position, ramming, finishing, curing including all incidental operational and seigniorage charges cost and conveyance of all labour and materials at site of work complete as directed by the Engineer-in-Charge. Under poles for foundation - front and back of scooter stand",1 Rm
Supply and fixing MS OD Tubular pipes/square pipe including welding cleat top 100x50x6mm thick cleat plate including necessary bolts and nuts welding cleat to pipe top on cantilever for fixing purlins and rafters and including one coat of primer and two coat of synethetic enamel paint including cost and conveyance of all labour and materials at site of work complete as directed by the Engineer-in- Charge. 60.30mm OD MS Tubular vertical poles 48.30mm OD MS square pipe purlins,1 Rm
"Providing plain Cement Concrete (1:2:4) using 330 kgs of cement with a minimum strength of M20 grade using 20mm gauge hard granite machine crushed metal including labour charges for machine mixing, centering, laying concrete, compacting, vibrating, rendering, fine finishing, curing, conforming to IS 456-1978 including all incidental, operational, scaffolding and seigniorage charges, cost and conveyance of all materials and labour, at site of work complete (excluding cost of steel, binding wire and its fabrication) as directed by the Engineer-in-Charge. Under poles bellow ground level",10 sqm
"Cement plastering to walls in CM 1: 5 Prop (1cement: 5Sand) of 20mm thick including cleaning the surface, cost of curing, scaffolding, lift, all incidental, seignorage and operational charges, cost and conveyance of all labour and materials at site of work complete as directed by the Engineer-in-C.",1 Sqm
"Supply and fixing of Galvalume sheet for roofing including cost of 'J' - bolts, cost of washers, nuts, cost and conveyance of all labour, materials all incidental such as scaffolding, lift charges for finished item of work as directed by the Engineer-in-Charge.",1m³
Supply and filling of sand in basement consolidation as for standed including cost and conveyance of all labour and materials at site of work complete.,1m³
"Brick masonry with 2nd class bricks having a minimum crushing strength of 40 Kgs/Sqm as per IS 1077-1976 in super structure for any thickness of wall in CM 1:8 (1cement:8sand) including soaking of bricks, all incidental, operational, seignorage charges, scaffolding, lift, curing charges, cost and conveyance of all labour and materials, at site of work complete as directed by the Engineer-in-charge. All round scooter stand long wall Add seiginorage charges + adjesment charges",1m³
"2 Painting with interior emulsion paint two coats to walls with approved colour and quality including labour charges for thoroughly brushing the surface to remove all dirt and remains of loose powdered materials including cost and conveyance of all labour, materials and incidental such as scaffolding, lift charges etc., complete for finished item of work as directed by the Engineer-in-Charge.",10 sqm
"Painting with interior emulsion paint two coats to walls with approved colour and quality including labour charges for thoroughly brushing the surface to remove all dirt and remains of loose powdered materials including cost and conveyance of all labour, materials and incidental such as scaffolding, lift charges etc., complete for finished item of work as directed by the Engineer-in-Charge.",10 sqm
"Painting with exterior emulsion paint two coats to walls with approved colour and quality including labour charges for thoroughly brushing the surface to remove all dirt and remains of loose powdered materials including cost and conveyance of all labour, materials and incidental such as scaffolding, lift charges etc., complete for finished item of work as directed by the Engineer-in-Charge. Deduction Chairmen front main door",10 sqm
"Painting two coats to old walls with best variety synthetic enamel paint of approved colour and quality, preparing and cleaning the surface and dirt, cost of brushes scaffolding charges including putty, cost and conveyance of all labour and materials at site of work complete as directed by the Engineer-in-Charge. Dy CAO office door side right wall security room side main sloped wall",
"Cement plastering to walls in CM 1: 6 Prop (1cement: 6Sand) of 20mm thick including cleaning the surface, cost of curing, scaffolding, lift, all incidental, seignorage and operational charges, cost and conveyance of all labour and materials at site of work complete as directed by the Engineer-in-C.",1m²
"Supply, fabrication and errection of purlins made with MS box type section of size 50X50X2.9mm at 5.5Kg/1Rm including cost of end plates of size 160X70X6mm 2 Nos. & cost of 10mm dia bolts and nuts 4 Nos. cost of one coat red oxide primer and two coats of alluminium paint transportation charges hire charges of T&P including seigniorage charges cost and conveyance of all labour and materials at site of work complete as directed by the Engineer-in-Charge.",10 Sqm
"cutting of holes in brick masonry including hire charges of drilling machine, crew charges and finishing the same including cost and conveyance of all labour and materials at site of work complete as directed by the Engineer-in-charge.",
Supply & fixing of European Water Closet of Ist quality confirming to IS - 2556-Par-II-1973 of white glazed with 'P' trap with best Indian make plastic seat and lid with rubber or plastic buffers as per IS-2548-1996 including cost and conveyance of all labour and materials at site of work complete as directed. including fixing of flush tank 10lts capacity and 12.70mm big tank t way system etc.,
Supply & fixing of 12.70 mm NP bib cock Indian make heavy duty including cost and conveyance of all labour and materials at site of work complete as directed.,
"Providing 4'0"" dia Leach pit for 6'0"" depth using RCC pre cast rings of 4'0"" dia 7Nos. and providing RCC pre cast cover, 110mm dia SWR vent pipe for 10'0"" length including earth work excavation, cost and transportation of the rings and cover to the site, grounting the joints with cement morter and filling the sides of the pit with excavated earth, cost of rope and other materials and T&P required including cost and conveyance of all materials and all incidental & operational, labour charges like mixing cement morter, curing etc., complete for finished item of work as per instructions of the Engineer-in-charge.",12 Rm
"Transportation of dismantled material to a distance of 1.00 Km. away from site including loading, unloading cost and cnveyance of all labour and materials at site of work complete as directed by the Engineer-in-Charge.",1 m³
"2 Structural repairs to the celling of RCC slab duly chipping with pneumatic power chiselling equipment and until to achive the hard mother concrete, cleaning the surface ,cleaning of steel reinforcement with sand paper and Iron brushes for removing of rust,applying Anti corresive paint of FOSROCK make,applying bonding agent of FOAROCK make, strengthening the celling with C.C.1:1.5:3 pro using 6 mm down graded HGMC metal 40 mm thick average thickness using construction chemicals and redoing the ceilling with cement plastering 6 mm thick in C.M 1:3 & 1:5 pro with neat finish, including curing, scaffolding arrangement at different places, cost of construction chemucal all incidental, operational,seignorage charges, cost and conveyance of all labour and materials at site of work complete.(G.F) Celling west side in daining room Structural columns south west corner",
"Structural repairs to the celling of RCC slab duly chipping with pneumatic power chiselling equipment and until to achive the hard mother concrete, cleaning the surface ,cleaning of steel reinforcement with sand paper and Iron brushes for removing of rust,applying Anti corresive paint of FOSROCK make,applying bonding agent of FOAROCK make, strengthening the celling with C.C.1:1.5:3 pro using 6 mm down graded HGMC metal 40 mm thick average thickness using construction chemicals and redoing the ceilling with cement plastering 6 mm thick in C.M 1:3 & 1:5 pro with neat finish, including curing, scaffolding arrangement at different places, cost of construction chemucal all incidental, operational,seignorage charges, cost and conveyance of all labour and materials at site of work complete.(G.F) Celling west side in daining room Structural columns south west corner",1Sqm
"Removing of damaged doors & windows and stacking the useful material for reuse and disposing the debris to a far off distance,all incidental and operational charges cost and conveyance of all labour and materials all site oof work complete.",1 cum
"Removing of damaged floor tiles and disposing the debris tto a far off distance, all incidental and operational charges,cost and conveyance of all labour and materials at site of work complete. Deduction of big pillars of dining tables Deduction of small pillars of dining tables",1 sqm
"Removing of damaged flooring concrete and disposing the debris to a far of distance, all incidental operational charges,cost and conveyance of all labour and materials at site of work complete. Deduction of big pillars of dining tables Deduction of small pillars of dining tables",1 sqm
"Removing /chiselling the brick masonary walls cracks enthier wall and disposing the debris to a far off distance, all incidental and operational charges cost and conveyance of all labour and materials at site of work complete. North side of dining hall outside Basement of dining hall frontside",1 cum
"Providing and Laying plain cement concrete 1:5:10 Pro. (1 cement:5sand:10metal) using 40mm gauge hard granite machine crushed metal conforming to IS 383-1970 in foundation and for BED of flooring including machine mixing, depositing in position, ramming, finishing, curing including all incidental operational and seigniorage charges cost and conveyance of all labour and materials at site of work complete as directed by the Engineer-in-Charge. Deduction of big pillars of dining tables Deduction of small pillars of dining tables",1 cum
"Bricks masonary with brick for any thickness of walls in C.M 1:6pro.(1cement:6sand)including soaking of brick all incidental, operational, scaffolding,curing chargecost and conveyance of all labour and material at site of work complete as directed by the Engineer-in-charge (ground floor upto a height of 12'0""",1m³
"Supply of Double charged/multi chargaed statin free full body porcelain vitrified tiles with double layer pigment of size 600 X 600 mm and thickness between 8-10 mm and 1st quality having uniform colour of approved make and texture conforming to IS 13711, IS 13712, IS 13630 (Part 1 to 15) any colour and finish in all shades & first quality make for FLOORING set in C.M 1 : 8 Pro. (1cement : 8 sand) 12mm thick and laid with line and level using cement slurry at 3.30 kgs per square metre of area and pointing the joints with white cement mixed with coloured pigment to match with colour of tile including cost of all materials, labour charges, lead charges, seigniorage charges, incidental and operational charges, curing and celaning etc., at site of work complete as directed by the Engineer-in-charge. Deduction of big pillars of dining tables Deduction of small pillars of dining tables",1 sqm
"Providing and fixing factory made solid wood polymer coposite (WPC) single extrcted door frame section of size with encapsulation of BMM rigid layer on all the six surface the adoor frame will have a rabat of 32 mm door frame section of 45 x 90 mm the two vertical members are to be joined together with the horizental member using 8 x 60 mm long star full thread screws to be used with reverse forward speed control hand drilling machine the ready/ assembled door frame is fixed to the wall using hold fast or bolt fasteners A alluminium of 4No's of screws to be provided for each vertical member & minimum 2 no's for horizental member including cost of labour, hire charges of required T&P all incidental and operational cahrges cost and conveyance of all labour and materials at site of work complete as directed by the E-in-C.",1Sqm
"Providing and fixing 28-30 mm thick solid wood polymer composite (WPC) single extructed door shutter with 3 mm top and bottom rigid layer with on overall density of 750 kg/cum.including fixing of necessary fixtures like 2No's of 125 mm alu. Handles 2No's of 200 mm alu. aldrop 2No's of 150 mm . alu tower bolt 4No's of 150mm MS hinges and 6No's of MS hold fasts including cost of labour,hire charges of required T&P all incidental and operational charges cost and conveyance of all labour and materials at site of work complete as directed by the E-in-C.",10 m²
"Providing primer paint to walls of any paint of approved quality colour and quality on exising surface primary coat including labour charges for thoroughly brushing the surface to remove all dirt and remains of loose powdered materials including cost and conveyance of all labour, materials and incidental such as scaffolding, lift charges etc., complete for finished item of work as directed by the Engineer-in-Charge.",10 m²
"Painting with interior emulsion two coats to walls with approved colour and quality on exising primary coat including labour charges for thoroughly brushing the surface to remove all dirt and remains of loose powdered materials including cost and conveyance of all labour, materials and incidental such as scaffolding, lift charges etc., complete for finished item of work as directed by the Engineer-in-Charge. Add garrage side vertical drops",10 sqm
"Painting with exterior emulsion paint two coats to walls with approved colour and quality including labour charges for thoroughly brushing the surface to remove all dirt and remains of loose powdered materials including cost and conveyance of all labour, materials and incidental such as scaffolding, lift charges etc., complete for finished item of work as directed by the Engineer-in-Charge.",10m²
"Painting two coat walls with best variety synthetic enamel paint of approved colour and quality, preparing and cleaning the surface and dirt, cost of brushes scaffolding charges including putty, cost and conveyance of all labour and materials at site of work complete as directed by the Engineer-in-Charge.",10 sqm
"Supplying & Fixing indian makeflat back wash hand basin 1st quality conforming to IS:2556-part-4: 1972 with waste fittings like rubber plug, chain, 32 mm nominal size C.P. Fitting with parallel pipe thread conforming to IS:2963-1979 and fitted with 15mm nominal bore chromium Plated Pillar tap of 1st quality indian make 400grams seiko/senior/nice/Esso or equivalent complete with standard CI brackets including wooden block: 660 x 460 mm- Single C.P Pillar cock SSR No. 2023-24 item code BMW-D.21",1 Rm
"Supply and fixing fo alluminum sliding window powder coated channel frame of size 45.20 X 35 mm @ 0.414 kg/mt and shutter section 37.50 X 20.50 mm @ 0.369 kg/mt 5mm thick colour glass including cost of locking allowyent, rubber beading, weather stopper, roller silicon scalut, including cost and conyenance of all labour and material at site of work complete.",1 Rm
"Supply & Fixing CPVC/PVC pipes & accessories including cost and conveyance of all labour and materials at site of work complete as directed by the Engineer-in-Charge. (a) 22.20 mm CPVC OD pipe SDR 13.50 (g) Removing of 1"" dia old GI pipe",1 Rm
"Transportation of dismantled material to a distance of 5.00 Km. away from site including loading, unloading cost and cnveyance of all labour and materials at site of work complete as directed by the Engineer-in-Charge. Debries at site waste materials",1 cum
"2 Providing and laying of 3mm thick APP modified bitumen membrane treatment to the terrace duly cleaning the surface from dirt, dust and other contaminations and application of one coat of bitumen primer, providing and laying 3mm thick APP modified bitumen membrane with 100 mm over lap margin and fixing with bitumen torch etc., complete as ditected by the Engineer-In-charge. (Make Dr.Fixit Torch shield/Asian and APP). Back pillars allround and center middle pillar Cutting of CC 20 mm thick metal, including hire charges for heavy drilling machine cable and disposing the debris to a far off distance,all incidental and operational charges, cost and conveyance of all labour and materials at site of work complete as directed by the Engineer in charge.",
"Providing and laying of 3mm thick APP modified bitumen membrane treatment to the terrace duly cleaning the surface from dirt, dust and other contaminations and application of one coat of bitumen primer, providing and laying 3mm thick APP modified bitumen membrane with 100 mm over lap margin and fixing with bitumen torch etc., complete as ditected by the Engineer-In-charge. (Make Dr.Fixit Torch shield/Asian and APP). Back pillars allround and center middle pillar Cutting of CC 20 mm thick metal, including hire charges for heavy drilling machine cable and disposing the debris to a far off distance,all incidental and operational charges, cost and conveyance of all labour and materials at site of work complete as directed by the Engineer in charge.",
"2 Cutting of CC 20 mm thick metal, including hire charges for heavy drilling machine cable and disposing the debris to a far off distance,all incidental and operational charges, cost and conveyance of all labour and materials at site of work complete as directed by the Engineer in charge.",10m³
"Cutting of CC 20 mm thick metal, including hire charges for heavy drilling machine cable and disposing the debris to a far off distance,all incidental and operational charges, cost and conveyance of all labour and materials at site of work complete as directed by the Engineer in charge.",1m³
"PROVIDING REINFORCED CEMENT CONCRETE (1:2:4) using 330 kgs of cement with a minimum strength of M20 grade using 20mm gauge hard granite machine crushed metal including labour charges for machine mixing, centering, laying concrete, compacting, vibrating, rendering, fine finishing, curing, conforming to IS 456-1978 including all incidental, operational, scaffolding and seigniorage charges, cost and conveyance of all materials and labour, at site of work complete (excluding cost of steel, binding wire and its fabrication) as directed by the Engineer-in-Charge.",1Sqm
"Cement plastering to walls in CM 1:6 Prop (1cement: 6Sand) of 12mm thick including cleaning the surface, cost of curing, scaffolding, lift, all incidental, seigniorage and operational charges, cost and conveyance of all labour and materials at site of work complete as directed by the E-in-C.",10m²
Supply and fixing RCM 40 mm thick jally including cost and conveyance of all labour and materials at site of work complete. As directed by Engineer - In - Charge.,1Rm
Supply and fixing of 76.10 mm MS OD pipe including cost and conveyance of all labour and materials at site of work complete,1Rm
"Supply & fixing of prepainted galvalume sheet on roof top or R.O plant room profile roofing sheets with 0.50mm thickness, coating : Alu Zink coating AZ 150 GSM, tensile strength : 550MPA. Paint coating : regular modified polyster painting. Painting thickness (top) : 18 to 20 microns, (bottom) : 5 to 7 microns. Sheet width - 1.020 Mts., length : maximum 12Mts. with regular range colours including scaffolding charges, cost and conveyance of all labour and materials at site of work complete as directed by the Engineer-in-Charge.",1Rm
Supply and Fixing of polyethylene water storage tank with revelent pipes including cost and conveyance of all labour and materials at site of work complete,
Supply &fixing of CPVC pipes and specials including cost and conveyance of all labour and materials at site of work complete Saintex tank UPVC 1'' dia28.60 mm tank 1'' dia 28.60 mm OD 13.50 SBR pipe,
"Engaging of labour to removing the deparmental 60.30mm OD MS round pipe 4.14 kg/1RMT X 4.00mt X 4 nos =16.00Rm. 1Rm =4.14kgsx16 =66.24kg 66.24 kgs of Removing OD pipe Engaging of one skilled manmazdoor Fabrication & errection charges of 66.24kgs M C allowance 25.00% (2318.40x25.00%) Painting to 3 coats 3.142x0.06 =0.19sqm Refixing of departmental galvalume sheet for cladding including cost of screws, nuts,bolts and cleaning the debries away from the site and including cost of T&P, hire charges of all T&P etc, cost and conveyance of all labour and material at site of work complete. Labour charges for fixing of galvalume sheet cladding for cabin room in cargo shed Engaging of Helper MM(1st class) Hire charges of Welding machine + including hire charge for electrical wire Transportation of welding machine Tro&Pro 100+100 Cost of steel screws with washers & Nuts M C allowance on labour (a+b) 1518.75x25.00% Supply fabrication and errection of extension of purlins to a length of 0.35 mts and 0.80 mts using 49.50 x 49.50 x 2.90mm box section using neccassary. Cleat plate 160x50x6mm mild steel square tube of Y ST 22 grade with 7 nos + 1no =8 nos as per design and drawing including labour charges for cutting welding cost of welding rods, fabrication and rerrection one coat of red oxide zinc chromatic primer two coats of enamel paint of approved quality make and all including operational charges cost and conveyance of all labour and materials at site of work complete as directed by the E-in-C. Supply of MS square hallow steel pipe of size 49.50x49.50x2.90mm - weight- 4.07 kg/Rm 0.35mtx4.07kg= 1.42kg wastage 5.00% 0.07kg Supply of Cleat plate 160x50x6mm wastage 5.00% 0.02kg Fabrication + errection charges + Transportation loading & unloading charges Red oxide primer single coat + synthetic enamel paint 2 coats M c allowance on labour 25%x97.20 0.80 mts long MS square pipe of 49.50x49.50x2.09mm Supply of pipe cost of 49.50x49.50x2.09mm -weight-4.07kg/Rm wastage 5.00% 0.16kg Supply of cleat plate 160mmx50mmx6mm wastage 5.00% 0.19kg Supply cost of 49.50x49.50x2.90mm square pipe @4.07kg/Rm fabrication charges 3.42 + 396 =7.38kgs Painting one coat primary two coats enamel paint total 3 coats Supply, fabrication and placing of ISMB 150 mm @ 14.90 kg/Rm of 5.37 Rm length with 200x200x10 mm base plate with necessary drilling of holes, bolts, nuts, washer, gugsetplate, cleat angles of size 160 x 60 x 6 mm angle cleat etc including cost of redoxide priemer, zinc chromatic and two coats of synthetic enamel paint of approval quality and make cost and conveyance of all labour at site of work welding,fabrication ,errection and scaffolding charges etc.., complete cost of ISMB 5.37 x 14.90 kg/mt =80.01 wastage 5.00% 4.00",
"Labour charges for fixing of galvalume sheet cladding for cabin room in cargo shed Engaging of Helper MM(1st class) Hire charges of Welding machine + including hire charge for electrical wire Transportation of welding machine Tro&Pro 100+100 Cost of steel screws with washers & Nuts M C allowance on labour (a+b) 1518.75x25.00% Supply fabrication and errection of extension of purlins to a length of 0.35 mts and 0.80 mts using 49.50 x 49.50 x 2.90mm box section using neccassary. Cleat plate 160x50x6mm mild steel square tube of Y ST 22 grade with 7 nos + 1no =8 nos as per design and drawing including labour charges for cutting welding cost of welding rods, fabrication and rerrection one coat of red oxide zinc chromatic primer two coats of enamel paint of approved quality make and all including operational charges cost and conveyance of all labour and materials at site of work complete as directed by the E-in-C. Supply of MS square hallow steel pipe of size 49.50x49.50x2.90mm - weight- 4.07 kg/Rm 0.35mtx4.07kg= 1.42kg wastage 5.00% 0.07kg Supply of Cleat plate 160x50x6mm wastage 5.00% 0.02kg Fabrication + errection charges + Transportation loading & unloading charges Red oxide primer single coat + synthetic enamel paint 2 coats M c allowance on labour 25%x97.20 0.80 mts long MS square pipe of 49.50x49.50x2.09mm Supply of pipe cost of 49.50x49.50x2.09mm -weight-4.07kg/Rm wastage 5.00% 0.16kg Supply of cleat plate 160mmx50mmx6mm wastage 5.00% 0.19kg Supply cost of 49.50x49.50x2.90mm square pipe @4.07kg/Rm fabrication charges 3.42 + 396 =7.38kgs Painting one coat primary two coats enamel paint total 3 coats Supply, fabrication and placing of ISMB 150 mm @ 14.90 kg/Rm of 5.37 Rm length with 200x200x10 mm base plate with necessary drilling of holes, bolts, nuts, washer, gugsetplate, cleat angles of size 160 x 60 x 6 mm angle cleat etc including cost of redoxide priemer, zinc chromatic and two coats of synthetic enamel paint of approval quality and make cost and conveyance of all labour at site of work welding,fabrication ,errection and scaffolding charges etc.., complete cost of ISMB 5.37 x 14.90 kg/mt =80.01 wastage 5.00% 4.00",
"Supply fabrication and errection of extension of purlins to a length of 0.35 mts and 0.80 mts using 49.50 x 49.50 x 2.90mm box section using neccassary. Cleat plate 160x50x6mm mild steel square tube of Y ST 22 grade with 7 nos + 1no =8 nos as per design and drawing including labour charges for cutting welding cost of welding rods, fabrication and rerrection one coat of red oxide zinc chromatic primer two coats of enamel paint of approved quality make and all including operational charges cost and conveyance of all labour and materials at site of work complete as directed by the E-in-C. Supply of MS square hallow steel pipe of size 49.50x49.50x2.90mm - weight- 4.07 kg/Rm 0.35mtx4.07kg= 1.42kg wastage 5.00% 0.07kg Supply of Cleat plate 160x50x6mm wastage 5.00% 0.02kg Fabrication + errection charges + Transportation loading & unloading charges Red oxide primer single coat + synthetic enamel paint 2 coats M c allowance on labour 25%x97.20 0.80 mts long MS square pipe of 49.50x49.50x2.09mm Supply of pipe cost of 49.50x49.50x2.09mm -weight-4.07kg/Rm wastage 5.00% 0.16kg Supply of cleat plate 160mmx50mmx6mm wastage 5.00% 0.19kg Supply cost of 49.50x49.50x2.90mm square pipe @4.07kg/Rm fabrication charges 3.42 + 396 =7.38kgs Painting one coat primary two coats enamel paint total 3 coats Supply, fabrication and placing of ISMB 150 mm @ 14.90 kg/Rm of 5.37 Rm length with 200x200x10 mm base plate with necessary drilling of holes, bolts, nuts, washer, gugsetplate, cleat angles of size 160 x 60 x 6 mm angle cleat etc including cost of redoxide priemer, zinc chromatic and two coats of synthetic enamel paint of approval quality and make cost and conveyance of all labour at site of work welding,fabrication ,errection and scaffolding charges etc.., complete cost of ISMB 5.37 x 14.90 kg/mt =80.01 wastage 5.00% 4.00",
Fabrication charges + errection charges =80.01+8.54 =88.55kgs,
"One coat of zinc primer + two coats of synthetic enamel paint 5.37x0.62 =3.30sqm Cleat 5x0.16x0.06x2 =0.10sqm Supply, fabrication and errection of 80mmx40mmx4.00mm(Box Section)steel @ 5.71 kg/Rmt of with 200x200x10mm square tube of YST 22 grade base plate with necessary drilling of holes, bolts, nuts, washer, gugsetplate, cleat angles of size 160 x 60 x 6 mm 7 Nos angle web cleat and welding joint plate at end of the pipe for gabled portion of galvalume sheet laying the end plate of size 150mmx150mmx6mm 2 Nos including with necessary drilling of holes, bolts, nuts, washer of end plates etc.including cost of redoxide priemer, zinc chromatic and two coats of synthetic enamel paint of approval quality and make cost and conveyance of all labour at site of work welding,fabrication ,errection and scaffolding charges etc.., complete",
Cost of MS square pipe 80mmx40mmx4.00mm @ 5.71kg/Rm 6.54 Rm x 5.71 kg/Rm =37.34kgs wastage 5.00% 1.87,
Joint cleats with bolts 2 x 0.15x0.15x0.006x7850 =2.12kgs wastage 5.00% 0.74kgs,
Fabrication charges + errection charges =37.34+14.71kg =52.05kgs Add M C allowance 25.00% (2810.70x25.00%),
"One coat of zinc primer + two coats of synthetic enamel paint Pipe allround 6.54x0.24 =1.57sqm Plate 3x2x0.20x0.20 =0.24sqm Cleat 7x2x0.16x0.06 =0.13sqm Joint plates 2x2x0.15x0.15 =0.09sqm Supply, fabrication and errection of side basins in vertical support to a lenth 2.15 mt using 50mm x 25mm x 4mm @ 3.58kg/Rm as per design of steel square tubes of YST 22 grade including labour charges for cutting welding cost of welding rods, fabrication and errection one coat of red oxide zinc chromatic primer two coats of enamel paint of approved quality make and all including operational charges cost and conveyance of all labour and materials at site of work complete as directed by the E-in-C. Cost of MS square pipe of size 50mmx25mmx4mm @ 3.58kg/Rm x 2.15mt =7.70kgs Wastage 5.00% =0.39 Fabrication, errection charges & welding charges =7.70kgs Add M C allowance 25.00% (415.80x25.00%) One coat of zinc primer + two coats of synthetic enamel paint 2.15x0.15sqm =0.32sqm Supply, fabrication and errection of MS plate of size 25mmx12mm @ 2.36kg/Rm allround frame welding of size 0.60x0.60 mts at middle vertical rods 12mm square bars - 7 Nos and middle cross bars 12mm MS square bars are welded and side welded 12mm square rods pins - 0.06mm X 4 Nos including cutting, welding and painting red oxide zinc chromatic primer two coats of enamel paint of approved quality make and all including operational charges cost and conveyance of all labour and materials at site of work complete as directed by the E-in-C. DATA for 0.60mmX0.60mm MS plate Supply of MS plate 25mmx12mplate @ 2.36kg/Rm 2 X 0.60 =1.20Rm 2 X 0.55 =1.10Rm 2.30Rm x 2.36kg/Rm =5.43kgs Wastage 5.00% =0.27 9 Nos X 1.13X 0.55Rmt =5.59 kgs 4 pins X0.60 X1.13 =0.27 kgs Wastage 5.00% =0.29 Fibrication + errection charges steel grills 5.43 + 5.86 =11.29 kgs Add M C allowance 25.00% (609.66x25.00%) One coat of zinc primer + two coats of synthetic enamel paint 1x2x0.60x0.60 =0.72sqm Supply, fabrication and placing of ISMB 150 mm @ 14.90 kg/Rm of 1.40 Rm new ISMB 125mm departmental 3.97 mt length @ 13.00 kg/Rm the 'L' angle MS 2""x2""-6mm thick is welding contected with old and new ISMB. The base plate size 200x200x6mm 2Nos welding end of the ISMB and cleat plate of size 160x160x6mm welding on web ISMB 5Nos. The primary painting 1 coat redoxide paint, zinc chromatic and 2 coats syntheic enamel paint total 3 coats etc, and P.C.C. 1:2:4 of size 2x0.23x0.23x0.30 laying bed block on ISMB at ends in walls. including cost and conveyance of all labour at site of work welding,fabrication ,errection and scaffolding charges etc.., complete DATA for 150mm ISMB to a length 1.40mt + 3.97mt old departmental ISMB 1.40x14.90 kg/Rm =20.86kgs Wastage 5.00% =1.04 cost of L angle 0.10x0.006x1.00x7850 =0.4.71kg x 0.30mt =1.41kgs Base plate 0.20x0.20x0.006x2Nosx7850 =3.77kgs Wastage 5.00% =0.19 Cleat plates 5x0.16x0.16x0.006x7850 =6.03kgs Wastage 5.00% =0.30 6.33kgs+3.95kgs =10.28kgs Fabrication + erraction charges new ISMB + cleat plate + base plate 20.86+3.77+6.03 =30.66kgs Fabrication + erraction charges old ISMB 3.97mt @13.00kg/Rm Concrete bed block 1:2:4 - using 20mm 2x0.23x0.23x0.30 =0.03cum Paintings of 3 coats 5.37x0.62 =3.33sqm Add M C allowance 25.00% (1655.10+309.66x25.00%) Supply & fixing chainlink fenching 50mm x 50mm (or) 2""x2"" Hot dipped galvanized iron chainlink mesh 8 gauge (4.00mm) as per IS 2721-1979- 5'-0"" ht and vertical GI 2"" pole to pole 8'-0"" c/c Inner walls. Ie cutting of damaged c/c with power drilling machine and supply and cutting 2""Ø (or) 50mmØ GI pipe medium grade @3.00kgs/Rm including fixing in concrete PCC 1:2:4 using 20mm HBG machine broken metal including mixing and laying into the GI pipe arround for finishing neatly. The GI pipe Top providing dummy cap and welding and bottom 2""x2""-0.15 'L' angle welding for anchoring centre to centre chainlink vertical of 8'-0"" feet and 5'-0"" ht and including transportation charges and cutting charges, welding charges and painting to pipe allround one coat zinc cromatic primer and two coat synthetic enamel paint including cost of brushes and all labour and materials at site of work complete. Dismantling of CC pavement 2nos 2x0.23x0.23x0.60 = 0.06m³ Supply & cutting of 2""ø(or) 50mmø GI pipe length 7'-0""x2Nos 2x2.13Rm =4.26Rm Supply of 50mmx50mmx4mm @3.00kg/Rm 'L' angle 2x0.15Rm length x 3.00kg/Rm =0.90kgs GI 50mmø dummy cap =1No Supply of 50mmx50mm gauge hot dipped galvanized iron 1.00m² Wastage 5.00% =0.19m² Fabrication & welding charges+ fixing charges Chainlink fenching 3.72m²x@ 6.00kg/m² =22.32kgs GI pipe Medium weight 2x2.13Rm@5.03kg/Rm =21.43kgs PCC 1:2:4 using 20mm HBG mc metal 2x0.23x0.23x0.60 = 0.06m³ Labour charges for chainlink fenching fabrication + welding charges Painting to 3 coats to 2""ø GI pipe-π(0.05)x1.53x2 =0.48sqm Add M.C allowance 25.00% (1205.26+1157.22+48.60x25.00% Supply, fabrication and errection of truss made with MS box type section of size 38X38X2.60mm @2.75Kg/Rm as top, bottom and internal vertical members made with 32X32X2mm @ 1.8Kg/1Rm with MS plates of size 160X70X6mm - 3 Nos. welded to the top truss members with making necessary 10mm holes and bolts with washers and where stanchions are to be fixed with MS plates of size 350X150X10mm top-2Nos, bottom-2 Nos with necessary 16mm dia holes and bolts with washers- 4Nos fixing of bottom stiffners plate size 175X100X12mm-2Nos at end of truss and top stiffner plate size 200x100x10mm-2Nos including cost of 12mm dia holes and bolts with washers - 4 Nos including hire charges of all T & P, cost of one coat red oxide primer and two coat of enamel paint, including transportation charges, seigniorage charges, scafolding charges cost and conveyance of all labour and materials at site of work complete as directed by the Engineer-in-Charge.",
MS Box type section of size 38x38x2.60mm @2.75kg/Rm (ii)Bottom MS Box section length,
Vertical member of size 32x32x2.00mm @1.80kg/Rm 0.38 + 0.34 + 0.30 + 0.26 + 0.22 + 0.18 + 0.15 wastage 5.00% 0.11,
Fabrication charges + errection charges =25.13+2.11kg =27.24kgs,
One coat of zinc primer + two coats of synthetic enamel paint Pipe allround 4.57x0. =1.57sqm Plate 3x2x0.20x0.20 =0.24sqm Joint plates 2x2x0.15x0.15 =0.09sqm,
"Supply ,fabrication & erection of MS angles,trasportation of debris,finishing,etc",
"PROVIDING REINFORCED CEMENT CONCRETE using 330 kgs/cum of cement with a minimum strength of M20 grade using 20mm gauge hard granite machine crushed metal including labour charges for machine mixing, centering, laying concrete, compacting, vibrating, rendering, fine finishing, curing, conforming to IS 456-1978 including all incidental, operational, scaffolding and seigniorage charges, cost and conveyance of all materials and labour, at site of work complete (excluding cost of steel, binding wire and its fabrication) as directed by the Engineer-in-Charge.",1m³
"Brick masonry with 2nd class bricks having a minimum crushing strength of 40 Kgs/Sqm as per IS 1077-1976 in super structure for any thickness of wall in CM 1:8 (1cement:8sand) including soaking of bricks, all incidental, operational, seignorage charges, scaffolding, lift, curing charges, cost and conveyance of all labour and materials, at site of work complete as directed by the Engineer-in-charge. Deduction toilet and pooja doors",
"Reinforced Brick masonry with second class bricks having a minimum crushing strength of 40Kg/sqcm as per IS-1077-1976 in CM 1:4 Prop (1cement:4sand) in superstructure for 4 1/2"" thick walls including soaking of bricks, curing and all incidental, oprational, seignorage charges, scaffolding and lift charges, cost and conveyance of all labour and materials at site of work complete as directed by the Engineer-in-Charge.",10Sqm
"PLASTERING TO WALLS 20mm thick in CM 1:5 Prop. (1cement:5sand) 16mm thick Ist coat and 2nd coat in CM 1:3 Prop. (1cement:3sand) 4mm thick with DUBARA SPONGE finishing including cleaning the surface cost of curing, scaffolding all incidental seigniorae and operational charges cost and conveyance of all labour and materials at site of work complete as directed by the Engineer-in-Charge.",10Sqm
"PLASTERING TO WALLS 12mm thick in CM 1:5 Prop. (1cement:5sand) 16mm thick Ist coat and 2nd coat in CM 1:3 Prop. (1cement:3sand) 4mm thick with DUBARA SPONGE finishing including cleaning the surface cost of curing, scaffolding all incidental seigniorae and operational charges cost and conveyance of all labour and materials at site of work complete as directed by the Engineer-in-Charge. Deduction toilet and pooja room Deduction toilet and pooja room",10Sqm
"PLASTERING TO CEILING 12mm thick in CM 1:5Prop. (1cement:5sand) 9mm thick Ist coat and 2nd coat in CM 1:3 Prop. (1cement:3sand) 3mm thic with DUBARA SPONGE finishing including cleaning the surface cost of curing, scaffolding all incidental seigniorae and operational charges cost and conveyance of all labour and materials at site of work complete as directed by the Engineer-in-Charge.",1Sqm
"SUPPLYING AND LAYING CERAMIC TILES of best quality having uniform colour of approved make and texture Ist class of size NOT LESS THAN 300x450/300X200/245X325mm for SKIRTING/Wall Cladding set in CM 1:3 Pro. (1cement:3sand) of 12mm thick including neat cement slurry of honey like consistancy spread at 3.3Kg/sqm and joints pointed with white cement paste to full depth mixed with pigment of matching shade all leads and lifts all incidental, operational charges, curing, mixing, seigniorage cost and conveyance of all labour and materials at site of work complete as directed by the Engineer-in-charge.",1Sqm
"SUPPLYING AND LAYING CERAMIC TILES of best quality having uniform colour of approved make and texture Ist class of size NOT LESS THAN 300X300 for FLOORING set in CM 1:8 Pro. (1cement:8sand) of 12mm thick including neat cement slurry of honey like consistancy spread at 3.3Kg/sqm and joints pointed with white cement paste to full depth mixed with pigment of matching shade all leads and lifts all incidental, operational charges, curing, mixing, seigniorage cost and conveyance of all labour and materials at site of work complete as directed by the Engineer-in-charge.",1Sqm
"Providing & fixing 30mm thick SOLID PANEL PVC DOOR SHUTTER consisting of frame made out of 19gauge MS tube of 19mmX19mm for stiles, top and bottom rail, with a coat of primer of approved make. The MS. Frame shall be covered with 5mm thick heat moulded PVC 'C"" channel of size 30mmX50mm to forming stiles and 5mm thick, 75mm wide PVC sheets for the top, bottom and lock rails on either side and 20mm wide cross PVC sheet as gap insert for top rail and bottom rail, panelling of 10mm (+/-) (5mm+5mm) thick PVC sheet to be fitted in the MS. Frame welded / sealed to the stiles, on either side and joined together with solvent cement adhesive etc. An additional 5mm thick PVC strip of 20mm width is to be stuck on the interior side of the ""C"" channel using solvent cement, complete as per manufactuer's specification including seigniorage charges, cost and conveyance of all labour and materials at site of work complete as per direction of Engineer - in - Charge. Providing and fixing factory made solid Wood Polymer Composite (WPC) single extruded Door Frame section of size with encapsulation of 8MM rigid layer on all the six surfaces. The door frame will have a rebat of 32MM. Door Frame section of 45x90 MM . The two Vertical members are to be joined together with the horizontal member using 8x60 MM long MS Star full thread screws to be used with reverse forward speed control hand drilling machine. The ready/assembled door frame is fixed to the wall using hold fast or bolt fasteners. A minimum of 4 No.s of screws to be provided for each vertical member & minimum 2no.s for horizontal member including cost of labour, hire charges of required T&P all incidential and operational charges cost and conveyance of all llabour and materials at site of work etc., complete as directed by the Engineer-in-charge.",1M²
"Providing and fixing factory made solid Wood Polymer Composite (WPC) single extruded DOOR SHUTTER, the doore frame of size with encapsulation of 8MM rigid layer on all the six surfaces. The door frame will have a rebate of 32mm. Door Frame section of 45x75 mm The two Vertical members are to be joined together with the horizontal member using 8x50 mm long MS Star full thread screws to be used with reverse forward speed control hand drilling machine. The ready assembled door frame is fixed to the wall using hold fast or bolt fasteners. A minimum of 4 No.s of screws to be provided for each vertical member & minimum 2no.s for horizontal member including. Fixing 28 -30mm thick solid Wood Polymer Composite(WPC) single extruded door shutter with 3mm top and bottom rigid layer with an overall density of 750kg/Cum.including fixing of necessary fixtures of 2nos of 125mm Alu. long handles, 1no. of of 200mm long Alu. aldrop, 2 Nos of 150mm long Alu. towerbolts, 4 Nos. of 150mm long MS hinges inlcuding cost of labour, hire charges of required T&P all incidential and operational charges cost and conveyance of all labour and materials at site of work etc., complete as directed by the Engineer in charge.",1Rm
"Providing and fixing factory made solid Wood Polymer Composite (WPC) single extruded window Frame section of size with encapsulation of 8MM rigid layer on all the six surfaces. The door frame will have a rebat of 32MM. Door Frame section of 45x90 MM . The two Vertical members are to be joined together with the horizontal member using 8x60 MM long MS Star full thread screws to be used with reverse forward speed control hand drilling machine. The ready/assembled door frame is fixed to the wall using hold fast or bolt fasteners. A minimum of 4 No.s of screws to be provided for each vertical member & minimum 2no.s for horizontal member including cost of labour, hire charges of required T&P all incidential and operational charges cost and conveyance of all llabour and materials at site of work etc., complete as directed by the Engineer-in-charge.",1M²
"Providing and fixing factory made solid Wood Polymer Composite (WPC) single extruded window shutter section of size with encapsulation of 8MM rigid layer on all the six surfaces. The door frame will have a rebat of 32MM. Door Frame section of 45x90 MM . The two Vertical members are to be joined together with the horizontal member using 8x60 MM long MS Star full thread screws to be used with reverse forward speed control hand drilling machine. The ready/assembled door frame is fixed to the wall using hold fast or bolt fasteners. A minimum of 4 No.s of screws to be provided for each vertical member & minimum 2no.s for horizontal member including cost of labour, hire charges of required T&P all incidential and operational charges cost and conveyance of all llabour and materials at site of work etc., complete as directed by the Engineer-in-charge.",10M²
"Painting with interior emulsion paint two coats to walls with approved colour and quality including labour charges for thoroughly brushing the surface to remove all dirt and remains of loose powdered materials including putty cost and conveyance of all labour, materials and incidental such as scaffolding, lift charges etc., complete for finished item of work as directed by the Engineer-in-Charge. Deduction toilet and pooja room Deduction toilet and pooja room",10M²
"Painting two coats to doors with best variety synthetic enamel paint of approved colour and quality, preparing and cleaning the surface and dirt, cost of brushes scaffolding charges including putty, cost and conveyance of all labour and materials at site of work complete as directed by the Engineer-in-Charge. Water supply line & sanitary items 12.5%",10M²
"PROVIDING REINFORCED CEMENT CONCRETE using 330 kgs/cum of cement with a minimum strength of M20 grade using 20mm gauge hard granite machine crushed metal including labour charges for machine mixing, centering, laying concrete, compacting, vibrating, rendering, fine finishing, curing, conforming to IS 456-1978 including all incidental, operational, scaffolding and seigniorage charges, cost and conveyance of all materials and labour, at site of work complete (excluding cost of steel, binding wire and its fabrication) as directed by the Engineer-in-Charge. Supply and fabrication of tor steel Fe 415 of Visakha / Tata steel/ Sail / Tirupathi TMT or any other ISI marked or ISO approved makes including cutting, bending, tying grills as per design, cost of binding wire, loading, unloading and transportation to the site of work including cost and conveyance of all labour and materials at site of work complete as directed by the Engineer-in-Charge. Brick masonry with 2nd class bricks having a minimum crushing strength of 40 Kgs/Sqm as per IS 1077-1976 in super structure for any thickness of wall in CM 1:8 (1cement:8sand) including soaking of bricks, all incidental, operational, seignorage charges, scaffolding, lift, curing charges, cost and conveyance of all labour and materials, at site of work complete as directed by the Engineer-in-charge. Deduction toilet and pooja doors Reinforced Brick masonry with second class bricks having a minimum crushing strength of 40Kg/sqcm as per IS-1077-1976 in CM 1:4 Prop (1cement:4sand) in superstructure for 4 1/2"" thick walls including soaking of bricks, curing and all incidental, oprational, seignorage charges, scaffolding and lift charges, cost and conveyance of all labour and materials at site of work complete as directed by the Engineer-in-Charge. PLASTERING TO WALLS 20mm thick in CM 1:5 Prop. (1cement:5sand) 16mm thick Ist coat and 2nd coat in CM 1:3 Prop. (1cement:3sand) 4mm thick with DUBARA SPONGE finishing including cleaning the surface cost of curing, scaffolding all incidental seigniorae and operational charges cost and conveyance of all labour and materials at site of work complete as directed by the Engineer-in-Charge. PLASTERING TO WALLS 12mm thick in CM 1:5 Prop. (1cement:5sand) 16mm thick Ist coat and 2nd coat in CM 1:3 Prop. (1cement:3sand) 4mm thick with DUBARA SPONGE finishing including cleaning the surface cost of curing, scaffolding all incidental seigniorae and operational charges cost and conveyance of all labour and materials at site of work complete as directed by the Engineer-in-Charge. Deduction toilet and pooja room Deduction toilet and pooja room PLASTERING TO CEILING 12mm thick in CM 1:5Prop. (1cement:5sand) 9mm thick Ist coat and 2nd coat in CM 1:3 Prop. (1cement:3sand) 3mm thic with DUBARA SPONGE finishing including cleaning the surface cost of curing, scaffolding all incidental seigniorae and operational charges cost and conveyance of all labour and materials at site of work complete as directed by the Engineer-in-Charge. SUPPLYING AND LAYING CERAMIC TILES of best quality having uniform colour of approved make and texture Ist class of size NOT LESS THAN 300x450/300X200/245X325mm for SKIRTING/Wall Cladding set in CM 1:3 Pro. (1cement:3sand) of 12mm thick including neat cement slurry of honey like consistancy spread at 3.3Kg/sqm and joints pointed with white cement paste to full depth mixed with pigment of matching shade all leads and lifts all incidental, operational charges, curing, mixing, seigniorage cost and conveyance of all labour and materials at site of work complete as directed by the Engineer-in-charge. SUPPLYING AND LAYING non skid CERAMIC TILES of best quality having uniform colour of approved make and texture Ist class of size NOT LESS THAN 300X300 for FLOORING set in CM 1:8 Pro. (1cement:8sand) of 12mm thick including neat cement slurry of honey like consistancy spread at 3.3Kg/sqm and joints pointed with white cement paste to full depth mixed with pigment of matching shade all leads and lifts all incidental, operational charges, curing, mixing, seigniorage cost and conveyance of all labour and materials at site of work complete as directed by the Engineer-in-charge. SUPPLYING AND LAYING CERAMIC TILES of best quality having uniform colour of approved make and texture Ist class of size NOT LESS THAN 300X300 for FLOORING set in CM 1:8 Pro. (1cement:8sand) of 12mm thick including neat cement slurry of honey like consistancy spread at 3.3Kg/sqm and joints pointed with white cement paste to full depth mixed with pigment of matching shade all leads and lifts all incidental, operational charges, curing, mixing, seigniorage cost and conveyance of all labour and materials at site of work complete as directed by the Engineer-in-charge. Providing impervious plastering over roof slab in CM 1:3 Prop (1cement: 3Sand) of 20mm thick including cost of impervious compound and labour charges for applying cement slurry to the surface before plastering, cleaning the surface, cost of curing, scaffolding, lift, all incidental, seignorage and operational charges, cost and conveyance of all labour and materials at site of work complete as directed by the E-in-C. SUPLY & FIXING or equivalent SINGLE SIDE PRELAM SOLID PANEL PVC DOOR FRAME (CHOUKHAT) Providing and fixing factory made Pac single side Prelam door frame of the size 50X47 mm with a wall thickness of 5mm, made out of extruded 5mm rigid Pac single side prelam sheet, meter cut at two corners and joined with 2nos. of 150mm long brackets of 1515mm MS. Square tube. The two vertical door profiles are to be reinforced with 19X19mm MS. square tube of 19 gauge. The door frame shall be fixed to the wall using 65/100mm long MS. Screws through the frame using Pac fasteners a minimum 4nos. of screws to be provided for each vertical member and minimum 2nos. for horizontal member etc., including seigniorage charges, cost and conveyance of all labour and materials at site of work complete as per manufacture specification and direction of Engineer-in-Charge. Providing & fixing 30mm thick SOLID PANEL PVC DOOR SHUTTER consisting of frame made out of 19gauge MS tube of 19mmX19mm for stiles, top and bottom rail, with a coat of primer of approved make. The MS. Frame shall be covered with 5mm thick heat moulded PVC 'C"" channel of size 30mmX50mm to forming stiles and 5mm thick, 75mm wide PVC sheets for the top, bottom and lock rails on either side and 20mm wide cross PVC sheet as gap insert for top rail and bottom rail, panelling of 10mm (+/-) (5mm+5mm) thick PVC sheet to be fitted in the MS. Frame welded / sealed to the stiles, on either side and joined together with solvent cement adhesive etc. An additional 5mm thick PVC strip of 20mm width is to be stuck on the interior side of the ""C"" channel using solvent cement, complete as per manufactuer's specification including seigniorage charges, cost and conveyance of all labour and materials at site of work complete as per direction of Engineer - in - Charge. Providing and fixing factory made solid Wood Polymer Composite (WPC) single extruded Door Frame section of size with encapsulation of 8MM rigid layer on all the six surfaces. The door frame will have a rebat of 32MM. Door Frame section of 45x90 MM . The two Vertical members are to be joined together with the horizontal member using 8x60 MM long MS Star full thread screws to be used with reverse forward speed control hand drilling machine. The ready/assembled door frame is fixed to the wall using hold fast or bolt fasteners. A minimum of 4 No.s of screws to be provided for each vertical member & minimum 2no.s for horizontal member including cost of labour, hire charges of required T&P all incidential and operational charges cost and conveyance of all llabour and materials at site of work etc., complete as directed by the Engineer-in-charge. Providing and fixing factory made solid Wood Polymer Composite (WPC) single extruded DOOR SHUTTER, the doore frame of size with encapsulation of 8MM rigid layer on all the six surfaces. The door frame will have a rebate of 32mm. Door Frame section of 45x75 mm The two Vertical members are to be joined together with the horizontal member using 8x50 mm long MS Star full thread screws to be used with reverse forward speed control hand drilling machine. The ready assembled door frame is fixed to the wall using hold fast or bolt fasteners. A minimum of 4 No.s of screws to be provided for each vertical member & minimum 2no.s for horizontal member including. Fixing 28 -30mm thick solid Wood Polymer Composite(WPC) single extruded door shutter with 3mm top and bottom rigid layer with an overall density of 750kg/Cum.including fixing of necessary fixtures of 2nos of 125mm Alu. long handles, 1no. of of 200mm long Alu. aldrop, 2 Nos of 150mm long Alu. towerbolts, 4 Nos. of 150mm long MS hinges inlcuding cost of labour, hire charges of required T&P all incidential and operational charges cost and conveyance of all labour and materials at site of work etc., complete as directed by the Engineer in charge. Providing and fixing factory made solid Wood Polymer Composite (WPC) single extruded window Frame section of size with encapsulation of 8MM rigid layer on all the six surfaces. The door frame will have a rebat of 32MM. Door Frame section of 45x90 MM . The two Vertical members are to be joined together with the horizontal member using 8x60 MM long MS Star full thread screws to be used with reverse forward speed control hand drilling machine. The ready/assembled door frame is fixed to the wall using hold fast or bolt fasteners. A minimum of 4 No.s of screws to be provided for each vertical member & minimum 2no.s for horizontal member including cost of labour, hire charges of required T&P all incidential and operational charges cost and conveyance of all llabour and materials at site of work etc., complete as directed by the Engineer-in-charge. Providing and fixing factory made solid Wood Polymer Composite (WPC) single extruded window shutter section of size with encapsulation of 8MM rigid layer on all the six surfaces. The door frame will have a rebat of 32MM. Door Frame section of 45x90 MM . The two Vertical members are to be joined together with the horizontal member using 8x60 MM long MS Star full thread screws to be used with reverse forward speed control hand drilling machine. The ready/assembled door frame is fixed to the wall using hold fast or bolt fasteners. A minimum of 4 No.s of screws to be provided for each vertical member & minimum 2no.s for horizontal member including cost of labour, hire charges of required T&P all incidential and operational charges cost and conveyance of all llabour and materials at site of work etc., complete as directed by the Engineer-in-charge. Painting with interior emulsion paint two coats to walls with approved colour and quality including labour charges for thoroughly brushing the surface to remove all dirt and remains of loose powdered materials including putty cost and conveyance of all labour, materials and incidental such as scaffolding, lift charges etc., complete for finished item of work as directed by the Engineer-in-Charge. Deduction toilet and pooja room Deduction toilet and pooja room Painting with exterior emulsion paint two coats to walls with approved colour and quality including labour charges for thoroughly brushing the surface to remove all dirt and remains of loose powdered materials including putty cost and conveyance of all labour, materials and incidental such as scaffolding, lift charges etc., complete for finished item of work as directed by the Engineer-in-Charge. Painting two coats to doors with best variety synthetic enamel paint of approved colour and quality, preparing and cleaning the surface and dirt, cost of brushes scaffolding charges including putty, cost and conveyance of all labour and materials at site of work complete as directed by the Engineer-in-Charge. Water supply line & sanitary items 12.5%",1m³
"B.MALAKONDAIAH s = SICK : TR = TRAINING : SL = SPL. LEAVE : OH = OPTIONAL HOLIDAY : UNIT : Dy. EE Office, NELLORE for April - 2024 / APRIL - 2024 s = SICK : TR = TRAINING : SL = SPL. LEAVE : OH = OPTIONAL HOLIDAY : UNIT : Dy. EE Office, NELLORE for MAY - 2024",
"B.MALAKONDAIAH s = SICK : TR = TRAINING : SL = SPL. LEAVE : OH = OPTIONAL HOLIDAY : UNIT : Dy. EE Office, NELLORE for JUNE - 2024",
"B.MALAKONDAIAH s = SICK : TR = TRAINING : SL = SPL. LEAVE : OH = OPTIONAL HOLIDAY : UNIT : Dy. EE Office, NELLORE for JULY - 2024",
"B.MALAKONDAIAH s = SICK : TR = TRAINING : SL = SPL. LEAVE : OH = OPTIONAL HOLIDAY : UNIT : Dy. EE Office, NELLORE for AUGUST - 2024",
"B.MALAKONDAIAH s = SICK : TR = TRAINING : SL = SPL. LEAVE : OH = OPTIONAL HOLIDAY : UNIT : Dy. EE Office, NELLORE for SEPTEMBER - 2024",
B.MALAKONDAIAH s = SICK : TR = TRAINING : SL = SPL. LEAVE : OH = OPTIONAL HOLIDAY :,
2 Engaging of labour to removing the cuddy stones and iron boards and debris in Bus Station Premises including cost and conveyance of all labour and materials at site of work complete.,1m³
Engaging of labour to removing the cuddy stones and iron boards and debris in Bus Station Premises including cost and conveyance of all labour and materials at site of work complete.,1m³
Cutting holes in Brick masonry & Repairs labour charges including cost and conveyance of all labour and materials at site of work complete.,1Rm
Fixing of waste water pipe line for drinking water including cost and conveyance of all labour and materials at site of work complete.,1Rm
"2 Removing of Damaged Brick Masonary in cement morter and stacking the metal materials for re use and dosposing the de bris to a for off distance ,all incidantal and operational charg es ,cost and conveyance of all labour and material at site of work complete as directed by the engineer-incharge",
"Removing of Damaged Brick Masonary in cement morter and stacking the metal materials for re use and dosposing the de bris to a for off distance ,all incidantal and operational charg es ,cost and conveyance of all labour and material at site of work complete as directed by the engineer-incharge",
Removing of damaged rein forcement concrete and dispasin the debris to for off distance all incidental and opernational charges cost and conveyance of all labour andmaterials site of work complete as directed by the engineer-in-charge,
brick masonry with 2nd class brick having a minimum crushin strenth of 40kg/sq/m for super srtucture for incidental of wa lly in cm 1:6 pro (1cement 6sand )including soacking of bricks all incidental quality cost and conveyance of all labour and,
Cement plastering to wall in cm 1:5pro (1 cement 5 sand) of 20mm thick including cleaning the surface cost of cost and co conveyance of all labour and matreial at site of work copmpl,
"Removing of damaged compound wall (RCC) pannels cleaning away the debris from the workspot including of T &P ,hire charges of all the T & P, cost and conveyance of all labour and materials at site of work complete as directed by the Engineer in charge.",
"supply and filling of sand in foundation,basement and sides of foundation in 150mm thick layers complying with standard specification including watering consolidation ,cost and conveyance of all labour and material at site of work complete as directed by the engineer-in charge Providing and laying plain cement concrete 1:5:10 pro.(1cement 5sand:10metal)using 40mm guage hard granite hand broken metal confirming in to in foundation and for bed of flooring including machine mixing,deposing in position,rammi- ng,finishing curing including all incidental opaerational and cost and conveyanec of all labour and material at site of work complete as directed by the Engineer-in Charge",
"Providing and laying plain cement concrete 1:5:10 pro.(1cement 5sand:10metal)using 40mm guage hard granite hand broken metal confirming in to in foundation and for bed of flooring including machine mixing,deposing in position,rammi- ng,finishing curing including all incidental opaerational and cost and conveyanec of all labour and material at site of work complete as directed by the Engineer-in Charge",
"Bricks masonary with brick having a minimum crushing strength of 35kg/sq.cm. as per IS1077-1976 in superstructure for any thick ness of walls in C.M1:8pro.(1cement:8sand)including soaking of brick all incidental,operational, scaffolding,curing charge cost and conveyance of all labour and material at site of work complete as directed by the Engineer-in-charge (ground floor upto a height of 12'0""above basement level) Plastering 20mm in CM 1:5(1cement:5sand)including surface cost of curing ,,scaffolding,lift,all incidental and operational charges cost and conveyance of all labour and materials at site of work complete as directed by the Engineer in charge. Plastering 12mm in CM 1:5(1cement:5sand)including surface cost of curing ,,scaffolding,lift,all incidental and operational charges cost and conveyance of all labour and materials at site of work complete as directed by the Engineer in charge. Providing barbed wire fencing compound wall with 40x40x6mm MS angles of 4'0"" length 12'0""center to center and providing SWG barbed wire 6 nos horizental&2nos diagonals diagonals including cost of GI wire for tying the barbed wire and making holes in bricks masonary nfor fixing MS angle including cost of PCC 1:2:4 prop.of size 0.23x0.23x0.23 mts complete as directed by the Engineer in charge . Transporation of excavated earth to distance of 5 km away from the site including cost and conveyance of all labour and materials at site of work complete as directed by the Engineer in charge. NAME OF WORK :: REPAIRS TO THE YARD IN BUS STATION AT PODALAKURU, SPSR NELLORE DISTRICT.",
"2 Supplying and stacking of 40mm hard granite machine crushed metal brought from approved quarry including stacking to departmental gauge for premeasurements, seigniorage charges all incidental, operational charges, cost and conveyance of all labour and materials at site of work complete as directed by",
"Supplying and stacking of 40mm hard granite machine crushed metal brought from approved quarry including stacking to departmental gauge for premeasurements, seigniorage charges all incidental, operational charges, cost and conveyance of all labour and materials at site of work complete as directed by",
"supplying and stacking of gravel brough from approved quarry for per-measuremeant to departmental gauge including all incidental and operational charges, cost and conveyance of all labour and materials at site of work complete as directed by",
"Spreading 40mm gauge hard granite metal 100mm thick loose consolidated to 75mm thick including spreading grave for blindage, watering with an initial lead of 2HM and rolling with contractor's 8 to 10 tonnes power roller including sectioning the layer to proper profile, all incidental, labour, hire and operational charges of power roller (8 to 10) barricading driversion of traffic and wetting the new consolidation for a fornight, including complete as directed by the Engineer-in-",
"Transportation of excavated soils and disposing with in a distance if 1 km including loading, unloading, idle hire charges of truck including cost and conveyance of all etc complete",
Cement Plastering to CRS Masonry in C.M 1:6 Prop. 20mm thick,
"Providing skirting to flooring with 1"" thick KADAPA BLACK stone",
SAND FOR MORTAR (un Screened)- Lead distance is from Govt. notifited sand stockyards,
SAND FOR MORTAR (Screened)- Lead distance is from Govt. notifited sand stockyards,
SAND FOR FILLING- Lead distance is from Govt. notifited sand stockyards,
Stone crusher dust finer than 3 mm (0.075 sieve passing <10%) LEAD STATEMENT AS PER SSR : 2023-24,
Stone crusher dust finer than 3 mm (0.075 sieve passing <10%),
2 Labour charges for removing of damaged polyethiline Sintex water storage tank (2000lts) with necessary pipe lines and connections etc. cost and conveyance of all labour and materials at site of work complete as directed by the Engineer-in-Charge.,
Supply & fixing of sintex plastic water tank third layer ISI standard including loading unloading charges and including providing neccesary holes 1' dia - 4 No's and including fixing necessary including cost and conveyance of all labour and materials at site of work complete as directed by the Engineer-in-Charge. Supply of 1.5 HP (texmo) submerasble motor Supply of 1.5 HP (L & T) pannel,
Supply and fixing of following nominal bore GI pipe medium grade properties & weight as per IS - 1239 including cost and conveyance of all labour and materials at site of work complete as directed by the Engineer-in-charge.,
2 Supply of 2HP Aqua texmo model no TDT 215 cost and conveyance of all labour and materials at site of work complete as directed by the Engineer-in-Charge.,1Rm
Labour charges for fixing all above including cost and conveyance of all labour and materials at site of work complete.,
"2 Constn.of Granular sub base by providing HBG materials,well graded/close graded confirming to grading - III of morth table 400-1 (255.00 cum of 9.5mm and 129.00 cum of 2.36 mm below for an out put of 300 cum) including cost and conveyance of all materials to work site and spreding in uniform layers with motor grader or by approved means. on prepared surface mixing by mix in place method with rotavator / approved means at OMC and compacting with vibratory Roller of 8 - 10 tonne capacity to achieve the desired density etc.., complete for finished item of work as per Morth specification 401 (5th revision ) and as directed by the Engineering - In - Charge.(As per item No. RBR - SBBS- 1, sl.no 1 -A-iii of A.P.Revised Standard Data for roads & Bridges Standard data-Separate sheet-GSB",
"Constn.of Granular sub base by providing HBG materials,well graded/close graded confirming to grading - III of morth table 400-1 (255.00 cum of 9.5mm and 129.00 cum of 2.36 mm below for an out put of 300 cum) including cost and conveyance of all materials to work site and spreding in uniform layers with motor grader or by approved means. on prepared surface mixing by mix in place method with rotavator / approved means at OMC and compacting with vibratory Roller of 8 - 10 tonne capacity to achieve the desired density etc.., complete for finished item of work as per Morth specification 401 (5th revision ) and as directed by the Engineering - In - Charge.(As per item No. RBR - SBBS- 1, sl.no 1 -A-iii of A.P.Revised Standard Data for roads & Bridges Standard data-Separate sheet-GSB",
"Construction of un-reinforced, dowel jointed at expansion and construction joint only, plain cement concrete pavement, thickness as per design, over a prepared sub base, with 43 grade cement or any other type as per Clause 1501.2.2 M 40 (Grade), coarse and fine aggregates conforming to IS : 383, maximum in a concrete mixer of not less than 0.2 cum capacity and appropeiate weigh batcher using approved mix design, laid in approved fixed side formwork (steel channel, laying and fixing of 125 mictron thick polythene film, wedges, steel plates including levelling the formwork as per drawing), spreading the concrete with sholvels, rakes, compacted using needle, scareed and plate vibrators and finished in continuous operation including provision of contraction and expansion, construction joints, applying debonding strips, primer, sealant, dowel bars, near approaches to bridge / culvert and construction joints, admixtures as approved, curing of concrete slabs for 14- days, curing compound (where specified) and water finishing to lines and grade as per drawing and Technical Specification Clause 1501 MORD including cost and conveyance of all materials , labour charges , overheads and contractors profit etc., complete for finished item of work. Standard data-Separate sheet-CC M 40",
"Construction of dry lean cement concrete sub base over a prepared sub-grade with coarse and fine aggregate conforming to IS:383, the size of coarse aggregate not ceeding 25 mm, aggregate cement ratio not to exceed 15:1, aggregate gradation after blending to be as per specifications, cement content not to be less than 150 Kg/cum, optimum moisture content to be determined during trial length construction,concrete strength not to be less than 10 Mpa at 7 days, mixed in a batching plant,transported to site, for all leads & lifts, laid with a mechanical paver, compacting with 8-10 tonne vibratory roller, finishing and curing etc. complete as per direction of Engineer-in- charge. Standard data-Separate sheet-DLC",
"Supply and fixing in position(while the work is in progress) of 12.70mm thick premoulded Departmental Mastic pads to a depth of 137.50mm from the base with a groove of 12.70mm x 12.50mm at top at every 31.50M apart for expansion joints and wherever necessary including all taxes, cost and conveyance of all materials at site of work and all labour and tools and plants all incidental, operational charges complete as directed by Engineer in Charge",
"Dry rolling with 10 tonnes rollar including hire charges, fueal charges and crew charges cost and conveyance of all labour and materials at site of work complete. AP SoR 2024-25 CFMS Code HIR-00050 S.No.50",
"2 Supplying and filling of gravel 0'-6'' thick layer from approved quarry including watering consolidation, with power roller 8 to 10 tons including cost and conveyance of all labour and materials at site of work complete as directed by the Engineer - In- Charge. Standard data-Summary-S.No.96+104",
"Supplying and filling of gravel 0'-6'' thick layer from approved quarry including watering consolidation, with power roller 8 to 10 tons including cost and conveyance of all labour and materials at site of work complete as directed by the Engineer - In- Charge. Standard data-Summary-S.No.96+104",
"Constn.of Granular sub base by providing HBG materials,well graded/close graded confirming to grading - III of morth table 400-1 (255.00 cum of 9.5mm and 129.00 cum of 2.36 mm below for an out put of 300 cum) including cost and conveyance of all materials to work site and spreding in uniform layers with motor grader or by approved means. on prepared surface mixing by mix in place method with rotavator / approved means at OMC and compacting with vibratory Roller of 8 - 10 tonne capacity to achieve the desired density etc.., complete for finished item of work as per Morth specification 401 (5th revision ) and as directed by the Engineering - In - Charge.(As per item No. RBR - SBBS- 1, sl.no 1 -A-iii of A.P.Revised Standard Data for roads & Bridges Total quantity as per item no: 1",
"Construction of dry lean cement concrete sub base over a prepared sub-grade with coarse and fine aggregate conforming to IS:383, the size of coarse aggregate not ceeding 25 mm, aggregate cement ratio not to exceed 15:1, aggregate gradation after blending to be as per specifications, cement content not to be less than 150 Kg/cum, optimum moisture content to be determined during trial length construction,concrete strength not to be less than 10 Mpa at 7 days, mixed in a batching plant,transported to site, for all leads & lifts, laid with a mechanical paver, compacting with 8-10 tonne vibratory roller, finishing and curing etc. complete as per direction of Engineer-in- charge. Total quantity as per item no: 1 Standard data-Separate sheet-WMM",
"Construction of un-reinforced, dowel jointed at expansion and construction joint only, plain cement concrete pavement, thickness as per design, over a prepared sub base, with 43 grade cement or any other type as per Clause 1501.2.2 M 40 (Grade), coarse and fine aggregates conforming to IS : 383, maximum in a concrete mixer of not less than 0.2 cum capacity and appropeiate weigh batcher using approved mix design, laid in approved fixed side formwork (steel channel, laying and fixing of 125 mictron thick polythene film, wedges, steel plates including levelling the formwork as per drawing), spreading the concrete with sholvels, rakes, compacted using needle, scareed and plate vibrators and finished in continuous operation including provision of contraction and expansion, construction joints, applying debonding strips, primer, sealant, dowel bars, near approaches to bridge / culvert and construction joints, admixtures as approved, curing of concrete slabs for 14- days, curing compound (where specified) and water finishing to lines and grade as per drawing and Technical Specification Clause 1501 MORD including cost and conveyance of all materials , labour charges , overheads and contractors profit etc., complete for finished item of work. Total quantity as per item no: 1 Standard data-Separate sheet-CC M 40",
"2 Engaging of excavator(JCB) for earth work excavation/ removing of heaps/ debries and disposing the debries to far away from the site, including cost and conveyance of all labour and material, oil charges, Engineer-In-Charge.transportation charges etc.., complete as directed by the Engineer-in-Charge.",
"Engaging of excavator(JCB) for earth work excavation/ removing of heaps/ debries and disposing the debries to far away from the site, including cost and conveyance of all labour and material, oil charges, Engineer-In-Charge.transportation charges etc.., complete as directed by the Engineer-in-Charge.",
"Supply & filling of sand in foundation and basement including watering, compacting all incidental and operational charges, etc., cost and conveyance of all labour and materials at site of work complete as directed by the Engineer-in-Charge.",
"Providing plain Cement Concrete (1:4:8) using 40mm gauge hard granite machine crushed metal including labour charges for machine mixing, centering, laying concrete, compacting, vibrating, rendering, fine finishing, curing, conforming to IS 456-1978 including all incidental, operational, scaffolding , cost and conveyance of all materials and labour, at site of work complete as directed by the Engineer-in-Charge.",
"Supply and palcing of the design mix concrete M25 grade correspanding to IS 456 with cement content of 380 kgs per 1 cum of concrete using weight batcher / mixer with 20mm size graded machine crushed hard granite metal (coarse aggregate - as per IS 383 - 1970 and IS 2386 part 1 to part 8 from approved quarry including cost and conveyance of all materials like cement, fine aggregate (sand) coarse aggregate water etc.., to site centering using steel scaffolding pipes jack props wallers foot plates , brackets , steel centering plates etc.., including all operational, incidental and labour charges such as weight batching, machine mixing, lifting of concrete manually , laying concrete , vibrating , curing etc.., and over heads & contractors prifit complete but excluding cost of steel and its fabrication charges for finished item of work",
"Supply and fabrication of tor steel Fe 500 of Visakha / Tata steel/ Sail / Tirupathi TMT or any other ISI marked or ISO approved makes including cutting, bending, tying grills as per design, cost of binding wire, loading, unloading and transportation to the site of work including cost and conveyance of all labour and materials at site of work complete as directed by the Engineer-in-Charge.",
"Brick masonry with 2nd class bricks having a minimum crushing strength of 40 Kgs/Sqm as per IS 1077-1976 in super structure for any thickness of wall in CM 1:8 (1cement:8sand) including soaking of bricks, all incidental, operational, scaffolding, lift, curing charges, cost and conveyance of all labour and materials, at site of work complete as directed by the Engineer-in-charge.",
"Providing coping with brick masonry on top of pillers and compound wall 1'3"" X 1'3"" in CM 1:6 Pro. (1Cement:6Sand) and plastering with CM 1:6 Prop. 12mm thick alround coping including mixing cement mortar finishing and soaking of bricks, curing,all incidental and operational charges, including cost and conveyance of all labour and materials at site of work complete as directed by the Engineer-in-Charge.",
"PLASTERING TO WALLS 20mm thick in CM 1:5 Prop. (1cement:5sand) finishing including cleaning the surface cost of curing, scaffolding all incidental and operational charges cost and conveyance of all labour and materials at site of work complete as directed by the Engineer-in-Charge.",
"PLASTERING TO WALLS 12mm thick in CM 1:5 Prop. (1cement:5sand) finishing including cleaning the surface cost of curing, scaffolding all incidental and operational charges cost and conveyance of all labour and materials at site of work complete as directed by the Engineer-in-Charge.",
"Painting with exterior emulsion paint two coats to walls with approved colour and quality Over primary coat total three coats including labour charges for thoroughly brushing the surface to remove all dirt and remains of loose powdered materials including putty cost and conveyance of all labour, materials and incidental such as scaffolding, lift charges etc., complete for finished item of work as directed by the Engineer-in-Charge. Standard data-Separate sheet-Painting data",
Transportation of dismantled materials of 5km away from site including loading in loading cost and conveyance of all labour and materials at site of work complete.,
"2 Brick masonry with 2nd class bricks having a minimum crushing strength of 40 Kgs/Sqm as per IS 1077-1976 in super structure for any thickness of wall in CM 1:8 (1cement:8sand) including soaking of bricks, all incidental, operational, , scaffolding, lift, curing charges, cost and conveyance of all labour and materials, at site of work complete as directed by the Engineer-in-charge.",1m³
"Brick masonry with 2nd class bricks having a minimum crushing strength of 40 Kgs/Sqm as per IS 1077-1976 in super structure for any thickness of wall in CM 1:8 (1cement:8sand) including soaking of bricks, all incidental, operational, , scaffolding, lift, curing charges, cost and conveyance of all labour and materials, at site of work complete as directed by the Engineer-in-charge.",10m²
"Providing coping with brick masonry on top of pillers and compound wall 1'3"" X 1'3"" in CM 1:6 Pro. (1Cement:6Sand) and plastering with CM 1:6 Prop. 12mm thick alround coping including mixing cement mortar finishing and soaking of bricks, curing, seigniorage all incidental and operational charges, including cost and conveyance of all labour and materials at site of work complete as directed by the Engineer-in-Charge.",10m²
"Dismantling of damaged cement concrete flooring bed including removing of debries,clearing of site etc complete as directed",
"Plain Cement Concrete (1:5:10) proportion nominal mix (cement: fine aggregate: Coarse aggregate) for foundations using 40mm size (SS5) hard,machine crushed granite metal from approved quarry including cost and conveyance of all materials like cement, sand, coarse aggregate, water etc. to site, including seigniorage charges, sales & other taxes on all materials and including all charges for machine mixing, laying concrete in foundations ramming in 15 cm layers finishing top surface to the required level curing etc., complete for finished item of work.",
"Plain Cement Concrete (1:2:4) proportion nominal mix (cement: fine aggregate: Coarse aggregate) for foundations using 40mm size (SS5) hard,machine crushed granite metal from approved quarry including cost and conveyance of all materials like cement, sand, coarse aggregate, water etc. to site, including seigniorage charges, sales & other taxes on all materials and including all charges for machine mixing, laying concrete in foundations ramming in 15 cm layers finishing top surface to the required level curing etc., complete for finished item of work.",
"Flooring with soluble salt porcelain vitrified tiles screen printed and polished of size 600 x 600 mm and thickness between 8 to 10mm 1st quality NITCO or H& R Johnson Marbonite or equvalent as approved by engineer in charge conforming to IS: 13711, IS: 13712, IS: 13630(Parts 1 to 15) of any colour and finish in all shades and designs with borders and design as per the approved flooring pattern as directed by the Engineer-In -Charge, laying tiles set over a base coat of CM (1:5) prop. 20mm thick using screened sand over CC bed already laid or RCC roof slab , including neat cement slurry of honey like consistancy spread @ 3.3 kgs per Sqm. and jointed neately with white cement paste to full depth mixed with pigment of matching shade including cost and conveyance of all materials like cement, sand, water, tiles, white cement etc., to site (excluding cost of C.C. bed) including cost of base coat and all labour charges for mixing of cement mortar, laying tiles to required slope as directed by the Engineer- in-charge etc.,and complete for finished item of work. (APSS No.701 & 707)",
"Painting to old walls two coats (Acrylic Emulsion paint Exterior grade) emulsion paint for External walls including cost of all labour charges for mixing mortar, finishing, scaffolding, lift charges, etc complete for finished item of work. Standard data-Separate sheet-Painting data",
"Painting to old walls two coats (Acrylic Emulsion paint Exterior grade) emulsion paint for internal walls including cost of all labour charges for mixing mortar, finishing, scaffolding, lift charges, etc complete for finished item of work. Radiator and spring assemblyand Trimming & painting Standard data-Separate sheet-Painting data",
"Painting to old wood work and flush shutters with two coats of synthetic enamel paint Grade-I VOC (Volatile Organic Compound) content less than 50 grams/litre of approved shade including cost and conveyance of all materials to site cost of primer coat and all labour charges etc. complete including applying sand paper on lappam coats for neat finish including sales & other taxes on cost of all materials etc., and complete in all floors (APSS No.1200, 1207 & 1211). Standard data-Separate sheet-Painting data",
"Painting two coats to old walls with synthetic enamel paint Grade-II VOC (Volatile Organic Compound) content less than 50 grams/litre including cost and conveyance of all materials to site, sales & other taxes, incidental, operational and all labour charges etc., and complete for finished item of work in all floors. (SS No. 1201, 1212 & 1207). Standard data-Separate sheet-Painting data",
"Painting two coats to old iron work with synthetic enamel paint Grade-II VOC (Volatile Organic Compound) content less than 50 grams/litre including cost and conveyance of all materials to site, sales & other taxes, incidental, operational and all labour charges etc., and complete for finished item of work in all floors. (SS No. 1201, 1212 & 1207). Standard data-Separate sheet-Painting data",
"Structural repairs to the ceiling of RCC Slab duly chipping with pneumatic power chiselling equipment and until to achieve the hard mother concrete , cleaning the surface, cleaning of steel reinforcement with sand paper and Iron brushes for removing of rust, applying Anti corrosive paint of FOSROC make, applying Bonding agent of FOSROC make, strengthening the ceiling with C.C.1:1.5:3 Pro using 6mm down graded HGMC metal 40mm thick average thickness using construction chemicals and redoing the ceiling with cement plastering 12mm thick in C.M 1: 3&1:5 Pro with neat finish, including curing , scaffolding arrangements at different places, cost of construction chemicals, all incidental, operational, seigniorage charges, cost and conveyance of all labour and materials at site of work complete.(G.F)",
"Earth work Excavation in all kinds of soils, wet or dry such as clay, hard clay, black cotton soils, red earth, morrum, gravel etc., in loose and slushy conditions, except rock requiring, blasting for foundation of walls including bailing out water (pumping out water if necessary) with necessary site clearance, marking out temporary stepping, sloping, shoring, strutting, sectioning, tamping as directed with an initial lead of 10mts. and lift of 3mts., complete as directed by the Engineer-in-Charge.",
"Providing and Laying plain cement concrete 1:5:10 Pro. (1 cement:5sand:10metal) using 40mm gauge hard granite machine crushed metal conforming to IS 383-1970 in foundation and for BED of flooring including machine mixing, depositing in position, ramming, finishing, curing including all incidental operational and cost and conveyance of all labour and materials at site of work complete as directed by the Engineer-in-Charge.",
"Providing and Laying plain cement concrete 1:4:8 Pro. (1 cement:4sand:8metal) using 40mm gauge hard granite machine crushed metal conforming to IS 383-1970 in foundation and for BED of flooring including machine mixing, depositing in position, ramming, finishing, curing including all incidental operational and cost and conveyance of all labour and materials at site of work complete as directed by the Engineer-in-Charge.",
"RR Stone masonry with other than / granite variety in super structure for any thickness of wall in CM 1:8 (1cement:8sand) including cutting of stone all incidental, operational, , curing charges,cost and conveyance of all labour and materials, at site of work complete as directed by the Engineer-in-charge.",
"Pointing to RR masonary in CM 1: 4 Prop (1cement: 4Sand) of 20mm thick including cleaning the surface, cost of curing, scaffolding, lift, all incidental, and operational charges, cost and conveyance of all labour and materials at site of work complete as directed by the Engineer-in-C.",
"Supply and placing of the Design Mix Concrete M 25 grade corresponding to IS 456 with cement content of 380 kgs per 1 cum of concrete using weigh batcher / mixer with 20mm size graded machine crushed hard granite metal (coarse aggregate - as per IS 383 - 1970 and IS 2386 Part 1 to Part 8) from approved quarry including cost and conveyance of all materials like cement, fine aggregate (sand) coarse aggregate, water etc., to site, centering using steel scaffolding pipes , jack props , wallers , foot plates , brackets , steel centering plates etc., including all operational, incidental and labour charges such as weigh batching, machine mixing, lifting of concrete manually, laying concrete, vibrating, curing etc., and overheads & contractors profit complete but excluding cost of steel and its fabrication charges for finished item of work (APSS No. 402) Standard data-Separate sheet- M25- S.No.4 Standard data-Separate sheet- M25- S.No.7 Standard data-Separate sheet- M25- S.No.5 Standard data-Separate sheet- M25- S.No.2 Standard data-Separate sheet- M25- S.No.9 Standard data-Separate sheet- M25- S.No.16 Standard data-Separate sheet- M25- S.No.18 Standard data-Separate sheet- M25- S.No.13 Standard data-Separate sheet- M25- S.No.22",
"Supply & filling of gravel in foundation and basement including watering, compacting all incidental and operational charges, etc., cost and conveyance of all labour and materials at site of work complete as directed by the Engineer-in-Charge.",
"Providing and Laying plain cement concrete 1:2:4 Pro. (1 cement:2sand:4metal) using 20mm gauge hard granite machine crushed metal conforming to IS 383-1970 for BED of flooring including machine mixing, depositing in position, ramming, finishing, curing including all incidental operational and cost and conveyance of all labour and materials at site of work complete as directed by the Engineer-in-Charge.",
"Brick masonry with 2nd class bricks having a minimum crushing strength of 40 Kgs/Sqm as per IS 1077-1976 in super structure for any thickness of wall in CM 1:8 (1cement:8sand) including soaking of bricks, all incidental, operational charges, scaffolding, lift, curing charges, cost and conveyance of all labour and materials, at site of work complete as directed by the Engineer-in-charge.",
"Reinforced Brick masonry with second class bricks having a minimum crushing strength of 40Kg/sqcm as per IS-1077-1976 in CM 1:4 Prop (1cement:4sand) in superstructure for 4 1/2"" thick walls including soaking of bricks, curing and all incidental, oprational, scaffolding and lift charges, cost and conveyance of all labour and materials at site of work complete as directed by the Engineer-in-Charge.",
"PLASTERING TO WALLS 20mm thick in CM 1:5 Prop. (1cement:5sand) 18mm thick Ist coat and 2nd coat in CM 1:3 Prop. (1cement:3sand) 4mm thic with DUBARA SPONGE finishing including cleaning the surface cost of curing, scaffolding all incidental seigniorae and operational charges cost and conveyance of all labour and materials at site of work complete as directed by the Engineer-in-Charge.",
"Providing impervious plastering over roof slab in CM 1:3 Prop (1cement: 3Sand) of 20mm thick including cost of impervious compound and labour charges for applying cement slurry to the surface before plastering, cleaning the surface, cost of curing, scaffolding, lift, all incidental, and operational charges, cost and conveyance of all labour and materials at site of work complete as directed by the E-in-C.",
"PLASTERING TO CEILING 12mm thick in CM 1:5 Prop. (1cement:5sand) 9mm thick Ist coat and 2nd coat in CM 1:3 Prop. (1cement:3sand) 3mm thic with DUBARA SPONGE finishing including cleaning the surface cost of curing, scaffolding all incidental seigniorae and operational charges cost and conveyance of all labour and materials at site of work complete as directed by the Engineer-in-Charge.",
"SUPPLYING AND LAYING CERAMIC TILES of best quality having uniform colour of approved make and texture Ist class of size NOT LESS THAN 300X300mm for FLOORING set in CM 1:8 Pro. (1cement:8sand) and pointed with LATICRETE polymer compound including polishing charges, all leads and lifts all incidental, operational charges, curing, mixing, polishing the finished surface etc., cost and conveyance of all labour and materials etc., at site of work complete as directed by the Engineer-in-charge.",
"SUPPLY AND LAYING WHITE GLAZED TILES of best quality having uniform colour of approved make and texture Ist class for DADOOING set in CM 1:3 Pro. (1cement:3sand) and pointed with LATICRETE polymer compound including polishing charges, all leads and lifts all incidental, operational charges, curing, mixing and polishing the finished surface etc., cost and conveyance of all labour and materials etc., at site of work complete as directed by the Engineer-in-charge.",
"Providing and laying 20mm thick marble stone flooring over counter slabs using Ist quality adanga marble or its equivalen variety of slab not less than2'X2' with uniform grains and shade duly set in cement mortor bed of 20mm thick in CM 1:3 Prop. To a required slope set with white cement and joints pointed with white cement of Ist quality including labour charges for dressing, cutting, polishing the surface upto a final finish including cost of all lead and lifts incidental, operation charges, grinding cost and conveyance of all labour and materials at site of work complete, etc., as directed by the Engineer-in-Charge. (First Floor)",
"SUPPLYING and FIXING 4kg/Sqcm PVC RAIN WATER DOWN TAKE conforming to IS specification including fixing with necessary air tight joints and necessary PVC specification and fixtures, such as 'Y' junctions, bends, shoes, necessary MS clamps, gutties, screws and nuts etc., including cost and conveyance of all labour and materials, etc., at site of work complete as directed by the Engineer-in-Charge. Rain water down take pipe line at toilet Standard data- Separate sheet-SWR/PVC Pipe data",
"Painting with interior emulsion paint two coats to walls over primary coat total three coats with approved colour and quality including labour charges for thoroughly brushing the surface to remove all dirt and remains of loose powdered materials including putty cost and conveyance of all labour, materials and incidental such as scaffolding, lift charges etc., complete for finished item of work as directed by the Engineer-in-Charge. Standard data-Separate sheet-Painting data Standard data-Separate sheet-Painting data",
"Painting with exterior emulsion paint two coats to walls over primary coat total three coats with approved colour and quality including labour charges for thoroughly brushing the surface to remove all dirt and remains of loose powdered materials including putty cost and conveyance of all labour, materials and incidental such as scaffolding, lift charges etc., complete for finished item of work as directed by the Engineer-in-Charge. Standard data-Separate sheet-Painting data",
"SUPLY & FIXING or equivalent SINGLE SIDE PRELAM SOLID PANEL PVC DOOR FRAME (CHOUKHAT) Providing and fixing factory made Pac single side Prelam door frame of the size 50X47 mm with a wall thickness of 5mm, made out of extruded 5mm rigid Pac single side prelam sheet, meter cut at two corners and joined with 2nos. of 150mm long brackets of 1515mm MS. Square tube. The two vertical door profiles are to be reinforced with 19X19mm MS. square tube of 19 gauge. The door frame shall be fixed to the wall using 65/100mm long MS. Screws through the frame using Pac fasteners a minimum 4nos. of screws to be provided for each vertical member and minimum 2nos. for horizontal member etc., including , cost and conveyance of all labour and materials at site of work complete as per manufacture specification and direction of Engineer-in-Charge. AP SoR 2024-25 CFMS Code MAT-01334-S.No.707",
"Providing and fixing 30mm thick BRAND FACTORY MADE SOLID SINGLE SIDE PRELAM PANEL PVC DOOR SHUTTER consisting of frame made out of MS. Tubes of 19gauge thickness and size of 19mmX19mm for stiles, and 15mmX15mm for top and bottom rails. The MS. Frame shall have a coat of steel primers of approved make and manufacture. MS. Frame covered with 5mm thick heat moulded ""Rajshri"" single side Prelam Pac 'C"" channel of size 30mmX50mm to form stiles. 5mm thick & 75mm wide single side prelim Pac sheets shall be for the top, bottom and lock rails. Panelling of 5mm thick one side Pac sheet to be fitted in the MS. Frame and sealed to the front (prelam side) stiles and rails (which should have a 5mm 45 bent portion as beading) and attached to the back (white/ivory) stiles and rails which should have a 10mm 900 bent portion as beading) using 2 nos. 15mm wide X 5mm thick Pac sheet beading inside the 90 bent beading. All stiles, rails and beadings are to be joined to the panel using solvent cement etc., an additional 5mm thick Pac strip of 20mm width to be stuck on the interior side of the ""C"" channel using Pac solvent cement adhesive and 10mm (5mmX2) thick, 20mm wide cross Pac sheet to be fitted as gap insert for top and bottom rail etc., including , cost and conveyance of all labour and materials at site of work complete as per direction of Engineer - in - Charge. AP SoR 2024-25 CFMS Code MAT-01332-S.No.751",
"Supply of medium teak wood door with frame of any size double shutter, frame made at of 75 mm x 100 mm styles and rails 100 mm x 38 mm and flank, thickness 25 mm and fixing accessories 5’’ MS powder coated hinges 3 no’s for each shutter Al.tower bolts 200 mm long 2 no’s 4no’s of hold fasts embeded in PCC 1:2:4 Providing one coat of tar to the door frame on wall side, primer and two coats of enamel paint including cost and conveyance of all labour and materials at site of work complete.",
"MAKING GROOVES IN BRICK MASONRY of 12mm X 12mm at the JUNCTION of CONCRETE and BRICK MASONRY including finishing, curing etc., cost and conveyance of all labour and materials, etc., at site of work complete as directed by the Engineer-in-Charge.",
"Refilling of excavated earth in foundations and basement hire charges of T&P all incidentatl operational charges, including cost and conveyance of all labour and materials at site of work complete as directed by the Engineer-in-Charge. Supplying and fixing of MS Grill using 25mm x 6mm MS flat alround and 10mm MS square bars horizontally and 3nos and vertically 11nos at 100cm centre to centre including fixing to wall with screws and painting grill with one coat of primer and two coats of enamel paint cost and conveyance of all materias at site of work complete. Supply and fixing aluminium anodised sliding windows as per drawing using frame section 62.10 mm x 29.50 mm at 0.881 kg/m and shutter section 40 x 18 x 150 mm including glazing clips , 5mm thick float glass rubber beading aluminium lock cum handle rollers etc.., cost and conveyance of all labour and materials at site of work complete.",
"Hire Charges for engaging of excavator for removing the debries and tree branches and disposing far away from the site, including cost and convenience of all labour and materials, oil charges, transportation charges etc., complete as directed by the Engineer - in-charge.",1Rm
"Supply & filling of sand in foundation and basement including watering, compacting all incidental and operational charges charges etc., cost and conveyance of all labour and materials at site of work complete as directed by the Engineer-in-Charge.",1Rm
"Removing/chiselling the brick masonary wall with 0.125 width and disposing the debris to a far off distance, all incidental and operational charges, cost and conveyance of all labour and materials at site of work complete as directed by the Engineer-in-Charge. AP SoR 2024-25 CFMS Code MAT-02151-S.No.601",1Rm
"Cutting of holes in brick masonary including hire charges of driling machine, crew charges and finishing the same including cost and conveyance of all labour and mateirals at site of work complete as directed by the Engineer-in-Charge. AP SoR 2024-25 CFMS Code LAB-00280-S.No.640",
"Supply & fixing of European Water Closet of Ist quality confirming to IS - 2556-Par-II-1973 of white glazed with 'P' trap with best Indian make plastic seat and lid with rubber or plastic buffers as per IS-2548-1996 and including 10lts capacity of PVC water tank with low level system, dual flush, internal components and short bend, cost of 12.70 mm PVC connection, 12.70mm NP angle stop cock, including cost and conveyance of all labour and materials at site of work complete as directed. Standard data-Separate data sheet- W/S & Sanitary data",
Supply & fixing of 12.70 mm NP bib cock Indian make heavy duty including cost and conveyance of all labour and materials at site of work complete as directed. Standard data-Separate data sheet- W/S & Sanitary data,
"Supply & fixing of bib cock cum health faucet with 1mt. Long tube & wall hook of jaguar continental series, chrome finish with 7 years warranty including cost and conveyance of all labour and materials at site of work complete as directed. Standard data-Separate data sheet- W/S & Sanitary data",
Supply & fixing of TV shape mirror with plastic frame of size 609.6mm X 457.20mm including cost and conveyance of all labour and materials at site of work complete as directed by the Engineer-in-charge. Standard data-Separate data sheet- W/S & Sanitary data,
Supply & fixng NP soap dish heavy duty type with NP screws including cost and conveyance of all labour and mateirals at site of work complete as directed by the Engineer-in-Charge. Standard data-Separate data sheet- W/S & Sanitary data,1Rm
Supply & fixing of 19.04mm dia & 609.6mm long alluminium anodized towel rod with brackets and alluminium screws including cost and conveyance of all labour and materials at site of work complete as directed by the Engineer-in-charge. AP SoR 2024-25 CFMS Code LAB-02160-S.No.616,1Rm
Construction of 0.90 m X 0.90 m inspection chamber Upto 904.00 mm height with brick masonry in CM 1:6 pro . with RCC cover 75mm thick including Including excavated PCC 1:5:10 100 mm thick using 40 mm gauge HBG metal PCC 1:2:4 for benching and channel 50 mm thick plastering 20 mm thick in CM 1:3 pro & 12 mm thick CM 1:3 curing steel cost and conveyance of all labour and materials at site of work complete. Standard data-Separate data sheet- W/S & Sanitary data,1Rm
"Providing 4'0"" dia Leach pit for 6'0"" depth using RCC pre cast rings of 4'0"" dia 6 Nos. and providing RCC pre cast cover, 110mm dia SWR vent pipe for 10'0"" length including earth work excavation, cost and transportation of the rings and cover to the site, grounting the joints with cement morter and filling the sides of the pit with excavated earth, cost of rope and other materials and T&P required including cost and conveyance of all materials and all incidental & operational, labour charges like mixing cement morter, curing etc., complete for finished item of work as per instructions of the Engineer-in-charge. As per attached sheetWS Toilet block data",1Rm
Supply & fixing of following CPVC pipes / specials to meet the requirement of ASTM - D 2846 and are produced in CTS (Copper tube sizes) 41.30mm OD Ashirvad flow guard SDR 13.50 pipes are made from idential CPVC compounds having the same physical properties for hot & cold water (IS 15778 - 2007) including cost and conveyance of all labour and materials at site of work complete as directed. 22.20 mm OD CPVC pipe SDR 13.50 Standard data-Separate data sheet- W/S & Sanitary data Standard data-Separate data sheet- W/S & Sanitary data Standard data-Separate data sheet- W/S & Sanitary data 22.20mm dia to 15.00mm dia CPVC Reducer 22.20mm dia CPVC FTA brass threaded 28.60 mm OD CPVC pipe SDR 13.50 Standard data-Separate data sheet- W/S & Sanitary data Standard data-Separate data sheet- W/S & Sanitary data Standard data-Separate data sheet- W/S & Sanitary data 28.60mm dia to 22.20mm dia CPVC Reducer 28.60mm dia CPVC FTA brass threaded 28.60mm dia zoloto make brass Ball valve 22.20 mm dia zoloto make brass valve,1Rm
"Supply, fixing and commissioning the following PVC pipes including couplers / bends / tees etc., including fixing necessary fittings like bends, plugs, couplers, junctions, tees etc., with solvent joining as per standard practice including cost and conveyance of all labour and materials at site of work complete as directed by the Engineer-in-charge. 75mm PVC / SWR pipe of 4Kg/Sqcm. Standard data-Separate data sheet- W/S & Sanitary data Standard data-Separate data sheet- W/S & Sanitary data Standard data-Separate data sheet- W/S & Sanitary data AP SoR 2024-25 CFMS Code LAB-01978-S.No.425 AP SoR 2024-25 CFMS Code LAB-01985-S.No.432 110 mm PVC / SWR pipe of 4Kg/Sqcm. Standard data-Separate data sheet- W/S & Sanitary data Standard data-Separate data sheet- W/S & Sanitary data Standard data-Separate data sheet- W/S & Sanitary data AP SoR 2024-25 CFMS Code LAB-01980-S.No.427 AP SoR 2024-25 CFMS Code LAB-01987-S.No.434 AP SoR 2024-25 CFMS Code LAB-01993-S.No.440 AP SoR 2024-25 CFMS Code LAB-01991-S.No.438 4"" dia nahany trap with CP jalli Standard data-Separate data sheet- W/S & Sanitary data",1Rm
Supply & fixing of sintex plastic water tank third layer ISI standard including loading unloading charges and including providing neccesary holes 1' dia - 4 No's and including fixing necessary including cost and conveyance of all labour and materials at site of work complete as directed by the Engineer-in-Charge. Standard data-Separate data sheet- W/S & Sanitary data,
Supply of the following materials including cost and conveyance of all labour and materials at site of work complete. As directed by the Engineer - In - Charge. AP SoR 2024-25 CFMS Code MAT-02215 S.No. 717 P.No.230,1Cum
Fixing of departmental steel sinks 2No's of size 18' - 0'' x 16' - 0'' including all accenies 1 1/4 steel bowle with couppling 1 No and steel 'L' bend including scnees cost and conveyance of all labour and materials at site of work complete. As directed by the Engineer - In - charge.,1Cum
"Supplying and fixing 12.7 mm CP long body bib cock fancy type deluxe heavy duty Indian make with CP flangeheavy SEIKO/SENIOR/NICE or equivalent make including cost and conveyance of all materials and labour, etc. complete for finished item of work as directed by Engineer-in-Charge. MAT-01820 Standard data-Separate data sheet- W/S & Sanitary data",1Cum
"Transportation of dismantled material to a distance of 1.00 Km. away from site including loading, unloading cost and cnveyance of all labour and materials at site of work complete as directed by the Engineer-in-Charge. As per item No : 1 7.20 x 1.20 = 8.55 Supply & fixing Indian make Flat Back Wash Hand Basin Ist quality conforming to IS : 2556-Part-4:1972 with waste fittings like rubber plug, chain 32 mm nominal size C.P. Fitting with parallel pipe thread conforming to IS : 2963-1979 and fitted with 15mm nominal bore chromium plated pillar Tap of Ist quality Indian make 400 grams Seiko / Senior / Nice / Esso or equivalent complete including 12.70mm PVC connection, 12.70mm angle stop cock, 31.70mm PVC flexigel waste water pipe or equivalent with standard CI brackets including wooden block : 550 X 400mm including cost and conveyance of all labour and materials at site of work complete as directed by the Engineer-in-charge.",1Cum
"Earth work excavation in ordinary soils like B.C.soils, hard gravel, hard morrum, loamy, clayey, red earth, including shoring strutting and dewatering for foundations of buildings and depositing on bank with initial lead of 10m as directed by engineering-in-charge.",
"Supply & filling of dust in foundation and basement including watering, compacting all incidental and operational charges, etc., cost and conveyance of all labour and materials at site of work complete as directed by the Engineer-in-Charge.",
"Plain cement concrete (1:5:10) proportion for column foundationof IS 383-1970 using 40mm hard granite metal, machine crushed from approved quary including mixing laying, ramming, curing, , etc. complete as directed by the Engineer- in-Charge.",
"Cement plastering to basements in CM(1:5) prop.20 Including racking out the joints, neat finishing, curing, including cost and conveyance of all labour and materials etc. at site of work complete as directed by the Engineer-in-Charge.",
Refilling with excavated earth including cost and conveyance of all labour and materials etc. at site of work complete as directed by the Engineer-in-Charge.,
"Providing and laying of mechanically mixed cement concrete pavement 150mm thick to the required levels using 0.103 Cum of machine crushed hard granite coarse aggregate of 40mm size & 0.044 cum of machine crushed hard granite coarse aggregate of 12mm size and 0.07 cum pure river sand of brought from approved quarry per Sqm of CC area laid in panels of size 3.50M x 3.50 M in line and level or slope using a Admixture of approved quality including form work, machine mixing, compaction with pin and screed board vibrator pan vibrator, cost of cement, cost of coarse and fine aggregates, fine finishing to even surface cutting and making grooves of 6mm x 50mm by using necessary tools/by cutting with necessary machine for Transverse/ contraction joints and providing departmental premoulded filler mastic pads of 12.7mm thick of shalimar/Lloyd or equivalent make for Expansion joints at every 31.5mts distance and rounding edges for Transverse/Contraction, Expansion joints and filling Transverse/Contraction, Expansion joints joints with shalijet seailing compound duly applying primer at every joint of exposed surface (including cost of shalijet seailing compound and primer) as approved by the site in charge including all incidental operational charges, cost of fuel, heating charges and tools and plants etc., cost and conveyance of all labour and materials at site of work as directed by the Engineer in Charge",
"Impervious coat over roof 20mm thick in CM(1:3) including neat finishing, curing, cost and conveyance of all labour and materials etc. complete as directed by the Engineer-in-Engineer.",
"Removing of damaged AC sheets, 'J' Bolts, washers & nuts including cutting the alround brick masonary / PCC including stacking the useful material for reuse and disposing the debris to a far off distance, all incidental and operational charges, cost and conveyance of all labour and materials at site of work complete as directed by he Engineer-in-Charge. Standard data-Summary-S.No.114 a",
"Supply & fixing of roof accessorie made with pre-painted galvalume profile sheets with 0.5mm thick, width 0.585, length maximum 2 1/2"" mtrs. medium size large cap for ridge, barge cap, corner trim, L - flashing, down pipes gutter etc., including cost and conveyance of all labour and materials at site of work complete as directed by the Engineer-in-Charge.",
"Painting two coats to old walls with best variety synthetic enamel paint of approved colour and quality, preparing and cleaning the surface and dirt, cost of brushes scaffolding charges including putty, cost and conveyance of all labour and materials at site of work complete as directed by the Engineer-in-Charge. Standard data-Separate sheet-Painting data",
"Painting two coats to old Iron work with best variety synthetic enamel paint of approved colour and quality, preparing and cleaning the surface and dirt, cost of brushes scaffolding charges including putty, cost and conveyance of all labour and materials at site of work complete as directed by the Engineer-in-Charge. Standard data-Separate sheet-Painting data",
"Painting with exterior emulsion paint two coats to walls with approved colour and quality including labour charges for thoroughly brushing the surface to remove all dirt and remains of loose powdered materials including putty cost and conveyance of all labour, materials and incidental such as scaffolding, lift charges etc., complete for finished item of work as directed by the Engineer-in-Charge. Standard data-Separate sheet-Painting data",
Removing of damaged RR masonary in cement mortor and stacking useful material for reuse and disposing the debris to a for off distance all incidental and oprational charges cost and conveyance of all labour and materials at site of work complete as directed by the Engineer In Charge,1m3
Removing of damaged brick masonary in cement mortor and stacking useful material for reuse and disposing the debris to a for off distance all incidental and oprational charges cost and conveyance of all labour and materials at site of work complete as directed by the Engineer In Charge,1 cum
"Providing and laying plain cement concrete 1:3:6 prop.(1cement:3 sand:6metal)using 40 mm guage hard granite machine crushed metal conforming to IS 383-1970 in foundation and for BED of flooring including machine mixing,disposing in position,ramming,finishing, curing including all incidental operational and cost and conveyance of all labour and materials at site of work complete as directed by the Engineer In Charge.",1 cum
"Providing and laying pain cement concrete 1:2:4 prop. Using 20mm hard granite machine crushed metal for bed of flooring including Machine mixing depositing in position ramming, vibration curing labour and materials at site of work complete as directed by the Engineer-In-Charge.",10m2
"proving impervious plastering to inspection pit in CM1:3 prop (1cement:3sand)of 20 mm thick including cost of impervious compou-nd and labour charges for applyingcement slurry to the sureface before plastering cleaning the surface,cost and conveyance of all labour and materials at site of work complete as directed by the Engineer-in-Charge",1 Rm
"proving plastering to inspection pit in CM1:4 prop (1cement:4sand)of 20 mm thick including cost and labour charges for applyingcement slurry to the sureface before plastering cleaning the surface,cost and conveyance of all labour and materials at site of work complete as directed by the Engineer-in-Charge",1 cum
"Supply and fabrication errection of MS angle of size 50x50x6mm for fixing at edge of steps,including transportation charges,hire charges of T&P,cost and conveyance of all labour and materials at site of work complete as directed by the Engineer-In-Charge tion the site of work including cost and conveyance of all labour and",1 cum
"Supply and fabrication of tor steel fe 500 grade of vishaka/Tata steel/ Thirupathi TMT or any ISI marked or ISO approved makes including cutting, bending, tying grills as per design,cost of binding wires, loading and transporta-materials at site of work complete as directed by the Engineer-In-Charge.",1 cum
Transportation of dismantled materials and debris up to 5km away from site including loading in loading cost and conveyance of all labour and materials at site of work complete.,1 cum
Supply of FOSROCK chemical as bonding ajent for concrete including trasportation of materials to the site of work cost and conveyance of all labour and materials at site of work complete Standard data-Separate sheet-Inspection pit,
"Providing plain Cement Concrete (1:4:8) with a minimum of using 40 mm gauge hard granite machine crushed metal including labour charges for machine mixing, centering, laying concrete, compacting, vibrating, rendering, fine finishing, curing, conforming to IS 456-1978 including all incidental, operational, scaffolding and , cost and conveyance of all materials and labour, at site of work complete (excluding cost of steel, binding wire and its fabrication) as directed by the Engineer-in-Charge.",10 cum
"Supply and placing of the Design Mix Concrete M 25 grade corresponding to IS 456 with cement content of 380 kgs per 1 cum of concrete using weigh batcher / mixer with 20mm size graded machine crushed hard granite metal (coarse aggregate - as per IS 383 - 1970 and IS 2386 Part 1 to Part 8) from approved quarry including cost and conveyance of all materials like cement, fine aggregate (sand) coarse aggregate, water etc., to site, centering using steel scaffolding pipes , jack props , wallers , foot plates , brackets , steel centering plates etc., including all operational, incidental and labour charges such as weigh batching, machine mixing, lifting of concrete manually, laying concrete, vibrating, curing etc., and overheads & contractors profit complete but excluding cost of steel and its fabrication charges for finished item of work (APSS No. 402) Standard data-Separate sheet- M25- S.No.8",10 sqm
"Providing and Laying plain cement concrete 1:2:4 pro. (1cement: 2sand: 4metal) using 20mm gauge hard granite machine crushed metal conforming to IS 383-1970 in including machine mixing, depositing in position, ramming, finishing, curing including all incidental operational and cost and conveyance of all labour and materials at site of work complete as directed by the Engineer-in-Charge.",10 sqm
"Refilling with useful available excavated earth (excluding rock) with a lead of 50 m in trenches, sides of foundations and basement with initial lead in layers not exceeding 15cm thick, watering and ramming including cost and conveyance of water to work site and all operaitonal, incidental, labour charges, hire charges of T&P etc., and complete for fnished item of work (APSS NO.309&310)",1cum
"Providing Plastering to wall surface with CM(1:5) 12mm thick including cost of all materials, including conveyannce of materials and including all operational, incidental and labour charges for mixing mortar, laying, rendering smooth and thread lining, curing, rounding off junctions of wall and slab etc., complete for finished item of work. (APSS No. 901 & 903).(BLD-CSTN-10-25)",1MT
"Providing Impervious Plastering to wall surface with CM(1:3) 20mm thick including cost of all materials, including conveyannce of materials and including all operational, incidental and labour charges for mixing mortar, laying, rendering smooth and thread lining, curing, rounding off junctions of wall and slab etc., complete for finished item of work. (APSS No. 901 & 903).(BLD-CSTN-10-25)",1MT
"Supply & fabrication of reinforcement steel FE 500 grade for RCC works including cutting,bending, tying, fixing, cost of binding wire as directed by the Engineer-in-Charge.",1MT
"RR Stone masonry with other than granite variety in super structure for any thickness of wall in CM 1:8 (1cement:8sand) including cutting of stone all incidental, operational, seignorage charges, curing charges,cost and conveyance of all labour and materials, at site of work complete as directed by the Engineer-in-charge.",
"PLASTERING TO WALLS 12mm thick in CM 1:5 Prop. (1cement:5sand) 16mm thick Ist coat and 2nd coat in CM 1:3 Prop. (1cement:3sand) 4mm thick with DUBARA SPONGE finishing including cleaning the surface cost of curing, scaffolding all incidental seigniorae and operational charges cost and conveyance of all labour and materials at site of work complete as directed by the Engineer-in-Charge.",10m²
"Painting with exterior emulsion paint two coats to walls with one coat of primer total three coats approved colour and quality including labour charges for thoroughly brushing the surface to remove all dirt and remains of loose powdered materials including putty cost and conveyance of all labour, materials and incidental such as scaffolding, lift charges etc., complete for finished item of work as directed by the Engineer-in-Charge.",10m²
"Supply of Double charged/multi chargaed statin free full body porcelain vitrified tiles with double layer pigment of size 600 X 600 mm and thickness between 8-10 mm and 1st quality having uniform colour of approved make and texture conforming to IS 13711, IS 13712, IS 13630 (Part 1 to 15) any colour and finish in all shades & first quality make for FLOORING set in C.M 1 : 5 Pro. (1cement : 5 sand) 20mm thick and laid with line and level using cement slurry at 3.30 kgs per square metre of area and pointing the joints with white cement mixed with coloured pigment to match with colour of tile including cost of all materials, labour charges, lead charges, seigniorage charges, incidental and operational charges, curing and celaning etc., at site of work complete as directed by the Engineer-in-chage. Supply and laying skirting tiles of size not less than 600 X 600 and thickness between 8-10mm Vitrified tiles of first quality having uniform colour and texture of best quality of approved make in CM ( 1:5 ) prop. 12mm thick for SKIRTING including neat fencing with cement slurry of honey like consistency spread at 3.30 kgs per sqm and joints pointed with wite cement paste to full depth mixed with pigment of matching shade with tiles, transportation, lift all incidental operational charges complete as directed.",1Rm
"supply and fixing anodised openable windows as for approved drawing with alluminium anodised section of series C jindal hollow sections and outer frame of 8804 of size 46 x 44 mm , shutter frame 8802 of size 44 mm x 46 mm and mullion frame of 8803 of size 59 x 38 and glazing section of 4433 with plain clear float glass 6 mm thick fixied including supply and fixing aluminium power coated friction stay hinges for each shutter, 1no of aluminium handle of 150 mm for each shutter and all labour charges for fixing the fixures with required no . of screws , bolts , nuts including labour charges for fixing the frame in position fixing shutter to frame etc, complete for finished item of work",1 sqm
"Supply and fixing aluminium anodised sliding windows as per drawing using frame section 62.10 mm x 29.50 mm at 0.881 kg/m and shutter section 40 x 18 x 150 mm including glazing clips , 5mm thick float glass rubber beading aluminium lock cum handle rollers etc.., cost and conveyance of all labour and materials at site of work complete.",1 Rm
"Providing and fixing factory made solid Wood Polymer Composite (WPC) single extruded Door Frame section of size with encapsulation of 8MM rigid layer on all the six surfaces. The door frame will have a rebat of 32MM. Door Frame section of 45x75 MM . The two Vertical members are to be joined together with the horizontal member using 8x50 MM long MS Star full thread screws to be used with reverse forward speed control hand drilling machine. The ready/assembled door frame is fixed to the wall using hold fast or bolt fasteners. A minimum of 4 No.s of screws to be provided for each vertical member & minimum 2no.s for horizontal member including cost of labour, hire charges of required T&P all incidential and operational charges cost and conveyance of all llabour and materials at site of work etc., complete as directed by the Engineer-in-charge.",1m²
"Providing and fixing 28 – 30 MM thick solid wood polymer composite (WPC) Double extracted door shutter with 3 mm top and bottom rigid layer with overall density of 750kg/cum including Al hinges 125 mm long 3no’s ,Al. Tower bolts 250 mm long, Al.aldrops 300mm long, ,Al door stopper 1no including cost and conveyance of all labour and materials at site of work complete",10m²
"Providing and fixing 28 – 30 MM thick solid wood polymer composite (WPC) single extracted door shutter with 3 mm top and bottom rigid layer with overall density of 750kg/cum including Al 125 mm long 3no’s ,Al. Tower bolts 250 mm long, Al.aldrops 300mm long, ,Al door stopper 1no including cost and conveyance of all labour and materials at site of work complete.",1 cum
Transportation of excavated earth to distance of 1Km away from the size including cost and conveyance of all labopur and materials at site of work complete as directed by the Engineer In Charge.,1 cum
"Providing plain Cement Concrete (1:4:8) using of with a minimum strength of grade using 40mm gauge hard granite machine crushed metal including labour charges for machine mixing, centering, laying concrete, compacting, vibrating, rendering, fine finishing, curing, conforming to IS 456-1978 including all incidental, operational, scaffolding and seigniorage charges, cost and conveyance of all materials and labour, at site of work complete as directed by the Engineer-in-Charge.",1m³
"RR Stone masonry with other than granite variety in super structure for any thickness of wall in CM 1:6 (1cement:6sand) including cutting of stone all incidental, operational, seignorage charges, curing charges,cost and conveyance of all labour and materials, at site of work complete as directed by the Engineer-in-charge.",1m³
"Providing Granolithic flooring 20mm thick in CC 1:1:2 Prop. Using 6mm to 8mm HBG metal with glass panels of size 2'0"" X 2'0"" including laying, finishing, curing, compacting cost and conveyance of all labour and materials at site of work complete as directed by the Engineer-in-charge.",1m³
"Labour charges for fabrication and errection of departmental released purlins made with MS angle of size 50 X 50 X 2.6mm at 3.74Kg/1Rm, welded two angles make box section cost of bolts and nuts, cost of one coat red oxide primer and two coats of enamel paint transportation charges hire charges of T&P including cost and conveyance of all labour and materials at site of work complete as directed by the Engineer-in-Charge.",1m²
"Providing and Laying plain cement concrete 1:2:4 Pro. (1 cement:2sand:4metal) using 20mm gauge hard granite machine crushed metal conforming to IS 383-1970 for BED block including machine mixing, deposi, ramming, finishing, curing including all incidental operational and seigniorage charges cost and conveyance of all labour and materials at site of work complete as directed by the Engineer-in-Charge.",10m²
"PLASTERING TO WALLS 12mm thick in CM 1:5 Prop. (1cement:5sand) 9mm thick Ist coat and 2nd coat in CM 1:3 Prop. (1cement:3sand) 3mm thic with DUBARA SPONGE finishing including cleaning the surface cost of curing, scaffolding all incidental seigniorae and operational charges cost and conveyance of all labour and materials at site of work complete as directed by the Engineer-in-Charge.",1m²
Binding wall in BM in CM (1:6)prop. To a thicknesss of 1' -1 1/2'' x 0.9'' and cement plastering to sides in CM (1:6)prop 1/2'' including cost and conveyance of all labour and materials at site of work,10m²
"Painting with exterior emulsion paint two coats to walls over primary coat total three coats with approved colour and quality including labour charges for thoroughly brushing the surface to remove all dirt and remains of loose powdered materials including putty cost and conveyance of all labour, materials and incidental such as scaffolding, lift charges etc., complete for finished item of work as directed by the Engineer-in-Charge.",1m³
"Painting with Interior emulsion paint two coats to walls over primary coat total three coats with approved colour and quality including labour charges for thoroughly brushing the surface to remove all dirt and remains of loose powdered materials including putty cost and conveyance of all labour, materials and incidental such as scaffolding, lift charges etc., complete for finished item of work as directed by the Engineer-in-Charge.",1m²
"Refilling of excavated earth in foundations and basement hire charges of T& P all incidentatl operational charges, including cost and conveyance of all labour and materials at site of work complete as directed by the Engineer-in-Charge.",1m²
"Providing plain Cement Concrete (1:4:8) using of with a minimum strength of grade using 40mm gauge hard granite machine crushed metal including labour charges for machine mixing, centering, laying concrete, compacting, vibrating, rendering, fine finishing, curing, conforming to IS 456-1978 including all incidental, operational, scaffolding and seigniorage charges, cost and conveyance of all materials and labour, at site of work complete as directed by the Engineer-in-Charge. Supply and palcing of the design mix concrete M25 grade correspanding to IS 456 with cement content of 380 kgs per 1 cum of concrete using weight batcher / mixer with 20mm size graded machine crushed hard granite metal (coarse aggregate - as per IS 383 - 1970 and IS 2386 part 1 to part 8 from approved quarry including cost and conveyance of all materials like cement, fine aggregate (sand) coarse aggregate water etc.., to site centering using steel scaffolding pipes jack props wallers foot plates , brackets , steel centering plates etc.., including all operational, incidental and labour charges such as weight batching, machine mixing, lifting of concrete manually , laying concrete , vibrating , curing etc.., and over heads & contractors prifit complete but excluding cost of steel and its fabrication charges for finished item of work columns GL",1m³
"Pointing to RR masonry in CM 1:4 Prop. (1cement:4sand) in basement, racking out the joints including cleaning the surface, curing all incidental, operational and seigniorage charges cost and conveyance of all labour and materials at site of work complete as directed by the Engineer-in-Charge.",10m²
"PLASTERING TO WALLS 20mm thick in CM 1:5 Prop. (1cement:5sand) 9mm thick Ist coat and 2nd coat in CM 1:3 Prop. (1cement:3sand) 3mm thic with DUBARA SPONGE finishing including cleaning the surface cost of curing, scaffolding all incidental seigniorae and operational charges cost and conveyance of all labour and materials at site of work complete as directed by the Engineer-in-Charge.",1m²
2 Engaging of mechanical excavator including cost and conveyance of all labour and materials at site of work complete as directed by Approch to the site and removing,
Engaging of mechanical excavator including cost and conveyance of all labour and materials at site of work complete as directed by Approch to the site and removing,
"Dismantling the damaged brick masonary in cement mortor and cleaning away the debris from the workspot and care fuylly Stacking the materials for re use including of T &P, hire charges of all the T & P,cost and conveyance of all labour and materials at site of work complete as directed by the Engineer in charge.",
"Bricks masonary with brick having a minimum crushing strength of 35kg/sq.cm. as per IS1077-1976 in superstructure for any thick ness of walls in C.M1:8pro.(1cement:8sand)including soaking of brick all incidental,operational, scaffolding,curing charge cost and conveyance of all labour and material at site of work complete as directed by the Engineer-in-charge (ground floor upto a height of 12'0""above basement level)",
"Providing Plastering to flooring in C.M1:5 pro. (1cement:3sand) 3/4"" or 20mm thick including fine finishing rendering smoothe- ning the surface with cement, curing, all incidental and opera- tional cost and conveyance of all labour and materials at site of work complete as directed by the Engineer-in-charge.",
"Plastering 3/4"" or 12mm thick in CM1:5 pro.(1cement:5sand) 5/8"" thick 1st coat and 2nd coat in CM1:3 pro.(1cement:3sand) 1/8"" thick with dubara sponge finishing including cleaning the surface cost of curing ,scaffoiding,lift,all incidenatal and operational charges cost and conveyance of all labour and material at site of work complete as dorected by the Engineer-",
"white washing two coats to walls and ceiling with freshli burnt and slacked shell lime OR janatha cem of approved quality including cost of Gum,Gunjee and water,labour charges for preparing and cleaning the surface and dirt with soap and brushes including putty cost,scaffolding, cost and conveyance of all labiour and material at site of work complete as directed compound wall ADDL ITEMS coping work on top of pillars and compound wall in BM of size 1'3""x1'3"" in CM(1:6) prop. Refilling of excavated earth in foundation and basement hire hire charges of T&Pall incidental operational charges,including cost and conveyance of all labour and materials at site of work complete as directed by the Engineer in charge.",
"Removing of damaged compound wall (RCC) pannels cleaning away the debris from the workspot including of all T&P, hire charges of all the T&P, cost and conveyance of all labour and material at site of work complete directed by the Engineer in charge.",10m3
"Bricks masonary with brick having a minimum crushing strength of 35kg/sq.cm. as per IS1077-1976 in superstructure for any thick ness of walls in C.M1:8pro.(1cement:8sand)including soaking of brick all incidental,operational, scaffolding,curing charge cost and conveyance of all labour and material at site of work complete as directed by the Engineer-in-charge (ground floor upto a height of 12'0""above basement level) Plastering 20mm in CM1:6 pro.(1cement:6sand)including surface cost of curing ,scaffoiding,lift,all incidenatal and operational charges cost and conveyance of all labour and material at site of work complete as dorected by the Engineer-",
"Plastering 20mm in CM1:6 pro.(1cement:6sand)including surface cost of curing ,scaffoiding,lift,all incidenatal and operational charges cost and conveyance of all labour and material at site of work complete as dorected by the Engineer-",19.69m2
"Plastering 12mm in CM1:6 pro.(1cement:6sand)including surface costof curing ,scaffoiding,lift,all incidenatal and operational charges cost and conveyance of all labour and material at site of work complete as dorected by the Engineer-",19.69m2
"providing barbed wire fencing on compound wall with 40x40x6mm MS angle of 4'0"" length at 12'0"" center to center and providing SWG barbed wire 6nos horizentals & 2nos diagonals including cost of GI wire for tying the barbed wire and making holes in brick masonary for fixing MS angle including cost of PCC 1:2:4 prop. of size 0.23x0.23x0.23mts complete as directed by",
"Earth work excavation in all kind of soils wet or dry such as Clay hard clay, black cotton soil, red earth, moorum,gravel etc., inloose and slushy condition except rock requiring Blasting for fondation of walls and column footings including Bailing out of water (pumping out water if necessary)with Necessary site clearence, marking out temporary steping, Slopping, shoring strutting ,sectioning, tamping as directed With an intial lead of 10m and lift of 2m complete as directed",
"2 Earth work excavation in all kind of soils wet or dry such as Clay hard clay, black cotton soil, red earth, moorum,gravel etc., inloose and slushy condition except rock requiring Blasting for fondation of walls and column footings including Bailing out of water (pumping out water if necessary)with Necessary site clearence, marking out temporary steping, Slopping, shoring strutting ,sectioning, tamping as directed With an intial lead of 10m and lift of 2m complete as directed",10m3
"supply and filling of sand in foundation,basement and sides Of foundation in 150mm thick layers complying with standard specification including watering consolidation ,cost and conveyance of all labour and material at site of work complete as directed by the engineer-in charge",1m3
"Bricks masonary with brick having a minimum crushing strength of 35kg/sq.cm. as per IS1077-1976 in superstructure for any thick ness of walls in C.M1:8pro.(1cement:8sand)including soaking of brick all incidental,operational, scaffolding,curing charge cost and conveyance of all labour and material at site of work complete as directed by the Engineer-in-charge (ground floor upto a height of 12'0""above basement level) off sets 1x",1m3
"Plastering 20mm in CM1:5 pro.(1cement:5sand)including surface cost of curing ,scaffoiding,lift,all incidenatal and operational charges cost and conveyance of all labour and material at site of work complete as dorected by the Engineer-",10m2
"Plastering 12mm in CM1:5 pro.(1cement:5sand)including surface cost of curing ,scaffoiding,lift,all incidenatal and operational charges cost and conveyance of all labour and material at site of work complete as dorected by the Engineer-",1Rm
"Providing coping with brick masonary on top of pillars and compound wall 1'3""x1'3"" in CM1:6 pro (1cement:6sand) and plastering with CM 1:6pro 12 mm thick all round coping including mixing cement mortar finishing and soaking of brick curing all incidental operational charges including cost and conveyance of all labour and materials at site of work complete as directed by the Engineer in charge.",1Rm
"Providing barbed wire fencing compound wall with 40x40x6mm MS angles of 4'0"" length 12'0""center to center and providing SWG barbed wire 6 nos horizental&2nos diagonals diagonals including cost of GI wire for tying the barbed wire and making holes in bricks masonary nfor fixing MS angle including cost of PCC 1:2:4 prop.of size 0.23x0.23x0.23 mts complete as directed by the Engineer in charge .",10m2
"Colour washing two coats to walls and ceiling with freshli burnt and slacked shell lime OR janatha cem of approved quality including cost of Gum,Gunjee and water,labour charges for preparing and cleaning the surface and dirt with soap and brushes including putty cost,scaffolding, cost and conveyance of all labiour and material at site of work complete as directed",10m2
"Engaging of mechanical excavator including cost and Conveyance of all labour and materials at site of work complete As directed by the engineer in charge. For removing the granite stones, cutting the bushes, trees and roots",10m3
"Refilling of excavated earth in foundation and basement hire hire charges of T&Pall incidental operational charges,including cost and conveyance of all labour and materials at site of work complete as directed by the Engineer in charge.",10m3
"2 Making of holes above 18mm dia in RCC/any stones above 50mm thick including hire charges of drilling machine,crew charges ,all incidental and operational c/c of all albour and materials at site of work etc., complete as directed.(SSR P.No.166,Sl.No.1059)",
"Making of holes above 18mm dia in RCC/any stones above 50mm thick including hire charges of drilling machine,crew charges ,all incidental and operational c/c of all albour and materials at site of work etc., complete as directed.(SSR P.No.166,Sl.No.1059)",
"providing RCC 1:2:4 of M20 grade using a minimum quantity of 330kgs of cement and 20mm gauge hard granite machine crushed metal conforming the concrete to IS 456-2000 including labour charges for machine mixing, centering, laying concrete, compacting, vibrating, rendering fine finishing, curing, including all incidental, operational, scaffolding, lift and seigniorage charges, cost and conveyance of all materials and labour etc. at site of work complete (excluding cost of steel, binding wire and its fabracation) as directed by the Engineer-in-charge",
"Providing and laying CC(1:2:4)prop.using 20mm gauge hard granite machine crushed metal in foundation including machine mixing , depositing in position,ramming,finishing all incidental and operational, seig.charges, curing charges, centering charges ,c/c of all labour and materials at site of work etc., complete.",
"Supply and Labour charges for fabrication and placing of reinforcement tor steel bars including bending tying grills with binding wire, transportation steel from place of supply to work spot all incidental and operational charges, c/c of all labourand materials at site of work etc., complete as directed.(Approved data Sl.No.92)",
"Cement Plastering in C.M 1:5 Pro. (1cement: 5sand) 1/2"" or 12mm thick including fine rendering and smooth finishing, curing, cleaning the surface including all incidental operational, scaffolding, lift and seigniorage charges, cost and conveyance of all labour and materials etc.at site of work complete as directed by the Engineer-in-charge. For East side platforms Kerb Beam For West side platforms Kerb Beam",
"Painting with synthetic Enamel paint two coats to new walls over exisiting priming coat of approved colour and quality including labour charges for preparing and cleaning the surface and dirt with soap and brushes including cost and conveyance of all labour and materials at site of work complete with necessary scaffolding, lift etc. complete as directed by the Engineer-in-charge For East side platfoms Kerb Beam For West side platfoms Kerb Beam",
"2 Making of holes above 18mm dia in RCC/any stones above 50mm thick including hire charges of drilling machine,crew charges ,all incidental and operational c/c of all albour and materials at site of work etc., complete as directed.(SSR P.No.166,Sl.No.1059) For North side Platforms for Anchor rods",
"Making of holes above 18mm dia in RCC/any stones above 50mm thick including hire charges of drilling machine,crew charges ,all incidental and operational c/c of all albour and materials at site of work etc., complete as directed.(SSR P.No.166,Sl.No.1059) For North side Platforms for Anchor rods",
"Cement Plastering in C.M 1:5 Pro. (1cement: 5sand) 1/2"" or 12mm thick including fine rendering and smooth finishing, curing, cleaning the surface including all incidental operational, scaffolding, lift and seigniorage charges, cost and conveyance of all labour and materials etc.at site of work complete as directed by the Engineer-in-charge.",
"Painting with synthetic Enamel paint two coats to new walls over exisiting priming coat of approved colour and quality including labour charges for preparing and cleaning the surface and dirt with soap and brushes including cost and conveyance of all labour and materials at site of work complete with necessary scaffolding, lift etc. complete as directed by the Engineer-in-charge",
"2 Making of holes above 18mm dia in RCC/any stones above 50mm thick including hire charges of drilling machine,crew charges ,all incidental and operational c/c of all albour and materials at site of work etc., complete as directed.(SSR P.No.166,Sl.No.1059) For East side Platforms for Anchor rods",
"Making of holes above 18mm dia in RCC/any stones above 50mm thick including hire charges of drilling machine,crew charges ,all incidental and operational c/c of all albour and materials at site of work etc., complete as directed.(SSR P.No.166,Sl.No.1059) For East side Platforms for Anchor rods",
"2 Structural repairs to the Ceiling of RCC slab duly chipping with pneumatic power chiselling equipment and until to achieve the hard mother concrete surface duly cleaning of the surface, cleaning of steel reinforcement with sand paper and iron brushes for removing of reust, applying Anti corrosive paint of FOSROC make, applying bonding agent of FOSROC make, strengthening the ceiling with C.C.( 1:1.5:3) prop.using 6mm down graded HGMC metal 40mm thick average thickness using construction chemicals and redoing the ceiling with cement plastering 12mm thick in C.M.1:3 &1:5 prop.with neat finishing , including curing, scaffolding arrangements at different places , cost of construction chemicals, all incidental, operational, seigniorage charges, cost and conveyance of all labour and materials at site of work complete(G.Floor slab). In Bus Station wating hall patches",
"Structural repairs to the Ceiling of RCC slab duly chipping with pneumatic power chiselling equipment and until to achieve the hard mother concrete surface duly cleaning of the surface, cleaning of steel reinforcement with sand paper and iron brushes for removing of reust, applying Anti corrosive paint of FOSROC make, applying bonding agent of FOSROC make, strengthening the ceiling with C.C.( 1:1.5:3) prop.using 6mm down graded HGMC metal 40mm thick average thickness using construction chemicals and redoing the ceiling with cement plastering 12mm thick in C.M.1:3 &1:5 prop.with neat finishing , including curing, scaffolding arrangements at different places , cost of construction chemicals, all incidental, operational, seigniorage charges, cost and conveyance of all labour and materials at site of work complete(G.Floor slab). In Bus Station wating hall patches",
"Removing damaged wall plastering and racking our the joints and clearing the waste from site of work etc., complete as directed.",
"Providing Plastering in CM(1:5)prop. With 20mm thick to walls with neat finishing, smooth the surface,seig.charges, curing cost , all incidental and operational , c/c of all labour and materilas at site of work etc., complete . (Approved data Sl.No.59)",
"Whiting to ceiling two coats with freshly burnt and slacked shell lime/ suryacem or equivalent of approved quality including cost of gunjee, water labour charges for preparing and cleaning the surface and dirt with soap and brushes including putty, cost and conveyance of all labour and materials at site of work complete with necessary scaffolding etc., as directed.",
Painting with Interior emulsion paint two coats to walls over existing priming coat of approved colour and quality including labour charges for preparing and cleanig the surface and dirt with soap and brushes including c/c of all labour and materials at site of work complete with necessary scaffolding as directed .,
SAND FOR MORTAR(Un Screened)- Lead distance is from Govt. notified sand stockyards,
SAND FOR FILLING- Lead distance is from Govt. notified sand stockyards,
Stone crusher dust finer than 3mm (0.075 sieve passing < 10%),
"Cement : Per MT 1. Please enter Place, Area Allowance and leads, initial cost of structural steel only. There is no necessity to enter data at any place. 2. Enter Zero in lead column if particular material is not available 3. If lead is less than 1 KM enter 1 KM as lead 4. Water charges- Rs.135/KL for urban and Rs.105/KL for rural",
2 SAND FOR MORTAR(Un Screened)- Lead distance is from Govt. notified sand stockyards,
"Pol.Tandur blue stone (15-18mm th) Earth work excavation(Open) - Manual Earth work excavation(Foundations) - Manual Earth work excavation(Foundations)Mech. Earth work excavation(Foundations)Hard rock not requiring blasting - Manual Earth work excavation(Foundations)Hard rock not requiring blasting - Mechanical Supply & Filling of sand in basement Supply & Filling of gravel in basement Supply & Filling of gravel in basement with power roller P.C.C 1:3:6 With 40 mm metal(granite)-Manual mixing P.C.C 1:4:8 With 40 mm metal(granite)- Manual mixing P.C.C 1:5:10 With 40 mm metal(granite)-Manual mixing P.C.C 1:3:6 With 40 mm metal(granite)-Machine mixing P.C.C 1:4:8 With 40 mm metal(granite)- Machine mixing P.C.C 1:5:10 With 40 mm metal(granite)-Machine mixing P.C.C 1:4:8 With 40 mm metal(granite)RSJ - Machine mixing P.C.C 1:3:6 With 40 mm metal(granite)RSJ - Machine mixing P.C.C 1:2:4 With 20 mm metal(granite) Transportation of excavated earth Transportation of excavated earth Transportation of excavated earth Transportation of excavated earth PCC - Bed blocks, Templates, Steps R.C.C M20 - Footings, Kerbing ,Pile Caps R.C.C M20 - 150mm thick partition/retaining walls R.C.C M20 - 230mm thick partition/retaining walls R.C.C M20 Roof slab upto 6"" thick Flush Pointing to R.R.S masonary Flush Pointing to R.R.S masonary Flush Pointing to C.R.S masonary Flush Pointing to C.R.S masonary Sponge plastering 12mm thick (2 coats) to walls Sponge plastering 20mm thick (2 coats) to walls Sponge plastering 12mm thick (2 coats) to ceiling Impervious coat of 20 mm thick with water proofing compound over roof slab in CM (1:3) Skirting to ceiling 6""x6"" 12mm th. Skirting to ceiling 9""x9"" 12mm th S&laying 1""th polished tandur blue stone flooring S&laying 1""th polished cuddapah Black stone flooring S&laying 20mmth adanga marble stone flooring S&laying 11/2""th ROUGH (Kadapa) stone flooring S&laying 1""th polished cuddapah Black stone RISERS/ SKIRTING of 6"" ht. S&laying 1""th polished cuddapah Black stone TREADS Kitchen platform (Kadapa black) S&laying 20mmth adanga marble stone skirting to walls (4"" skirting) S&laying 20mmth adanga marble stone URINAL PARTITIONS Making GROOVES 1/2""x 1/2"" in b.masonary Labour charges for A.C Sheet Roofing Labour charges for Galvalume Sheet Roofing S & L of Galvalume Sheet Roofing ( including wastage & overlaps) Providing R.C.pardas,fins,facias S&F of cast in situ RCC jallies S&Fixing CERAMIC tiles 300X450MM SIZE FOR SKIRTING S&Fixing CERAMIC tiles FOR SKIRTING 100MM Ht S&Fixing CERAMIC tiles FOR FLOORING S&F VITRIFIED tiles 600 x 600 mm FOR FLOORING S&F VITRIFIED tiles 600 x 600mm FOR SKIRTING S&F VITRIFIED tiles 600 x 600mm FOR SKIRTING 100MM Ht S&F 48.30mm OD MS Tubular Purlins S&F 60.30mm OD MS Tubular Purlins S&F 76.10mm OD MS Tubular Purlins S&F 88.90mm OD MS Tubular Purlins S&F 50x50x2.60mm MS Box Purlins(3.74kg/m) S&F 50x50x2.90mm MS Box Purlins(4.12 kg/m) S&F 60x60x2.60mm MS Box Purlins(4.55 kg/m) S&F 60x60x3.20mm MS Box Purlins(5.50 kg/m) or(80x40x3.20mm @5.50kg/m) S&F 72x72x3.20mm MS Box Purlins(6.71 kg/m) Supply & Fabrication of Fe 415 Grade dept. steel ( including wastage & overlaps) Supply & Fabrication of Fe 500/500D/550 Grade dept. steel ( including wastage & overlaps) Coping work on top pillars & comp. wall S&S 40mm HBG metal (MC) (IRC) Spreading 40 mm HBG metal (with flushing of sand) Spreading 40 mm HBG metal (without flushing of sand) for Repair works Formation of YARD with filling of sand with hand roller Spreading and consolidation of GRAVEL in yard in 6"" thick layers with Power Roller Earth work excavation in open yard and depositing with 10 extra leads Cutting CC pavement with power drilling machine Cutting BT with power drilling machine Cutting Water bound macadam road including soling Dismantling of stone masonry in Cement mortar Dismantling of brick masonry in Cement mortar Removing of doors, windows, ventilators including chowkhats (upto 3 Sqm) Dismantling of plain Cement concrete upto 15cm thick Dismantling of Reinforced Cement concrete Removing of AC sheet/Galvalume roofing and stacking carefully Cost of masatic pad 12mm thick (4' x 2') Solid block masonry in CM (1:6) using cement blocks of 290x200x140mm size up to 3.66m Solid block masonry in CM (1:6) using cement blocks of 290x225x140mm size Solid block masonry in CM (1:8) using cement blocks of 290x200x140mm size up to 3.66m",
Pol. Tandur Blue stone (15 - 18mm th) LEAD STATEMENT AS PER SSR : 2023-24,
SAND FOR MORTAR(Screened)- Lead distance is from Govt. notified sand stockyards,
"Cement : Per MT 1. Please enter Place, Area Allowance and leads, initial cost of structural steel only. There is no necessity to enter data at any place. 2. Enter Zero in lead column if particular material is not available 3. If lead is less than 1 KM enter 1 KM as lead 4. Water charges- Rs.131/KL for urban and Rs.99/KL for rural",
Supply & Filling of crusher dust in basement WITH HAND ROLLER,
"2 Earth work excavation in all kind of soils,wet or dry ,such as clay, red earth, moorum,gravels etc. except rock with intial lead of 10 mts and site of 3 only complete.",
"Earth work excavation in all kind of soils,wet or dry ,such as clay, red earth, moorum,gravels etc. except rock with intial lead of 10 mts and site of 3 only complete.",
Solid block masonary in CM 1:6 pro. Using cement block of size290 x200x140mm size including cost and conveyance of all labour and materials at site of wprk complete.,
"Brick masonary with second class bricks in CM 1:4 prop for 41/2"" thire wall including soaking and bricks cost and conveyance of all labour and materials at site of work complete.",
"cement Plastering 20mm thire in CM1:5 prop.with neat finishing including cost and conveyance,curing etc complete.",
cement Plastering 12mm thire in CM1:5 prop.with meat finishing including curing cost and conveyance of all labour and materials at,
Supplying and fixing of red earth including cost and conveyance of all labour and material at site of work complete,
Refilling of excavated soils earth in foundation and basement including cost and conveyance of all labour and material at site of,
"Removing of debries,cutting of tree branches and consolidation",
2 SPILL OVER WORKS FROM FY 2021-22 WORKS SANCTIONED AND COMPLETED WORKS SANCTIONED AND IN PROGRESS WORKS SANCTIONED AND TO BE TAKEN UP LUMPSUM PROVISION KEPT UNDER THE CONTROL OF DPTO FOR URGENT WORKS LUMPSUM PROVISION KEPT UNDER THE CONTROL OF ED FOR URGENT WORKS,
2 WORKS SANCTIONED - PRIORITY LIST Improvements to existing inspection pit in Bus Depot-1 at Nellore,
Improvements to existing inspection pit in Bus Depot-1 at Nellore,
Providing toilet block for security staff in Bus Depot-2 at Nellore,
Construction of toilets for security staff in Bus Depot-1 at Nellore,
"Certain improvements to the inspection pits to arrest the seepages (under ground) in Bus Depot-2, Nellore, SPSR Nellore District.",
"Providing toilet block for security staff in bus depot Rapur, SPSR Nellore District.",
"Improvements to existing inspection pits in Bus Depot at Kandukuru, SPSR Nellore District.",
"Providing CC Pavement East - North side of garrage in Bus Depot-2, Nellore, SPSR Nellore District.",
"Providing CC Pavement to the yard in between 1 & 2 depots gates in Bus Station at Nellore, SPSR Nellore District.",
Re-Construction of damaged compound wall in front of staff quarters at Nellore.,
"Construction of septic tank including chambers sanitary pipe lines in Bus Depot-1 Nellore, SPSR Nellore District.",
"Construction of toilet block with galvalume sheet roof for staff / Supervisors in Bus Depot Atmakuru, SPSR Nellore District.",
"2 Providing Cement Concrete pavement from TRS sanction to Engine shed in ZWS, at Nellore, SPSR Nellore District.",
"Providing Cement Concrete pavement from TRS sanction to Engine shed in ZWS, at Nellore, SPSR Nellore District.",
"Providing galvalume sheet cantilever projection to the body shed in ZWS, Nellore.",
Construction of additional toilet block with AC Sheet roofing in Hostel block of ZSTC/NLR.,
"Construction of 4'0"" height compound wall on East side at ZSTC, Nellore, SPSR Nellore District.",
"2 Improvements to inspection pits in Bus Depot at Kavali, SPSR Nellore District.",
"Capital Works Improvements to inspection pits in Bus Depot at Kavali, SPSR Nellore District.",
"Improvements to inspection pits in Bus Depot at Kavali, SPSR Nellore District.",
"Expansion of cargo shed towards South side of main Bus Station at Nellore, SPSR Nellore District. WORKS SANCTIONED AND IN PROGRESS WORKS SANCTIONED AND TO BE TAKENUP",
Raising of CC in the Bus depot - 2 at Nellore SPSR Nellore District.5 of new proposal,
"Construction of septic tank including chambers sanitary pipe lines in Bus Depot Nellore, SPSR Nellore District.",
"Electrical improvements works in Sub station in Main Bus Station at Nellore, SPSR Nellore District.",
"Replacement of damaged main switches in power room and Genarator room in Bus Depot at Kandukur, SPSR Nellore Nellore District.",
"Rewiring to garrage, Annexuries and illumination in Bus Depot at Atmakur, SPSR Nellore District.",
Replacement of damaged main switches by providing cubical panel board in Bus Depot at Kavali,
Rewiring and improvements to illumination in Bus Depot at Udayagiri.,
"Electrical improvements works in Generator room in main Bus Station at Nellore, SPSR Nellore District.",
"Improvemets to the yard by providing CC flooring in the Bus depot , Atmakuru Nellore District",
Expansion of crew rest room for gents in Bus Depot at Udayagiri.,
"Providing CC from Depot gate to platforms in Bus Station Atmakuru, SPSR Nellore District.",
"Providing CC from Bus Station yard CC edge to Depot gate in Bus Depot Udayagiri, SPSR Nellore District.",
"Construction of septic tank including chambers sanitary pipe lines in Bus Depot Atmakuru, SPSR Nellore District.",
"Construction of Toilet Block to DM office at Atmakuru,SPSR Nellore District",
"2 WORKS SANCTIONED AND IN PROGRESS WORKS SANCTIONED AND TO BE TAKENUP Providing Cement Concrete pavement from TRS sanction to Engine shed in ZWS, at Nellore, SPSR Nellore District.",
"Replacement of damaged main switches by providing Cubical panel boards in Generator room at TRS Nellore, SPSR Nellore District.",
"Removing of loose wires by providing permanent wiring and replacement of switches and switch boards in TRS & ZWS at Nellore, SPSR Nellore District.",
"Replacement of ug cable from ZSTC to SO (D&T) office in scrap yard at Nellore, SPSR Nellore District.",
"Construction of septic tank in place of damaged septic tank for existing toilets in ZSTC, Nellore SPSR Nellore District.",
Providing CC pavement to approch road to newly constructed body shed of size 90'x50' at ZWS/NLR.,
"Providing CC Pavement from ingate to scrap yard at ZSTC, Nellore",
"Improvements to conference hall by providing vitrified tile flooring, replacement of MS Windows and providing Acs in ZSTC/NLR",
"Providing barbed wire fencing around the vacant site of ZSTC, Nellore, SPSR Nellore District.",
"Providing attached toilets to Dy.CPM Chamber in ED's Office, Nellore.",
"2 WORKS SANCTIONED AND IN PROGRESS Construction of New dispensary at Bus Depot, Narasaraopeta, Palnadu District.",
"Capital Works WORKS SANCTIONED AND IN PROGRESS Construction of New dispensary at Bus Depot, Narasaraopeta, Palnadu District.",
"Construction of New dispensary at Bus Depot, Narasaraopeta, Palnadu District.",
"Improvements to the Bus Station at Piduguralla, Palnadu District. WORKS SANCTIONED AND TO BE TAKENUP",
Re-Wiring and improvements to illumination in Bus Station at Piduguralla,
Expansion of Bus Station and moderation of Bus Station at Vinukonda,
Providing CC Pavement to out gate approach of open site at Narasaraopet,
Improvements to Flooring in waiting hall of Bus Statio at Sattenapalli,
Electrical improvements work and illumination in Bus Depot at Vinukonda.,
"Electrical repairs and improvements to illumination by providing LED fixtures in Bus Depot at Piduguralla, Palnadu District.",
Rewiring and replacement of damaged Main switches by providing cubical panel board and improvement the illumination in Bus depot at Sattenapalli.,
Re-Wiring and replacement of damaged switch gears in Bus Depot Chilakaluripeta,
Rewiring and replacement of damaged Main switches by providing cubical panel board in Bus depot at Macherla.,
Rewiring and replacement of damaged Main switches in Bus depot at Vinukonda.,
"Replacement damaged main switches by providing panel board in Bus Depot at Narasaraopeta, Palnadu District.",
2 WORKS SANCTIONED AND IN PROGRESS Providing CC pavement in place of damaged CC yard at plat form Nos 7 to 11 and out gate way at old bus station Tenali.,
Capital Works WORKS SANCTIONED AND IN PROGRESS Providing CC pavement in place of damaged CC yard at plat form Nos 7 to 11 and out gate way at old bus station Tenali.,
Providing CC pavement in place of damaged CC yard at plat form Nos 7 to 11 and out gate way at old bus station Tenali.,
"Reconstruction damaged compound wall on South & West side of Bus Depot-1, Guntur, Guntur District. WORKS SANCTIONED AND TO BE TAKENUP",
"Providing inspection pits with RCC side walls inplace of damaged pit in B/D, Mangalagiri",
"Providing inspection pit with RCC side walls inplace of damaged pit in B/D-1, Guntur",
Reconstruction of damaged compound wall North side of B/D at Mangalagiri,
Providing BT approches at In & Out gate of NTR Bus Station at Guntur.,
Replacement of damaged Main switches by providing cubical panel board in Bus depot - I at Guntur..,
Construction of record room for Guntur - 1 DMs Office at first floor of NTR Bus Station at Guntur.,
Providing bitunimous concrete over damaged CC Panels on East side of departure block at NTR bus station Guntur.,
"Raising of floorings of DM,'Office,rest room,cargo section,contoller room and STI office in bus station,Ponnur,Guntur(Dt)",
"Improvements to floorings of old bus station at Tenali,Guntur(Dt)",
"Electrical repairs and improvements to illumination in Bus Depot at Punnuru, Guntur District.",
"Removing of damaged wires and permament wiring to waiting hall from PF - 1 to PF No.36 at NTR Bus Staiton, Guntur.",
Rewiring and improvement illumination in Bus Depot at Tenali.,
Improvements to illumnation and replacement of damaged cable to towers and LED flod lights in Bus Depot - 1 at Guntur.,
"2 WORKS SANCTIONED AND IN PROGRESS Expansion of Bus Station at Singarayakonda, Prakasam District. WORKS SANCTIONED AND TO BE TAKENUP Providing CC pavement to the washing plant approaches at Bus Depot, Giddaluru.",
"Capital Works WORKS SANCTIONED AND IN PROGRESS Expansion of Bus Station at Singarayakonda, Prakasam District. WORKS SANCTIONED AND TO BE TAKENUP Providing CC pavement to the washing plant approaches at Bus Depot, Giddaluru.",
"Expansion of Bus Station at Singarayakonda, Prakasam District. WORKS SANCTIONED AND TO BE TAKENUP Providing CC pavement to the washing plant approaches at Bus Depot, Giddaluru.",
"Providing CC pavement to the washing plant approaches at Bus Depot, Giddaluru.",
"Construction of 4' 0"" hight compound wall to Bus Station site at Markapuram",
"Construction of record room to DM's Office with galvalume sheet roofing in first floor of Bus Station at Kanigiri, Prakasam District.",
"Providing CC pavements on West side of Bus Station at Markapuram, Prakasam District.",
"Construction of toilet for secutity staff in Bus Depot at Marakapuram, Prakasam District.",
Providing attached toilets for security staff in existing dispatch room in Bus Depot at Giddaluru,
"Expanstion of toilet block In Bus Station at Markapuram, Prakasam District.",
"Improvements to drinking water arrangements by providing ground water sump in Bus station at Kanigiri, Prakasam District.",
"Improvements to drinking water arrangements by providing ground water sump in Bus station at Giddaluru, Prakasam District.",
"Rennovation of existing toilet block in Bus Station at Markapuram, Prakasam District.",
"Providing CC Pavement in Bus Depot at Kanigiri, Prakasam District.",
"Providing CC pavement in Bus Depot at Markapuram, Prakasam District.",
"Replacement of alluminium UG cable for Generator supply from bus depot to Bus Station Giddaluru, Prakasam District",
"Shifting of main switches from security room to generator room and replacement of UG cables in Bus Depot at Kanigiri, Prakasam District.",
"Replacement of UG cable to tower and improvements to illumination in Bus Depot, Podili, Prakasam District.",
"Replacement of main switches in generator room in Bus Depot at Podili, Prakasam District.",
"Improvements to illumination in Bus Depot at Kanigiri, Prakasam District.",
"Providing cubilcal panel boards in generator room and garrage in Bus Depot at Giddaluru, Prakasam District.",
2 WORKS SANCTIONED AND IN PROGRESS WORKS SANCTIONED AND TO BE TAKENUP Re wiring and improvements to illumination in bus depot at Chirala,
Re wiring and improvements to illumination in bus depot at Chirala,
"Replacement of main switches by providing cubical panel board Bus Depot Repalle, Bapatla District.",
Providing toilets to DPTO office staff at Ist floor of bus station Bapatla,
Providing inspection pit with RCC side walls in place of damaged pit in Bus Depot Repalle.,
"Construction of cargo shed in Bus Station at Chirala, Bapatla District.",
"Improvements to inspection pits in Bus Depot at Chirala, Bapatla District.",
"Construction of rest room with toilet facility for security staff in Bus Depot at Chirala, Bapatla District.",
"Replacement of switch gares in garrage at Bus Depot, Bapatla, Bapatla District.",
"Improvement to illumination by providing LED fixtures in Bus Station at Repalli, Bapatla District.",
Construction of work men toilets with galvalume sheet roofing in Bus Depot at Chirala.,
"Improvements to toilet block in Bus Station at Addanki, Bapatla District.",
2 WORKS SANCTIONED AND COMPLETED WORKS SANCTIONED TO BE TAKEN UP,
2 Cuting of CC pavement 150 mm thick by using poer drilling machine and removing the debris away form the site including hire charges of power drilling machine and crew charges including cost and conveyance od all labour and materials at site of work complete As directed by the Engineer In charge. Security room front side CC patch,1m³
"Providing and laying of mechanically mixed unreinforced plain cement concrete pavement 200 / 150mm thick over a prepared sub base to the required level using 0.90 cum of course aggregate of 0.63 cum (70%) of 40mm size machine crushed hard granite metal & 0.27 cum (30%) of 12mm size machine crushed hard granite metal and 0.45 cum of pure river sand (fine aggregate) brought from approved qurries and using 350kgs of 43 grade (IS 8112)/53 grade (IS 12269) Cement for one Cubic Meter Cement Concrete quantity. The course and fine aggregate shall confriming to IS 383.The CC shall be laid in panels upto size 3.50M x 3.50M in line and level or slope, using admixture of approved quality at 0.50% by weight of cement. The Cement concrete shall be laid along approved fixed side steel form work, laying of seperation membrane of 125 micron thick polythene film between concrete slab and sub base duly fixing the membrane using wedges & steel plates and leveling the form work, machine mixing, spreading the concrete, compacted with needle plate and screed board vibrators for fine finishing to even surface and making grooves of 6mm x 50mm by using concrete joint cutting machine for intial & final cuts for Transverse / Contraction,racking the joints, applying debonding strips and providing departmental premoulded filler mastic pads of 12.70mm thick for a depth of 137.50mm for expansion joints for every 31.50mts distance and rounding off edges for transverse / Cntraction & Expansion joints after filling the joints with bitumen sealent along with bitumen primer as approved by the site incharge and using air compressor before and laying membnrace and after laying concrete and curing for 14 days including cost of all material including jute ropes etc. cost of all incidental, hire and operational charges of al machinery, cost of fuel, heating charges and tools & plants, seigniorage charges, cost for form work, cost of water for curing and concrete laying etc., complete as directed by the Security room front side CC patch",
Supply of mastic pad 12 mm thick of approved quality including cost and conveyance of all labour and materials at site of work complete as directe by the Engineer - In - Charge. Security room front side CC patch,1m³
Apex Ultima Protec 20 ltr Fourty Six Thousand One Hundred Eighty Only.,
Apex Ultima Protec 20 ltr Sixteen Thousand Three Hundred Eighty Only.,
"2 drilling of borewell by down the hole hammer drilling finished of 165mm dia in all for material suitable for down the hole hammer drilling over bardon dia not less than 200mm etc.., including insertion of 180mm dia, pvc pipe of 6 kg/sq.cm with coupling,cap and any other relevant materials required upto a deapth as directed by the department and transportation of drilling rigs and supporting vehicle and including bore develop- ment flushing the borewell on required presence conducting yeild test the required/ V notch crew charges, cost of c consumable, transporation charges and other materials and all other charges required for fixation of pipe assemble complte all done to the satisfaction of the department and as stipulated in the technical condition but excluding the cost of causing pipe complete and cap, the untair work shoud be carried as for IS: B) from 90 mtrs to 150 mtrs depth",
"drilling of borewell by down the hole hammer drilling finished of 165mm dia in all for material suitable for down the hole hammer drilling over bardon dia not less than 200mm etc.., including insertion of 180mm dia, pvc pipe of 6 kg/sq.cm with coupling,cap and any other relevant materials required upto a deapth as directed by the department and transportation of drilling rigs and supporting vehicle and including bore develop- ment flushing the borewell on required presence conducting yeild test the required/ V notch crew charges, cost of c consumable, transporation charges and other materials and all other charges required for fixation of pipe assemble complte all done to the satisfaction of the department and as stipulated in the technical condition but excluding the cost of causing pipe complete and cap, the untair work shoud be carried as for IS: B) from 90 mtrs to 150 mtrs depth",
Supply&fixing following pvc casing pipe of kg/sq.cm of ISI make approved make individual cost and conveyance of all labour and materials at site of work complete as directed by the,
"supply of following materials of approved makes 1st quality ISI maked including cost and conveyance of all labour and materials at site of work complete as directed by the Engineer- A) supply and trasporatation of 3hp texmo/klb/cr1 submarable pump set 3hp horse power 30 stage,5 stal rate conformed to 8034 and motor conformed it IOS 9283 with motar proof pump",
Reinforced Brick masonry with second class bricks having a minimum crushing strength of 40Kg/sqcm as per IS-1077-1976 in CM 1:4 Prop.,
Cement plastering to walls in CM 1: 6 Prop (1cement: 6Sand) of 12mm,
vitrified tiles with double layer pigment of size 600 X 600 mm and thickness between 8-10 mm For flooring,
RCC (1:2:4)330 kgs of cement with minimum strengh of M20 using 20 mm grade hard granite machine crushed metal,
Brick masonry with second class brick having a minimum crushe strength of 40 Kg/Sqm thickness of wall in CM 1:8 icluding soaking of bricks,
"Providing coping with brick masonry on top of pillers and compound wall 1'3"" X 1'3"" in CM 1:6 Pro. (1Cement:6Sand) and plastering with CM 1:6 Prop. 12mm thick alround coping",
Plain cement concrete(1:1.5:3) with 40 mm metal B)For wall sides ends light point,
Supply of double charged/ multi charged statin full body porcelain vitrified tiles with double layer pigment of size 600 x 600 flooring.,
"Providing 1/2"" thick in plastering celling two coats in CM(1:5)",
Brick masonry with second class brick having a minimum crushe strength of 40 Kg/Sqm thickness of wall in CM 1:4 icluding soaking of bricks,
Brick masonry with second class brick having a minimum crushe strength of 40 Kg/Sqm thickness of wall in CM 1:4 icluding soaking of bricks RCC (1:2:4)330 kgs of cement with minimum strengh of M20 using 20 mm grade hard granite machine crushed metal,
Plain cement concrete(1:2:4) with 20 mm metal Supply & filling of sand in foundation and basement,
SUPPLYING AND LAYING non skid ceramic tiles of best quality having uniform colour of approved make and texture Ist class of size NOT LESS THAN 600X600 for FLOORING set in CM 1:8 Pro. (1cement:8sand),
Brick masonry with second class brick having a minimum crushe strength of 40 Kg/Sqm thickness of wall in CM 1:4 icluding soaking of bricks RCC 330 kgs of cement with minimum strengh of M20 using 20 mm grade hard granite machine crushed metal,
Plain cement concrete (1:5:10) proportion for column foundationof IS 383-1970 using 40mm,
"Cement plastering to basements in CM(1:5) prop.20 Including racking out the joints, neat finishing,",
"Impervious coat over roof 20mm thick in CM(1:3) including neat finishing, curing, seniorage,",
Making grooves Brick masonry CM 1:6 4 x 0.56 = 2.24 cum Plastering 20 mm 1:3 4 x 2.16 sqm = 8.64 Plastering 12 mm 1:3 4 x 1.97 sqm = 7.88 Benching 1:2:4 4 x 0.02 cum = 0.08 RCC cover 1:2:4 4 x 0.06 cum =0.24,
Brick masonry Brick masonry CM 1:6 2 x 0.56 = 1.12 cum Plastering 20 mm 1:3 2 x 2.16 sqm = 4.32 Plastering 12 mm 1:3 2 x 1.97 sqm = 3.94 Benching 1:2:4 2 x 0.02 cum = 0.04 RCC cover 1:2:4 2 x 0.06 cum =0.12,
SRI. P.V.RAMANAIAH : S = SUNDAY : SS = SECOND SATURDAY : L: LEAVE : H = PUBLIC HOLIDAY : OH = OPTIONAL HOLIDAY :,
SRI. B.V.SESHAIAH s = SICK : TR = TRAINING : SL = SPL. LEAVE : OH = OPTIONAL HOLIDAY :,
"2 Labour charges for removing of 40'0'' to 42'0'' height of tree 6'0'' to 8'0'' stem including of 2'0'' to 2'6'' stem and removing the tree roots by using electrical sawing maching, ropes are to br used for removing of tree branches and tree stems,cost of diese/petrol for cutting electrical sawing mechine, hire charges of ladder and ropes cost and conveyance of all labour and materials at site of work complete as directe by the Engineer - In - Charge. 60' x 40' shed area and sourrending area",
"Engaging of excavator(JCB) for earth work excavation/ removing of heaps/ debries and disposing the debries to far away from the site, including cost and conveyance of all labour and material, oil charges, transportation charges etc.., complete as directed by the 60' x 40' shed area and sourrending area",1m³
Transportation waste materials small trees pieces and mud materials from work spot to out side B/Depot lead 5.00 km including cost and conveyance of all labour and materials at site of work complete,1m³
"2 Labour charges for removing of 40'0'' to 42'0'' height of tree 6'0'' to 8'0'' stem including of 2'0'' to 2'6'' stem and removing the tree roots by using electrical sawing maching, ropes are to br used for removing of tree branches and tree stems,cost of diese/petrol for cutting electrical sawing mechine, hire charges of ladder and ropes cost and conveyance of all labour and materials at site of work complete as directe by the Engineer - In - Charge.",
"Labour charges for removing of 40'0'' to 42'0'' height of tree 6'0'' to 8'0'' stem including of 2'0'' to 2'6'' stem and removing the tree roots by using electrical sawing maching, ropes are to br used for removing of tree branches and tree stems,cost of diese/petrol for cutting electrical sawing mechine, hire charges of ladder and ropes cost and conveyance of all labour and materials at site of work complete as directe by the Engineer - In - Charge.",
"Labour charges for removing of 22'0'' to 26'0'' height of tree 2'0'' to 2'8'' stem including of 1'0'' to 1'6'' stem and removing the tree roots by using electrical sawing maching, ropes are to br used for removing of tree branches and tree stems,cost of diese/petrol for cutting electrical sawing mechine, hire charges of ladder and ropes cost and conveyance of all labour and materials at site of work complete as directe by the Engineer - In - Charge.",1m³
"2 Labour charges for removing of 22'0'' to 26'0'' height of tree 2'0'' to 2'8'' stem including of 1'0'' to 1'6'' stem and removing the tree roots by using electrical sawing maching, ropes are to br used for removing of tree branches and tree stems,cost of diese/petrol for cutting electrical sawing mechine, hire charges of ladder and ropes cost and conveyance of all labour and materials at site of work complete as directe by the Engineer - In - Charge.",
"Providing reinforecd cement concrete 1:2:4pro.(1cement:2sand :4metal) with a minimum strenght of M15 grade and crushing strenght of 150kg/sq.cm. with 20mm guage hard granite machin crushed metal including labour charge for machine mixing, centering, laying concrete,compacting,vibrating,rendering,fine finishing,curing confirming to IS 456-1978 including all inciden- denta,operational, scaffolding and cost and conveyance of all labour and material at site of work complete(excluding cost of stell,binding wire and its fabrication) with designed Tor steel reinforcement as dorected by the Engineer-in-charge. B) For square or rectangular columns upto a height of C) For main beams upto a height of 12'0"" above D) For roof slab upto a height of 12'0"" above basement E) chajjas(including providing 2 to 2 1/2"" thick drip",
"Providing Rc Paradas, Fins, Facia Walls in cm 1:3pro.(1cement: 3sand)2"" 2 1/2"" thick with 6mm dia. MS bars with rabbit wire mesh using 5.0 kg of steel per 1sqm. Including its fixing,center- ring,lift,scaffolding including sponge finishing neat rendering with cement mortar 1:3 pro (1cement:""3sand) to all exposed faces etc.all incidental and operational curing cost and convey- ance of all labour and materials at site of work complete as directed by Engineer-in-charge. (excluding cost of steel binding wire and its fabrication",
"Random rubble stone masonary of other than granite verity in C.M1:8 pro.(1cement:8sand)in foundation footings and basement including necessery dressing of stone,cost of curing, incidentel,and operational charges cost and conveyance of all labour and materials at site of work complete as directed by",
"Reinforced brick masonary with bricks having a minimum crushing strenght of 35kg/sq.cm.as per IS1077-1976 in CM 1:4 pro.(1cement:4sand)in superstructure for 4 1/2""thick walls with 6mm dia.M.S rounds at every third layer including soaking of bricks,curing and all incidental operational, scaffolding and lift charges, cost and conveyance of all labour and material at site of work complete as directed by the Engineer-in- charge (excluding cost if steel binding wire and its fabrication)",
"Plastering 3/4"" or 12mm thick in CM1:5 pro.(1cement:5sand) 5/8"" thick 1st coat and 2nd coat in CM1:3 pro.(1cement:3sand) 1/8"" thick with dubara sponge finishing including cleaning the surface cost of curing ,scaffoiding,lift,all incidenatal and operational charges cost and conveyance of all labour and material at site of work complete as dorected by the Engineer- A) Ground floor upto a height of 12'0"" above",
"Plastering to ceiling 1/2"" or 12mm thick in CM1:5 pro. (1cement: 5sand)3/8"" thick 1st coat and 2nd coat in C.M 1:3 pro.(1cement: 3sand)1/8"" thick with dubara sponge finishing including cleaning the surface cost of curing scaffolding, all incidental and operational charges cos t and conveyance of all labour and materials at site of work complete as directed by the Engineer- in-charge. Ground floor upto a height of 12'0""above basement",
"Providing Plastering to flooring in C.M1:3 pro. (1cement:3sand) 3/4"" or 20mm thick including fine finishing rendering smoothe- ning the surface with cement, curing, all incidental and opera- tional cost and conveyance of all labour and materials at site of work complete as directed by the Engineer-in-charge.",
"Impervious coat over building roof 20mm thick in C.M1:3 pro. (1cement:3sand) including cost of water proofing compound at 1kg. Per bag of cement laid when roof slab in green including fine finishing rendering smoothening the surface with cement, curing all incidental and operational curing scaffolding cost and conveyance of all labour and materials at site of work complete as directed by the Engineer-in-charge. (Upto a height of 15'0""above basement level)",
"Providing 9""x9"" wide 1/2"" thick skirting to ceiling with base coat in C.M 1:3 pro. (1cement:3sand)1/8"" thick with dubar sponge finishing including cleaning the surface all incidental operational curing scaffolding cost and conveyance of all labour and materials at site of work complete as directed by the",
Providing and fixing Ms fans and hooks clamp type of 12mm dia M.S bar bent to U shape with hooked ends in RCC slab during laying including painting the exposed portion of roof slab as per standard design including cost and conveyance of all labour and material at site of work complete as per the direction of,
Labour charges for fabrication and placing of reinforcement tor steel bars including cutting bending tying grills wit binding wire cost of binding wire trasportation of steel from place of supply work spot all incidental and operatioanl charges etc.coplete as directed by the Engineer-in-charge.,
"white washing two coats to walls and ceiling with freshli burnt and slacked shell lime OR janatha cem of approved quality including cost of Gum,Gunjee and water,labour charges for preparing and cleaning the surface and dirt with soap and brushes including putty cost,scaffolding, cost and conveyance of all labiour and material at site of work complete as directed",
"Labour charges for snowcem paintingtwo coats two walls in addition to primary coat total 3 coats including preparing and cleaning the surface and dirt with soap and brushes including putty cost of brushes,scaffolding, cost and conveyance of all labour and material at sit of work complete as directed by the",
"Supplying and fixing of precast Rom jally 1 1/2"" thick ventilators with necessary reinforcement and design, including cost of all incidentaland operational, lift charges cost and conveyance of all labour and material at site of work complete as directed by",
"providing and cement concrete 1:2:4 pro (1 cement : 2 sand : 4 metal) with a minimum strength of M15 grade and crushing strength of 150 kg/sqm with 20mm gauge hard granite mechine crushed metal for bed blocks including centering, mechine mixing, depositing in position , ramming finishing all incidental operational curing etc. cost and conveyance of all labour and material at site of work complete as directed by the engineer-",
"poiting to random rubble stone masonry in C.M 1:4 pro. (1 cem- ent : 4 sand) in basement including racking out the joints, cleaning the surface curing and operational charges cost and coveyance of all labour and material at site of work complete as directed by the engineer-in-charge.",
"Providing and laying 25mm thick double polished bethamcharla block stone of best quality having uniform color and texture 1st class laid in cm 1:6 prop (1cement:6sand)and pointed with cement slurry for seating platform with one side dressing including chiselling to required size, mixing and polishing the finished sureface all leads and lifts including all incidental operational and curing cost and conveyance of all labour and materials at sit of work complete",
"Making grooves in brick masonary of 12mmx12mm at the jenction of concrete and brick masonary including finishing curing etc.., cost and conveyance of all labour and materials at site of work complete as directed by the Engineer-in-charge",
"Supply and fixing of 150mmx750mm precast kerb stone with RCC 1:2:4 (1cement:2sand:4metal)using 40mm guage hard granite hand broken metal confirming to IS383-1970 and plas- tering with CM1:6 pro (1cement:6sand) 12mm thick including excavating the trench of size 1mx0.38mx0.15m and refilling the same ofter fixing the kerb stone,curing including all incide- tal,operational andb centering cost and conveyance of all and labour and materials at site of work complete (Excluding cost of steel,binding wire and it's fabrication) with designed tor steel reinforcement as per the as per the direction of the",
"Labour charges for painting to kerb stone two coats with ready mixingpaint of approved colour and quality includig preparing the surface , cost of brushes, cost and conveyance of labour and materials at site of work complete as directed by the Engineer-",
"Supply fabrication and fixing in position MS rolling shutters made out of 18 guage MS lathes perfectly hinged and inter locked for smoothe movement with necessary side guide rail brackets and shaft made out of M.S pipe as per IS 1161-1968 and loaded with best quality spring bearing and necessary locking arrangements bolts,pulling hooks nuts,washers complete conforming to IS 6248-1971 and one coat of red oxide paint cost and conveyance of all labour and materials at site of work com plet as directed by the Engineer-in-charge",
"Labour charges for painting to new iron work two coats incl- ding cos of brushes, scaffolding charges cost and conveyance of all labour and materials at site of work complete as directed by",
"spreading departmental gravel in layers not exceeding 225mm. thick and below loose compacted to 150mm. Thick and below sectioning each layer to proper profile, watering before and after laying gravel and consolidating each layer with 8 to 10 tonne capacity contractors power roller including all incidental and labour charges and all hire and operational charges roller and all water leads and lift charges etc., complete for finished item of work as directed by the Engineer-in-charge.",
"Supply and stacking sand for blindage brought from approved quarry including stacking to departmental guage for premesure ments, all incidental operational charges,cost and conveyance of all labour and materials at site of work coplete as directed by",
"supplying and stocking 65mm. Guage IRC hand broken hard granite metal brought from approved quarry including stacking to departmental guage for premesurements,all incidental operational charges, cost and conveyance of all labour and materials at site of work complete as dorected by the Engineer",
"supplying and stocking 40mm. Guage IRC hand broken hard granite metal brought from approved quarry including stacking to departmental guage for premesurements,all incidental operational charges, cost and conveyance of all labour and materials at site of work complete as dorected by the Engineer",
"spreading 65mm guage IRC hard granite hand broken metal 4"" or 100mm. Thick loose consolidated to 75mm. Thick including spreading gravel for blindage, watering with an initial lead of 2HM and rolling with power roller including sectioning the layer to proper profile, all incidental,labour, hire and operatio- nal charges of power roller (8 to 10t) barricading diversion of traffic and wetting the new consoildation for a fornight complete as directed by the Engineer-in-charge",
"spreading 40mm guage IRC hard granite hand broken metal 4"" or 100mm. Thick loose consolidated to 75mm. Thick including spreading gravel and sand for , watering with an initial lead of 2HM and rolling with power roller including sectioning the layer to proper profile, all incidental,labour, hire and operatio- nal charges of power roller (8 to 10t) barricading diversion of traffic and wetting the new consoildation for a fornight complete as directed by the Engineer-in-charge",
"providing and fixing 20 mm thick marble stone 1st quality polished slabs having uniform colour grains of section of size 5'-0""x2'-0"" as partitions for urinals in toilet block as per the details shown in drawing set in rich mix in C.M 1:1 pro.(1cement 1washed sand)and providing suitable MS angle bracket at the bottom cantilever support from BM wall and pointing junction of the slab witrh cement slurry including royalties and labour charges for dressing, cutting,polishing two faces nosing three sides edge place with oxalic acid,applying clear wax polish including all leads and lifts incidental operational ,mixing, grinding,cost of white cement, oxalic acid and cler wax polish curing including cost and conveyance of all labour and materials at site of work complete as directed by Engineer- in-charge",
"supply and fixing of doors of any size with MT wood frame of size 3""x4"" and shutter made out of single piece sandwiched panelled door shutter with 0.8mm thick fibre glass skin on either sides with insitu filled polyurethane foam of 35kg/cum. density provided with wooden inserts for fixing of hinges, tower bolts,door stopper, aldrops etc., with wood like appearance and permanent colouring with intergrated pigment and shutter having 10mm.wide style portion in 40mm. Thick and central panel portion in 50mm. Thick available in all standard sizes with three pairs of MS holdfats for fixing the wooden frame into the wall,three pairs of aluminium hinges for fixing the shutter to the frame,providing one coat of tar to the door frame on the wall side including cost and conveyance of all labour and materials at site of work complete as directed",
"labour charges for painting to new wood work in adition to primary coat total 3 coats including preparing and cleaning the surface and dirt cost of brushes, scafolding charges ,including putty cost, cost and conveyance of all labour and materials at site of work complete as directed by the Engineer- in-charge",
"Labour charges for fixing of departmental asbestos BIG SIX corrugated sheets for roofing with 8mm dia J boltes,nuts GI and 2 nos of bitumen washers for each bolt etc., including labour charges for FIXING,including cutting the corners as raquired cost and conveyance of all labour and material at site of work complete as directed by the Engineer-in-charge.",
"Supplying and fixing in position 60.30mm OD MS TUBULAR PIPES (medium weight) for purlins and rafters, with one coat of red oxide primer and two coats of aluminium paint including fabrication charges cost of fixtures and fitting scafolding,cost and conveyance of all labour and materials at site of work complete as directed by the Engineer-in-charge. Supplying and fixing in position 42.40mm OD MS TUBULAR PIPES (medium weight) for purlins and rafters, with one coat of red oxide primer and two coats of aluminium paint including fabrication charges cost of fixtures and fitting scafolding,cost and conveyance of all labour and materials at site of work complete as directed by the Engineer-in-charge.",
"Supplying and fixing in position 42.40mm OD MS TUBULAR PIPES (medium weight) for purlins and rafters, with one coat of red oxide primer and two coats of aluminium paint including fabrication charges cost of fixtures and fitting scafolding,cost and conveyance of all labour and materials at site of work complete as directed by the Engineer-in-charge.",
Suppying and fixing in 75mm dia. AC VENT PIPE including cost and conveyance of all labour and materials at site of work complete as directed by the Engineer-in-charge. Suppying and fixing in 62mm dia. AC SLOTTED vent COWL including cost and conveyance of all labour and materials at site of work complete as directed by the Engineer-in-charge.,
Suppying and fixing in 62mm dia. AC SLOTTED vent COWL including cost and conveyance of all labour and materials at site of work complete as directed by the Engineer-in-charge.,
"Suppying and fixing of 16mm dia. TOR STEEL RODS bent to U shape for STEPS of 3'3"" length (including embending) including fabrication cost and conveyance of all labour and materias at site work complete as directed by the Engineer-in-charge.",
"SUPPLYING,LAYING,JOINTING and TESTING 100mm dia.1st class SWG pipe with air tight cement joints in CM 1 1/2:1 pro.(1 1/2 cement:1 sand )including excavation of trenches in any soils except rock upto 5'0"" depth and refilling the trenches including watering,tamping,cost and coonveyance of all labour and materials at site of work complete as directed by the Engineer-",
Providing 4'-0'' dia leach pit for 6'-0'' ht using R.C.C pre casting of 4'-0'' dia 6 no's and providinr R.C.C precast covers 110 mm dia SWR vent pipe for 10'-0'' length including earth work excavation cost of trasportation of rings and cover to the site grouing the joints with cement mortar and fixing the sides of the pit with exavated soil cost of rop and othe materials and T & P required cost and conveyance of all labour and materials and all incidental operational hire charges like mixing cement mortar curing etc… complete as finished item of work.,
Test manual description for plastering 20mm thick CM 1:5 complete as directed,Sqm
